Workbook

Sheet KC
A1: BranchID | B1: BranchName | C1: BranchName- | D1: New Area | E1: Code | F1: New Area_Old | G1: BranchName_Old | H1: New Area_New | I1: BranchName_New | J1: Status | K1: Unit | M1: -10000 | N1: 0 | O1: 00.Not Ovd | P1: 00.Not OD | Q1: ARO
A2: 1001 | B2: BANJARMASIN | C2: BANJARMASIN | D2: 08. Kalselteng | E2: 2W | F2: 05. Kalimantan | G2: BANJARMASIN | H2: 05. Kalimantan | I2: BANJARMASIN | J2: BRANCH | K2: 1 | M2: 1 | N2: 30 | O2: 01.1-30 | P2: 01.1-30 | Q2: ARO
A3: 1002 | B3: MAKASAR | C3: MAKASAR | D3: 09. SulbagSel | E3: 2W | F3: 06. Sulawesi | G3: MAKASSAR | H3: 06. Sulawesi | I3: MAKASSAR | J3: BRANCH | K3: 1 | M3: 31 | N3: 60 | O3: 02.31-60 | P3: 02.31-60 | Q3: PSO
A4: 1003 | B4: BALIKPAPAN | C4: BALIKPAPAN | D4: 07. KalTimBar | E4: 2W | F4: 05. Kalimantan | G4: BALIKPAPAN | H4: 05. Kalimantan | I4: BALIKPAPAN | J4: BRANCH | K4: 1 | M4: 61 | N4: 90 | O4: 03.61-90 | P4: 03.61-90 | Q4: PSO
A5: 1004 | B5: SAMARINDA | C5: SAMARINDA | D5: 07. KalTimBar | E5: 2W | F5: 05. Kalimantan | G5: SAMARINDA | H5: 05. Kalimantan | I5: SAMARINDA | J5: BRANCH | K5: 1 | M5: 91 | N5: 120 | O5: 04.91-120 | P5: 04.91-120 | Q5: REMOFF
A6: 1005 | B6: BOGOR | C6: BOGOR | D6: 02. Jabotabek | E6: 2W | F6: 01. Jabodetabekser | G6: BOGOR | H6: 01. Jabodetabekser | I6: BOGOR | J6: BRANCH | K6: 1 | M6: 121 | N6: 150 | O6: 05.121-150 | P6: 05.121-150 | Q6: REMOFF
A7: 1006 | B7: BEKASI | C7: BEKASI | D7: 02. Jabotabek | E7: 2W | F7: 01. Jabodetabekser | G7: BEKASI | H7: 01. Jabodetabekser | I7: BEKASI | J7: BRANCH | K7: 1 | M7: 151 | N7: 180 | O7: 06.151-180 | P7: 06.151-180 | Q7: REMOFF
A8: 1007 | B8: KEDIRI | C8: KEDIRI | D8: 05. JatimSel | E8: 2W | F8: 04. Jawa Timur | G8: KEDIRI | H8: 04. Jawa Timur | I8: KEDIRI | J8: BRANCH | K8: 1 | M8: 181 | N8: 10000000 | O8: 07.>180 | P8: 07.>180 | Q8: PC
A9: 1008 | B9: KARAWANG | C9: KARAWANG | D9: 01. Jabar | E9: 2W | F9: 02. Jawa Barat | G9: KARAWANG | H9: 02. Jawa Barat | I9: KARAWANG | J9: BRANCH | K9: 1
A10: 1009 | B10: MADIUN | C10: MADIUN | D10: 06. JatimUt | E10: 2W | F10: 04. Jawa Timur | G10: KEDIRI | H10: 04. Jawa Timur | I10: KEDIRI | J10: DCSM MIX | K10: 1
A11: 1010 | B11: MEDAN | C11: MEDAN | D11: 13. SumbagUt | E11: 2W | F11: 08. Sumbaguteng | G11: MEDAN | H11: 08. Sumbaguteng | I11: MEDAN | J11: BRANCH | K11: 1
A12: 1011 | B12: KELAPA GADING | C12: KELAPA GADING | D12: 02. Jabotabek | E12: 2W | F12: 01. Jabodetabekser | G12: KELAPA GADING / SUNTER | H12: 01. Jabodetabekser | I12: SUNTER | J12: BRANCH | K12: 1
A13: 1012 | B13: BANDUNG | C13: BANDUNG | D13: 01. Jabar | E13: 2W | F13: 02. Jawa Barat | G13: BANDUNG | H13: 02. Jawa Barat | I13: BANDUNG | J13: BRANCH | K13: 1
A14: 1013 | B14: YOGYA | C14: YOGYA | D14: 03. JatengSel | E14: 2W | F14: 03. Jawa Tengah | G14: YOGYAKARTA | H14: 03. Jawa Tengah | I14: YOGYAKARTA | J14: BRANCH | K14: 1
A15: 1014 | B15: SOLO | C15: SOLO | D15: 03. JatengSel | E15: 2W | F15: 03. Jawa Tengah | G15: SOLO | H15: 03. Jawa Tengah | I15: SOLO | J15: BRANCH | K15: 1
A16: 1015 | B16: SEMARANG | C16: SEMARANG | D16: 04. Jatengut | E16: 2W | F16: 03. Jawa Tengah | G16: SEMARANG | H16: 03. Jawa Tengah | I16: SEMARANG | J16: BRANCH | K16: 1
A17: 1016 | B17: SURABAYA | C17: SURABAYA | D17: 06. JatimUt | E17: 2W | F17: 04. Jawa Timur | G17: SURABAYA | H17: 04. Jawa Timur | I17: SURABAYA | J17: BRANCH | K17: 1
A18: 1017 | B18: MALANG | C18: MALANG | D18: 05. JatimSel | E18: 2W | F18: 04. Jawa Timur | G18: MALANG | H18: 04. Jawa Timur | I18: MALANG | J18: BRANCH | K18: 1
A19: 1018 | B19: SIDOARJO | C19: SIDOARJO | D19: 06. JatimUt | E19: 2W | F19: 04. Jawa Timur | G19: SURABAYA | H19: 04. Jawa Timur | I19: SURABAYA | J19: DCSM MIX | K19: 1
A20: 1019 | B20: GRESIK | C20: GRESIK | D20: 06. JatimUt | E20: 2W | F20: 04. Jawa Timur | G20: GRESIK | H20: 04. Jawa Timur | I20: GRESIK | J20: BRANCH | K20: 1
... A84: 1082 | B84: UJUNG BATU | C84: PEKAN BARU | D84: 12. SumbagTeng | E84: 2W | F84: 08. Sumbaguteng | G84: PEKANBARU | H84: 08. Sumbaguteng | I84: PEKANBARU | J84: BRANCH | K84: 1
A85: 1083 | B85: LUBUK LINGGAU | C85: PALEMBANG | D85: 11. SumbagSel | E85: 2W | F85: 07. Sumbagsel | G85: BENGKULU | H85: 07. Sumbagsel | I85: PALEMBANG | J85: BRANCH | K85: 1 | L85: PALEMBANG 1-4
A86: 1086 | B86: MAKASSAR 2 | C86: MAKASAR | D86: 09. SulbagSel | E86: 2W | F86: 06. Sulawesi | G86: MAKASSAR | H86: 06. Sulawesi | I86: MAKASSAR | J86: BRANCH | K86: 1
A87: 1087 | B87: SAMPIT | C87: SAMPIT | D87: 08. Kalselteng | E87: 2W | F87: 05. Kalimantan | G87: SAMPIT | H87: 05. Kalimantan | I87: SAMPIT | J87: BRANCH | K87: 1
A88: 1088 | B88: BANDAR JAYA | C88: BANDAR JAYA | D88: 11. SumbagSel | E88: 2W | F88: 07. Sumbagsel | G88: BANDAR LAMPUNG | H88: 07. Sumbagsel | I88: BANDAR LAMPUNG | J88: DCSM MIX | K88: 1
A89: 1089 | B89: KUPANG | C89: KUPANG | D89: 14. IBT | E89: 2W | F89: 09. IBT | G89: KUPANG | H89: 09. IBT | I89: KUPANG | J89: BRANCH | K89: 1
A90: 1090 | B90: BUKITTINGGI | C90: PADANG | D90: 12. SumbagTeng | E90: 2W | F90: 08. Sumbaguteng | G90: PADANG | H90: 08. Sumbaguteng | I90: PEKANBARU | J90: BRANCH | K90: 1
A91: 1094 | B91: MEDAN 2 | C91: MEDAN | D91: 13. SumbagUt | E91: 2W | F91: 08. Sumbaguteng | G91: MEDAN | H91: 08. Sumbaguteng | I91: MEDAN | J91: BRANCH | K91: 1
A92: 1095 | B92: MEDAN 3 | C92: MEDAN | D92: 13. SumbagUt | E92: 2W | F92: 08. Sumbaguteng | G92: MEDAN | H92: 08. Sumbaguteng | I92: MEDAN | J92: BRANCH | K92: 1
A93: 1301 | B93: BANJARMASIN Syariah | C93: BANJARMASIN | D93: 08. Kalselteng | E93: 2W | F93: 05. Kalimantan | G93: BANJARMASIN | H93: 05. Kalimantan | I93: BANJARMASIN | J93: BRANCH | K93: 1
A94: 1302 | B94: MAKASAR Syariah | C94: MAKASAR | D94: 09. SulbagSel | E94: 2W | F94: 06. Sulawesi | G94: MAKASSAR | H94: 06. Sulawesi | I94: MAKASSAR | J94: BRANCH | K94: 1
A95: 1303 | B95: BALIKPAPAN Syariah | C95: BALIKPAPAN | D95: 07. KalTimBar | E95: 2W | F95: 05. Kalimantan | G95: BALIKPAPAN | H95: 05. Kalimantan | I95: BALIKPAPAN | J95: BRANCH | K95: 1
A96: 1304 | B96: SAMARINDA Syariah | C96: SAMARINDA | D96: 07. KalTimBar | E96: 2W | F96: 05. Kalimantan | G96: SAMARINDA | H96: 05. Kalimantan | I96: SAMARINDA | J96: BRANCH | K96: 1
A97: 1305 | B97: BOGOR Syariah | C97: BOGOR | D97: 02. Jabotabek | E97: 2W | F97: 01. Jabodetabekser | G97: BOGOR | H97: 01. Jabodetabekser | I97: BOGOR | J97: BRANCH | K97: 1
... A219: 1039 | B219: BAWEN | C219: SEMARANG | D219: 04. Jatengut | E219: 2W | F219: 03. Jawa Tengah | G219: SEMARANG | H219: 03. Jawa Tengah | I219: SEMARANG | J219: BRANCH | K219: 1
A220: 1801 | B220: OBM - SFI KANTOR PUSAT | C220: =B220 -> OBM - SFI KANTOR PUSAT | D220: 15. OBM | E220: OBM | F220: 10. OBM | G220: =C220 -> OBM - SFI KANTOR PUSAT | H220: 01. Jabodetabekser | I220: SUNTER | J220: HO | K220: 1
A221: 1802 | B221: OBM - DENPASAR | C221: =B221 -> OBM - DENPASAR | D221: 15. OBM | E221: OBM | F221: 10. OBM | G221: =C221 -> OBM - DENPASAR | H221: 09. IBT | I221: DENPASAR | J221: BRANCH | K221: 1
A222: 1803 | B222: OBM - MANADO | C222: =B222 -> OBM - MANADO | D222: 15. OBM | E222: OBM | F222: 10. OBM | G222: =C222 -> OBM - MANADO | H222: 06. Sulawesi | I222: MANADO | J222: BRANCH | K222: 1
A223: 1000 | B223: FATMAWATI - MBL | C223: FATMAWATI - MBL | D223: 02. Jakarta 2 | E223: 2W | F223: 01. Jabodetabekser | G223: DEWI SARTIKA | H223: 01. Jabodetabekser | I223: DEWI SARTIKA | J223: BRANCH | K223: 1
A224: 1804 | B224: OBM - BALIKPAPAN | C224: =B224 -> OBM - BALIKPAPAN | D224: 15. OBM | E224: OBM | F224: 10. OBM | G224: =C224 -> OBM - BALIKPAPAN | H224: 05. Kalimantan | I224: BALIKPAPAN | J224: BRANCH | K224: 1
A225: 1806 | B225: OBM - GORONTALO | C225: =B225 -> OBM - GORONTALO | D225: 15. OBM | E225: OBM | F225: 10. OBM | G225: =C225 -> OBM - GORONTALO | H225: 06. Sulawesi | I225: GORONTALO | J225: BRANCH | K225: 1
A226: 1805 | B226: OBM - TERNATE | C226: =B226 -> OBM - TERNATE | D226: 15. OBM | E226: OBM | F226: 10. OBM | G226: =C226 -> OBM - TERNATE | H226: 06. Sulawesi | I226: TERNATE | J226: BRANCH | K226: 1

Sheet CWO Bulan Lalu
A1: BranchID | B1: BranchName | C1: Transdate | D1: TglJatuhTempo | E1: TglPPD | F1: CustomerID | G1: ContractID | H1: NamaCustomer | I1: Alamat | J1: KodePos | K1: SubZipCode | L1: KodePos2 | M1: Kelurahan | N1: Kecamatan | O1: Kota | P1: KodeDCS | Q1: NamaDCS | R1: GroupID | S1: NamaCustomerGroup | T1: TlpRumah | U1: TlpKantor | V1: MobilePhone | W1: ObjectDesc | X1: BrandDesc | Y1: TypeDesc1 | Z1: TypeDesc2 | AA1: RangkaNumber | AB1: EngineNumber | AC1: PoliceNumber | AD1: OtsBalance | AE1: OtsPokok | AF1: NYD | AG1: AMOVD | AH1: Denda | AI1: Titipan | AJ1: Installment | AK1: DaysOD | AL1: JumlahAngsuranOD | AM1: SequenceID | AN1: CreditPeriod | AO1: OD1 | AP1: OD2 | AQ1: OD3 | AR1: CollectorID | AS1: CollectorNIK | AT1: PIC | AU1: CoordinatorID | AV1: CoordinatorNIK | AW1: Coordinator | AX1: CoordPost | AY1: HeadID | AZ1: HeadNIK | BA1: Head | BB1: HeadPost | BC1: CHID | BD1: CHNIK | BE1: CH | BF1: CHPost | BG1: Status | BH1: InstDue | BI1: InstDueRp | BJ1: TglTebus | BK1: TglTarik | BL1: TglProsesAsr | BM1: PrevPIC | BN1: EndDateProcess | BO1: Unit | BP1: RunningReportDate | BQ1: DailyCollectibility | BR1: OvdDaysHarian | BS1: TglJatuhTempoHarian | BT1: EAR | BU1: ARIN | BV1: FlowUp | BW1: PaidOff | BX1: RR | BY1: InstPaidReal | BZ1: InstPaid | CA1: InstPaidRealRp | CB1: InstPaidRp | CC1: TglTarikHarian | CD1: Ditarik | CE1: TglTebusHarian | CF1: Ditebus | CG1: TglInvHarian | CH1: ADP | CI1: TglProses AsrHarian | CJ1: ProsesAsrHarian | CK1: TglTerimaKlaim | CL1: KlaimAsr | CM1: Period | CN1: Product | CO1: Amount_CWO | CP1: Amount_WO | CQ1: Hari_WO | CR1: Tanggal_Sukses | CS1: Keterangan_Sukses | CT1: Success_Amt | CU1: BranchName- | CV1: New Area | CW1: reportDate | CX1: DataPeriod | CY1: MONTH | CZ1: Tgl WO-in | DA1: CWO Amt | DB1: Success CWO | DC1: Success CWO Amt | DD1: WO-In-Amt | DE1: Tgl Success | DF1: Potensi WO | DG1: Potensi WO-Amt | DH1: Portfolio | DI1: Area | DJ1: Cabang | DK1: Tanggal_Sukses-new | DL1: Keterangan_Sukses-new
A2: 1529 | B2: BALIKPAPAN | C2: 46142 | D2: 45988 | E2: 44953 | F2: 1529C20230100053 | G2: 1529230000019 | H2: PARIS | I2: JL. PADAT KARYA RT 003 RW 001 Kel.Sebidai Kec. Sesayap Kota Kab. Tana Tidung 77152 | J2: 77152 | L2: 77152 | M2: Sebidai | N2: Sesayap | O2: Kab. Tana Tidung | P2: 15290005 | Q2: Bulungan | T2: 5120**** | U2: 5120**** | V2: 08135******* | W2: MOBIL Baru | X2: SUZUKI | Y2: CARRY PU 1.5 | Z2: NEW CARRY PU FD AC PS | AA2: MHYHDC61TNJ264912 | AB2: K15BT1482440 | AC2: KU 8155 HB | AD2: 117531000 | AE2: 95237329 | AF2: 91413000 | AG2: 26118000 | AH2: 17903876 | AI2: 216000 | AJ2: 4353000 | AK2: 154 | AL2: 6 | AM2: 34 | AN2: 60 | AO2: 06.151-180 | AP2: 06.151-180 | AQ2: 03.RO | AR2: 160007 | AS2: 20251024356 | AT2: SUPRIYANTO | AU2: 1529ARC003 | AV2: 00000000000 | AW2: TIDAK ADA | AX2: RMC | AY2: 159154 | AZ2: 20250424231 | BA2: ALEX SANDRA | BB2: RMH | BC2: 1529CH003 | BD2: 20171100044 | BE2: TDK ADA | BF2: Coll-Head | BG2: PU-WC | BH2: 7 | BI2: 30471000 | BK2: 46139 | BN2: 46173 | BO2: 1 | BP2: 46149 | BQ2: Coll Harian | BR2: 161 | BS2: 45988 | BT2: 117531000 | BU2: 0 | BV2: 1 | BW2: 0 | BX2: 0 | BY2: 0 | BZ2: 0 | CA2: 0 | CB2: 0 | CD2: 0 | CF2: 0 | CH2: 0 | CJ2: 0 | CL2: 0 | CM2: 46149 | CN2: 4W | CO2: 95021329 | CP2: 0 | CQ2: 0 | CR2: 46139 | CS2: REPO SEBELUM WO | CT2: 95021329 | CU2: BALIKPAPAN - MBL | CV2: 09. Kalimantan | CW2: 46149 | CX2: Last Month | CY2: =MONTH(Table_ExternalData_14[[#This Row],[RunningReportDate]]) -> 5 | CZ2: =181-Table_ExternalData_14[[#This Row],[DaysOD]] -> 27 | DA2: =IF(Table_ExternalData_14[[#This Row],[Status]]="PU-WC",0,Table_ExternalData_14[[#This Row],[Amount_CWO]]/1000000) -> 0 | DB2: =IF(Table_ExternalData_14[[#This Row],[Status]]="PU-WC",0,IF(Table_ExternalData_14[[#This Row],[Keterangan_Sukses-new]]="RB",1,IF(Table_ExternalData_14[[#This Row],[Keterangan_Sukses-new]]="STAY",1,IF(Table_ExternalData_14[[#This Row],[Keterangan_Sukses-new]]="BTC",1,IF(ISERROR(FIND("SEBELUM",Table_ExternalData_14[[#This Row],[Keterangan_Sukses-new]],1)),0,1))))) -> 0 | DC2: =IF(Table_ExternalData_14[[#This Row],[Status]]="PU-WC",0,IF(Table_ExternalData_14[[#This Row],[Success CWO]]=1,Table_ExternalData_14[[#This Row],[CWO Amt]],0)) -> 0 | DD2: =IF(AND(Table_ExternalData_14[[#This Row],[Status]]="InsuranceClaim",Table_ExternalData_14[[#This Row],[TglTarik]]>0),0,IF(Table_ExternalData_14[[#This Row],[ContractID]]="1547220000067",0,IF(Table_ExternalData_14[[#This Row],[Status]]="PU-WC",0,IF(Table_ExternalData_14[[#This Row],[Tgl WO-in]]<= DAY(Table_ExternalData_14[[#This Row],[Period]]),Table_ExternalData_14[[#This Row],[Amount_WO]]/1000000,0)))) -> 0 | DE2: =DAY(Table_ExternalData_14[[#This Row],[Tanggal_Sukses-new]]) -> 27 | DF2: =IF(Table_ExternalData_14[[#This Row],[Status]]="PU-WC",0,IF(SUM(Table_ExternalData_14[[#This Row],[Success CWO]:[WO-In-Amt]])=0,1,0)) -> 0 | DG2: =IF(AND(Table_ExternalData_14[[#This Row],[Status]]="InsuranceClaim",Table_ExternalData_14[[#This Row],[TglTarik]]>0),0,IF(Table_ExternalData_14[[#This Row],[Status]]="PU-WC",0,IF(Table_ExternalData_14[[#This Row],[Potensi WO]]=1,Table_ExternalData_14[[#This Row],[CWO Amt]],0))) -> 0 | DH2: =VLOOKUP(Table_ExternalData_14[[#This Row],[BranchID]],KC!$A:$K,5,0) -> 4W | DI2: =VLOOKUP(Table_ExternalData_14[[#This Row],[BranchID]],KC!$A:$K,8,0) -> 05. Kalimantan | DJ2: =VLOOKUP(Table_ExternalData_14[[#This Row],[BranchID]],KC!$A:$K,9,0) -> BALIKPAPAN | DK2: =IF(Table_ExternalData_14[[#This Row],[Tanggal_Sukses]]=" ",Table_ExternalData_14[[#This Row],[Tanggal_Sukses]],VLOOKUP(Table_ExternalData_14[[#This Row],[ContractID]],Bantuan!$A:$C,2,0)) -> 46139 | DL2: =IF(Table_ExternalData_14[[#This Row],[Keterangan_Sukses]]=" ",Table_ExternalData_14[[#This Row],[Keterangan_Sukses]],VLOOKUP(Table_ExternalData_14[[#This Row],[ContractID]],Bantuan!$A:$C,3,0)) -> REPO SEBELUM WO
A3: 1529 | B3: BALIKPAPAN | C3: 46142 | D3: 45981 | E3: 45250 | F3: 1529C20231100053 | G3: 1529230000402 | H3: MUHAMMAD LUKMAN | I3: JL. SLAMET RIYADI RT 005 RW 003 Kel.TIDENG PALE Kec. SESAYAP Kota TANA TIDUNG 77152 | J3: 77152 | L3: 77152 | M3: TIDENG PALE | N3: SESAYAP | O3: TANA TIDUNG | P3: 15290005 | Q3: Bulungan | T3: 5011**** | U3: 5011**** | V3: 08235******* | W3: MOBIL Baru | X3: SUZUKI | Y3: CARRY PU 1.5 | Z3: NEW CARRY PU FD AC PS | AA3: MHYHDC61TPJ213438 | AB3: K15BT1498478 | AC3: KU 8218 HB | AD3: 172050000 | AE3: 1.2737553e+08 | AF3: 144150000 | AG3: 27900000 | AH3: 41593000 | AI3: 2040000 | AJ3: 4650000 | AK3: 161 | AL3: 6 | AM3: 24 | AN3: 60 | AO3: 06.151-180 | AP3: 06.151-180 | AQ3: 03.RO | AR3: 160007 | AS3: 20251024356 | AT3: SUPRIYANTO | AU3: 1529ARC003 | AV3: 00000000000 | AW3: TIDAK ADA | AX3: RMC | AY3: 159154 | AZ3: 20250424231 | BA3: ALEX SANDRA | BB3: RMH | BC3: 1529CH003 | BD3: 20171100044 | BE3: TDK ADA | BF3: Coll-Head | BG3: PU-WC | BH3: 7 | BI3: 32550000 | BK3: 46134 | BN3: 46173 | BO3: 1 | BP3: 46149 | BQ3: Coll Harian | BR3: 168 | BS3: 45981 | BT3: 172050000 | BU3: 0 | BV3: 1 | BW3: 0 | BX3: 0 | BY3: 0 | BZ3: 0 | CA3: 0 | CB3: 0 | CD3: 0 | CF3: 0 | CH3: 0 | CJ3: 0 | CL3: 0 | CM3: 46149 | CN3: 4W | CO3: 1.2533553e+08 | CP3: 0 | CQ3: 0 | CR3: 46134 | CS3: REPO SEBELUM WO | CT3: 1.2533553e+08 | CU3: BALIKPAPAN - MBL | CV3: 09. Kalimantan | CW3: 46149 | CX3: Last Month | CY3: =MONTH(Table_ExternalData_14[[#This Row],[RunningReportDate]]) -> 5 | CZ3: =181-Table_ExternalData_14[[#This Row],[DaysOD]] -> 20 | DA3: =IF(Table_ExternalData_14[[#This Row],[Status]]="PU-WC",0,Table_ExternalData_14[[#This Row],[Amount_CWO]]/1000000) -> 0 | DB3: =IF(Table_ExternalData_14[[#This Row],[Status]]="PU-WC",0,IF(Table_ExternalData_14[[#This Row],[Keterangan_Sukses-new]]="RB",1,IF(Table_ExternalData_14[[#This Row],[Keterangan_Sukses-new]]="STAY",1,IF(Table_ExternalData_14[[#This Row],[Keterangan_Sukses-new]]="BTC",1,IF(ISERROR(FIND("SEBELUM",Table_ExternalData_14[[#This Row],[Keterangan_Sukses-new]],1)),0,1))))) -> 0 | DC3: =IF(Table_ExternalData_14[[#This Row],[Status]]="PU-WC",0,IF(Table_ExternalData_14[[#This Row],[Success CWO]]=1,Table_ExternalData_14[[#This Row],[CWO Amt]],0)) -> 0 | DD3: =IF(AND(Table_ExternalData_14[[#This Row],[Status]]="InsuranceClaim",Table_ExternalData_14[[#This Row],[TglTarik]]>0),0,IF(Table_ExternalData_14[[#This Row],[ContractID]]="1547220000067",0,IF(Table_ExternalData_14[[#This Row],[Status]]="PU-WC",0,IF(Table_ExternalData_14[[#This Row],[Tgl WO-in]]<= DAY(Table_ExternalData_14[[#This Row],[Period]]),Table_ExternalData_14[[#This Row],[Amount_WO]]/1000000,0)))) -> 0 | DE3: =DAY(Table_ExternalData_14[[#This Row],[Tanggal_Sukses-new]]) -> 22 | DF3: =IF(Table_ExternalData_14[[#This Row],[Status]]="PU-WC",0,IF(SUM(Table_ExternalData_14[[#This Row],[Success CWO]:[WO-In-Amt]])=0,1,0)) -> 0 | DG3: =IF(AND(Table_ExternalData_14[[#This Row],[Status]]="InsuranceClaim",Table_ExternalData_14[[#This Row],[TglTarik]]>0),0,IF(Table_ExternalData_14[[#This Row],[Status]]="PU-WC",0,IF(Table_ExternalData_14[[#This Row],[Potensi WO]]=1,Table_ExternalData_14[[#This Row],[CWO Amt]],0))) -> 0 | DH3: =VLOOKUP(Table_ExternalData_14[[#This Row],[BranchID]],KC!$A:$K,5,0) -> 4W | DI3: =VLOOKUP(Table_ExternalData_14[[#This Row],[BranchID]],KC!$A:$K,8,0) -> 05. Kalimantan | DJ3: =VLOOKUP(Table_ExternalData_14[[#This Row],[BranchID]],KC!$A:$K,9,0) -> BALIKPAPAN | DK3: =IF(Table_ExternalData_14[[#This Row],[Tanggal_Sukses]]=" ",Table_ExternalData_14[[#This Row],[Tanggal_Sukses]],VLOOKUP(Table_ExternalData_14[[#This Row],[ContractID]],Bantuan!$A:$C,2,0)) -> 46134 | DL3: =IF(Table_ExternalData_14[[#This Row],[Keterangan_Sukses]]=" ",Table_ExternalData_14[[#This Row],[Keterangan_Sukses]],VLOOKUP(Table_ExternalData_14[[#This Row],[ContractID]],Bantuan!$A:$C,3,0)) -> REPO SEBELUM WO
A4: 1529 | B4: BALIKPAPAN | C4: 46142 | D4: 45966 | E4: 45808 | F4: 1529C20250500042 | G4: 1529250000108 | H4: SYAHRIL HADI SAPUTRA | I4: SEBAKUNG RT 001 RW 000 Kel.SEBAKUNG Kec. LONG KALI Kota PASER 76283 | J4: 76283 | L4: 76283 | M4: SEBAKUNG | N4: LONG KALI | O4: PASER | P4: 15290001 | Q4: Balikpapan | T4: 8777**** | U4: 8777**** | V4: 08538******* | W4: MOBIL Baru | X4: SUZUKI | Y4: CARRY PU 1.5 | Z4: NEW CARRY PU FD | AA4: MHYHDC61TRJ271397 | AB4: K15BT1653631 | AC4: KT 8019 ET | AD4: 209484000 | AE4: 1.5003221e+08 | AF4: 180918000 | AG4: 28566000 | AH4: 15230420 | AI4: 0 | AJ4: 4761000 | AK4: 176 | AL4: 6 | AM4: 5 | AN4: 48 | AO4: 06.151-180 | AP4: 06.151-180 | AQ4: 03.RO | AR4: 148436 | AS4: 20060802192 | AT4: JONI SUSONO | AU4: 1529ARC003 | AV4: 00000000000 | AW4: TIDAK ADA | AX4: RMC | AY4: 159772 | AZ4: 20080905969 | BA4: EDI JUNIANTO | BB4: RMH | BC4: 1529CH003 | BD4: 20171100044 | BE4: TDK ADA | BF4: Coll-Head | BG4: Collectible | BH4: 7 | BI4: 33327000 | BN4: 46173 | BO4: 1 | BP4: 46149 | BQ4: Coll Harian | BR4: 183 | BS4: 45966 | BT4: 209484000 | BU4: 0 | BV4: 1 | BW4: 0 | BX4: 0 | BY4: 0 | BZ4: 0 | CA4: 0 | CB4: 0 | CD4: 0 | CF4: 0 | CH4: 0 | CJ4: 0 | CL4: 0 | CM4: 46149 | CN4: 4W | CO4: 1.5003221e+08 | CP4: 1.5003221e+08 | CQ4: 5 | CT4: 0 | CU4: BALIKPAPAN - MBL | CV4: 09. Kalimantan | CW4: 46149 | CX4: Last Month | CY4: =MONTH(Table_ExternalData_14[[#This Row],[RunningReportDate]]) -> 5 | CZ4: =181-Table_ExternalData_14[[#This Row],[DaysOD]] -> 5 | DA4: =IF(Table_ExternalData_14[[#This Row],[Status]]="PU-WC",0,Table_ExternalData_14[[#This Row],[Amount_CWO]]/1000000) -> 150.03221 | DB4: =IF(Table_ExternalData_14[[#This Row],[Status]]="PU-WC",0,IF(Table_ExternalData_14[[#This Row],[Keterangan_Sukses-new]]="RB",1,IF(Table_ExternalData_14[[#This Row],[Keterangan_Sukses-new]]="STAY",1,IF(Table_ExternalData_14[[#This Row],[Keterangan_Sukses-new]]="BTC",1,IF(ISERROR(FIND("SEBELUM",Table_ExternalData_14[[#This Row],[Keterangan_Sukses-new]],1)),0,1))))) -> 0 | DC4: =IF(Table_ExternalData_14[[#This Row],[Status]]="PU-WC",0,IF(Table_ExternalData_14[[#This Row],[Success CWO]]=1,Table_ExternalData_14[[#This Row],[CWO Amt]],0)) -> 0 | DD4: =IF(AND(Table_ExternalData_14[[#This Row],[Status]]="InsuranceClaim",Table_ExternalData_14[[#This Row],[TglTarik]]>0),0,IF(Table_ExternalData_14[[#This Row],[ContractID]]="1547220000067",0,IF(Table_ExternalData_14[[#This Row],[Status]]="PU-WC",0,IF(Table_ExternalData_14[[#This Row],[Tgl WO-in]]<= DAY(Table_ExternalData_14[[#This Row],[Period]]),Table_ExternalData_14[[#This Row],[Amount_WO]]/1000000,0)))) -> 150.03221 | DE4: =DAY(Table_ExternalData_14[[#This Row],[Tanggal_Sukses-new]]) -> 0 | DF4: =IF(Table_ExternalData_14[[#This Row],[Status]]="PU-WC",0,IF(SUM(Table_ExternalData_14[[#This Row],[Success CWO]:[WO-In-Amt]])=0,1,0)) -> 0 | DG4: =IF(AND(Table_ExternalData_14[[#This Row],[Status]]="InsuranceClaim",Table_ExternalData_14[[#This Row],[TglTarik]]>0),0,IF(Table_ExternalData_14[[#This Row],[Status]]="PU-WC",0,IF(Table_ExternalData_14[[#This Row],[Potensi WO]]=1,Table_ExternalData_14[[#This Row],[CWO Amt]],0))) -> 0 | DH4: =VLOOKUP(Table_ExternalData_14[[#This Row],[BranchID]],KC!$A:$K,5,0) -> 4W | DI4: =VLOOKUP(Table_ExternalData_14[[#This Row],[BranchID]],KC!$A:$K,8,0) -> 05. Kalimantan | DJ4: =VLOOKUP(Table_ExternalData_14[[#This Row],[BranchID]],KC!$A:$K,9,0) -> BALIKPAPAN | DK4: =IF(Table_ExternalData_14[[#This Row],[Tanggal_Sukses]]=" ",Table_ExternalData_14[[#This Row],[Tanggal_Sukses]],VLOOKUP(Table_ExternalData_14[[#This Row],[ContractID]],Bantuan!$A:$C,2,0)) -> 0 | DL4: =IF(Table_ExternalData_14[[#This Row],[Keterangan_Sukses]]=" ",Table_ExternalData_14[[#This Row],[Keterangan_Sukses]],VLOOKUP(Table_ExternalData_14[[#This Row],[ContractID]],Bantuan!$A:$C,3,0)) -> 0
A5: 1531 | B5: KUPANG | C5: 46142 | D5: 45980 | E5: 44400 | F5: 1531C20200600135 | G5: 1531210000162 | H5: VICTOR IMANUEL LAY | I5: LELOGAMA RT 009 RW 005 Kel.LELOGAMA Kec. AMFOANG SELATAN Kota KUPANG 85364 | J5: 85364 | L5: 85364 | M5: LELOGAMA | N5: AMFOANG SELATAN | O5: KUPANG | P5: 15310000 | Q5: Kupang | T5: 0 | U5: 0 | V5: 08133******* | W5: MOBIL Baru | X5: SUZUKI | Y5: CARRY PU 1.5 | Z5: NEW CARRY PU FD | AA5: MHYHDC61TMJ229294 | AB5: K15BT1273332 | AC5: DH 8945 BF | AD5: 4557000 | AE5: 4496825.7 | AF5: 0 | AG5: 4557000 | AH5: 39806355 | AI5: 49607.5 | AJ5: 4557000 | AK5: 162 | AL5: 1 | AM5: 51 | AN5: 51 | AO5: 06.151-180 | AP5: 06.151-180 | AQ5: 03.RO | AR5: 1531REM59 | AS5: 20230923758 | AT5: NOVENTIO CORNEL LUDJI | AU5: 1531ARC01 | AV5: 00000000000 | AW5: TIDAK ADA | AX5: RMC | AY5: 1531ARHEAD | AZ5: 20111111728 | BA5: DONALD E DALLY | BB5: RMH | BC5: 1531CH01 | BD5: 00000000000 | BE5: TIDAK ADA | BF5: Coll-Head | BG5: Collectible | BH5: 1 | BI5: 4557000 | BN5: 46173 | BO5: 1 | BP5: 46149 | BQ5: Coll Harian | BR5: 169 | BS5: 45980 | BT5: 4557000 | BU5: 0 | BV5: 1 | BW5: 0 | BX5: 0 | BY5: 0 | BZ5: 0 | CA5: 0 | CB5: 0 | CD5: 0 | CF5: 0 | CH5: 0 | CJ5: 0 | CL5: 0 | CM5: 46149 | CN5: 4W | CO5: 4447218.2 | CP5: 4447218.2 | CQ5: 19 | CT5: 0 | CU5: KUPANG - MBL | CV5: 11. Bali & Nusa Tenggara | CW5: 46149 | CX5: Last Month | CY5: =MONTH(Table_ExternalData_14[[#This Row],[RunningReportDate]]) -> 5 | CZ5: =181-Table_ExternalData_14[[#This Row],[DaysOD]] -> 19 | DA5: =IF(Table_ExternalData_14[[#This Row],[Status]]="PU-WC",0,Table_ExternalData_14[[#This Row],[Amount_CWO]]/1000000) -> 4.4472182 | DB5: =IF(Table_ExternalData_14[[#This Row],[Status]]="PU-WC",0,IF(Table_ExternalData_14[[#This Row],[Keterangan_Sukses-new]]="RB",1,IF(Table_ExternalData_14[[#This Row],[Keterangan_Sukses-new]]="STAY",1,IF(Table_ExternalData_14[[#This Row],[Keterangan_Sukses-new]]="BTC",1,IF(ISERROR(FIND("SEBELUM",Table_ExternalData_14[[#This Row],[Keterangan_Sukses-new]],1)),0,1))))) -> 0 | DC5: =IF(Table_ExternalData_14[[#This Row],[Status]]="PU-WC",0,IF(Table_ExternalData_14[[#This Row],[Success CWO]]=1,Table_ExternalData_14[[#This Row],[CWO Amt]],0)) -> 0 | DD5: =IF(AND(Table_ExternalData_14[[#This Row],[Status]]="InsuranceClaim",Table_ExternalData_14[[#This Row],[TglTarik]]>0),0,IF(Table_ExternalData_14[[#This Row],[ContractID]]="1547220000067",0,IF(Table_ExternalData_14[[#This Row],[Status]]="PU-WC",0,IF(Table_ExternalData_14[[#This Row],[Tgl WO-in]]<= DAY(Table_ExternalData_14[[#This Row],[Period]]),Table_ExternalData_14[[#This Row],[Amount_WO]]/1000000,0)))) -> 0 | DE5: =DAY(Table_ExternalData_14[[#This Row],[Tanggal_Sukses-new]]) -> 0 | DF5: =IF(Table_ExternalData_14[[#This Row],[Status]]="PU-WC",0,IF(SUM(Table_ExternalData_14[[#This Row],[Success CWO]:[WO-In-Amt]])=0,1,0)) -> 1 | DG5: =IF(AND(Table_ExternalData_14[[#This Row],[Status]]="InsuranceClaim",Table_ExternalData_14[[#This Row],[TglTarik]]>0),0,IF(Table_ExternalData_14[[#This Row],[Status]]="PU-WC",0,IF(Table_ExternalData_14[[#This Row],[Potensi WO]]=1,Table_ExternalData_14[[#This Row],[CWO Amt]],0))) -> 4.4472182 | DH5: =VLOOKUP(Table_ExternalData_14[[#This Row],[BranchID]],KC!$A:$K,5,0) -> 4W | DI5: =VLOOKUP(Table_ExternalData_14[[#This Row],[BranchID]],KC!$A:$K,8,0) -> 09. IBT | DJ5: =VLOOKUP(Table_ExternalData_14[[#This Row],[BranchID]],KC!$A:$K,9,0) -> KUPANG | DK5: =IF(Table_ExternalData_14[[#This Row],[Tanggal_Sukses]]=" ",Table_ExternalData_14[[#This Row],[Tanggal_Sukses]],VLOOKUP(Table_ExternalData_14[[#This Row],[ContractID]],Bantuan!$A:$C,2,0)) -> 0 | DL5: =IF(Table_ExternalData_14[[#This Row],[Keterangan_Sukses]]=" ",Table_ExternalData_14[[#This Row],[Keterangan_Sukses]],VLOOKUP(Table_ExternalData_14[[#This Row],[ContractID]],Bantuan!$A:$C,3,0)) -> 0
A6: 1531 | B6: KUPANG | C6: 46142 | D6: 45962 | E6: 44592 | F6: 1531C20220100075 | G6: 1531220000015 | H6: SOFYAN | I6: JLN TURIN RT 012 RW 004 Kel.OETETE Kec. OEBOBO Kota KUPANG 85112 | J6: 85112 | L6: 85112 | M6: OETETE | N6: OEBOBO | O6: KUPANG | P6: 15310002 | Q6: Kefamenanu | T6: 00* | U6: 00* | V6: 08123******* | W6: MOBIL Baru | X6: SUZUKI | Y6: CARRY PU 1.5 | Z6: NEW CARRY PU FD | AA6: MHYHDC61TMJ260807 | AB6: K15BT1349453 | AC6: DH 8216 AP | AD6: 61376000 | AE6: 54467950 | AF6: 38360000 | AG6: 23016000 | AH6: 46077620 | AI6: 0 | AJ6: 3836000 | AK6: 180 | AL6: 6 | AM6: 45 | AN6: 60 | AO6: 06.151-180 | AP6: 06.151-180 | AQ6: 03.RO | AR6: 1531REM59 | AS6: 20230923758 | AT6: NOVENTIO CORNEL LUDJI | AU6: 1531ARC01 | AV6: 00000000000 | AW6: TIDAK ADA | AX6: RMC | AY6: 1531ARHEAD | AZ6: 20111111728 | BA6: DONALD E DALLY | BB6: RMH | BC6: 1531CH01 | BD6: 00000000000 | BE6: TIDAK ADA | BF6: Coll-Head | BG6: Collectible | BH6: 7 | BI6: 26852000 | BN6: 46173 | BO6: 1 | BP6: 46149 | BQ6: Coll Harian | BR6: 187 | BS6: 45962 | BT6: 61376000 | BU6: 0 | BV6: 1 | BW6: 0 | BX6: 0 | BY6: 0 | BZ6: 0 | CA6: 0 | CB6: 0 | CD6: 0 | CF6: 0 | CH6: 0 | CJ6: 0 | CL6: 0 | CM6: 46149 | CN6: 4W | CO6: 54467950 | CP6: 54467950 | CQ6: 1 | CT6: 0 | CU6: KUPANG - MBL | CV6: 11. Bali & Nusa Tenggara | CW6: 46149 | CX6: Last Month | CY6: =MONTH(Table_ExternalData_14[[#This Row],[RunningReportDate]]) -> 5 | CZ6: =181-Table_ExternalData_14[[#This Row],[DaysOD]] -> 1 | DA6: =IF(Table_ExternalData_14[[#This Row],[Status]]="PU-WC",0,Table_ExternalData_14[[#This Row],[Amount_CWO]]/1000000) -> 54.46795 | DB6: =IF(Table_ExternalData_14[[#This Row],[Status]]="PU-WC",0,IF(Table_ExternalData_14[[#This Row],[Keterangan_Sukses-new]]="RB",1,IF(Table_ExternalData_14[[#This Row],[Keterangan_Sukses-new]]="STAY",1,IF(Table_ExternalData_14[[#This Row],[Keterangan_Sukses-new]]="BTC",1,IF(ISERROR(FIND("SEBELUM",Table_ExternalData_14[[#This Row],[Keterangan_Sukses-new]],1)),0,1))))) -> 0 | DC6: =IF(Table_ExternalData_14[[#This Row],[Status]]="PU-WC",0,IF(Table_ExternalData_14[[#This Row],[Success CWO]]=1,Table_ExternalData_14[[#This Row],[CWO Amt]],0)) -> 0 | DD6: =IF(AND(Table_ExternalData_14[[#This Row],[Status]]="InsuranceClaim",Table_ExternalData_14[[#This Row],[TglTarik]]>0),0,IF(Table_ExternalData_14[[#This Row],[ContractID]]="1547220000067",0,IF(Table_ExternalData_14[[#This Row],[Status]]="PU-WC",0,IF(Table_ExternalData_14[[#This Row],[Tgl WO-in]]<= DAY(Table_ExternalData_14[[#This Row],[Period]]),Table_ExternalData_14[[#This Row],[Amount_WO]]/1000000,0)))) -> 54.46795 | DE6: =DAY(Table_ExternalData_14[[#This Row],[Tanggal_Sukses-new]]) -> 0 | DF6: =IF(Table_ExternalData_14[[#This Row],[Status]]="PU-WC",0,IF(SUM(Table_ExternalData_14[[#This Row],[Success CWO]:[WO-In-Amt]])=0,1,0)) -> 0 | DG6: =IF(AND(Table_ExternalData_14[[#This Row],[Status]]="InsuranceClaim",Table_ExternalData_14[[#This Row],[TglTarik]]>0),0,IF(Table_ExternalData_14[[#This Row],[Status]]="PU-WC",0,IF(Table_ExternalData_14[[#This Row],[Potensi WO]]=1,Table_ExternalData_14[[#This Row],[CWO Amt]],0))) -> 0 | DH6: =VLOOKUP(Table_ExternalData_14[[#This Row],[BranchID]],KC!$A:$K,5,0) -> 4W | DI6: =VLOOKUP(Table_ExternalData_14[[#This Row],[BranchID]],KC!$A:$K,8,0) -> 09. IBT | DJ6: =VLOOKUP(Table_ExternalData_14[[#This Row],[BranchID]],KC!$A:$K,9,0) -> KUPANG | DK6: =IF(Table_ExternalData_14[[#This Row],[Tanggal_Sukses]]=" ",Table_ExternalData_14[[#This Row],[Tanggal_Sukses]],VLOOKUP(Table_ExternalData_14[[#This Row],[ContractID]],Bantuan!$A:$C,2,0)) -> 0 | DL6: =IF(Table_ExternalData_14[[#This Row],[Keterangan_Sukses]]=" ",Table_ExternalData_14[[#This Row],[Keterangan_Sukses]],VLOOKUP(Table_ExternalData_14[[#This Row],[ContractID]],Bantuan!$A:$C,3,0)) -> 0
A7: 1531 | B7: KUPANG | C7: 46142 | D7: 45964 | E7: 44599 | F7: 1531C20220100144 | G7: 1531220000025 | H7: DANIEL BERE TEMU | I7: SUKABI WEDIK RT 001 RW 001 Kel.KAMANASA Kec. MALAKA TENGAH Kota MALAKA 85762 | J7: 85762 | L7: 85762 | M7: KAMANASA | N7: MALAKA TENGAH | O7: MALAKA | P7: 15310101 | Q7: Ende | T7: 00* | U7: 00* | V7: 08133******* | W7: MOBIL Baru | X7: SUZUKI | Y7: CARRY PU 1.5 | Z7: NEW CARRY PU FD | AA7: MHYHDC61TMJ260447 | AB7: K15BT1349202 | AC7: DH8834JB | AD7: 17520000 | AE7: 16911767 | AF7: 0 | AG7: 17520000 | AH7: 42298700 | AI7: 0 | AJ7: 4380000 | AK7: 178 | AL7: 4 | AM7: 45 | AN7: 48 | AO7: 06.151-180 | AP7: 06.151-180 | AQ7: 03.RO | AR7: 156396 | AS7: 20240423974 | AT7: ERIK YOHANES F NAISALI | AU7: 1531ARC01 | AV7: 00000000000 | AW7: TIDAK ADA | AX7: RMC | AY7: 1531ARHEAD | AZ7: 20111111728 | BA7: DONALD E DALLY | BB7: RMH | BC7: 1531CH01 | BD7: 00000000000 | BE7: TIDAK ADA | BF7: Coll-Head | BG7: Collectible | BH7: 4 | BI7: 17520000 | BN7: 46173 | BO7: 1 | BP7: 46149 | BQ7: Coll Harian | BR7: 185 | BS7: 45964 | BT7: 17520000 | BU7: 0 | BV7: 1 | BW7: 0 | BX7: 0 | BY7: 0 | BZ7: 0 | CA7: 0 | CB7: 0 | CD7: 0 | CF7: 0 | CH7: 0 | CJ7: 0 | CL7: 0 | CM7: 46149 | CN7: 4W | CO7: 16911767 | CP7: 16911767 | CQ7: 3 | CT7: 0 | CU7: KUPANG - MBL | CV7: 11. Bali & Nusa Tenggara | CW7: 46149 | CX7: Last Month | CY7: =MONTH(Table_ExternalData_14[[#This Row],[RunningReportDate]]) -> 5 | CZ7: =181-Table_ExternalData_14[[#This Row],[DaysOD]] -> 3 | DA7: =IF(Table_ExternalData_14[[#This Row],[Status]]="PU-WC",0,Table_ExternalData_14[[#This Row],[Amount_CWO]]/1000000) -> 16.911767 | DB7: =IF(Table_ExternalData_14[[#This Row],[Status]]="PU-WC",0,IF(Table_ExternalData_14[[#This Row],[Keterangan_Sukses-new]]="RB",1,IF(Table_ExternalData_14[[#This Row],[Keterangan_Sukses-new]]="STAY",1,IF(Table_ExternalData_14[[#This Row],[Keterangan_Sukses-new]]="BTC",1,IF(ISERROR(FIND("SEBELUM",Table_ExternalData_14[[#This Row],[Keterangan_Sukses-new]],1)),0,1))))) -> 0 | DC7: =IF(Table_ExternalData_14[[#This Row],[Status]]="PU-WC",0,IF(Table_ExternalData_14[[#This Row],[Success CWO]]=1,Table_ExternalData_14[[#This Row],[CWO Amt]],0)) -> 0 | DD7: =IF(AND(Table_ExternalData_14[[#This Row],[Status]]="InsuranceClaim",Table_ExternalData_14[[#This Row],[TglTarik]]>0),0,IF(Table_ExternalData_14[[#This Row],[ContractID]]="1547220000067",0,IF(Table_ExternalData_14[[#This Row],[Status]]="PU-WC",0,IF(Table_ExternalData_14[[#This Row],[Tgl WO-in]]<= DAY(Table_ExternalData_14[[#This Row],[Period]]),Table_ExternalData_14[[#This Row],[Amount_WO]]/1000000,0)))) -> 16.911767 | DE7: =DAY(Table_ExternalData_14[[#This Row],[Tanggal_Sukses-new]]) -> 0 | DF7: =IF(Table_ExternalData_14[[#This Row],[Status]]="PU-WC",0,IF(SUM(Table_ExternalData_14[[#This Row],[Success CWO]:[WO-In-Amt]])=0,1,0)) -> 0 | DG7: =IF(AND(Table_ExternalData_14[[#This Row],[Status]]="InsuranceClaim",Table_ExternalData_14[[#This Row],[TglTarik]]>0),0,IF(Table_ExternalData_14[[#This Row],[Status]]="PU-WC",0,IF(Table_ExternalData_14[[#This Row],[Potensi WO]]=1,Table_ExternalData_14[[#This Row],[CWO Amt]],0))) -> 0 | DH7: =VLOOKUP(Table_ExternalData_14[[#This Row],[BranchID]],KC!$A:$K,5,0) -> 4W | DI7: =VLOOKUP(Table_ExternalData_14[[#This Row],[BranchID]],KC!$A:$K,8,0) -> 09. IBT | DJ7: =VLOOKUP(Table_ExternalData_14[[#This Row],[BranchID]],KC!$A:$K,9,0) -> KUPANG | DK7: =IF(Table_ExternalData_14[[#This Row],[Tanggal_Sukses]]=" ",Table_ExternalData_14[[#This Row],[Tanggal_Sukses]],VLOOKUP(Table_ExternalData_14[[#This Row],[ContractID]],Bantuan!$A:$C,2,0)) -> 0 | DL7: =IF(Table_ExternalData_14[[#This Row],[Keterangan_Sukses]]=" ",Table_ExternalData_14[[#This Row],[Keterangan_Sukses]],VLOOKUP(Table_ExternalData_14[[#This Row],[ContractID]],Bantuan!$A:$C,3,0)) -> 0
A8: 1531 | B8: KUPANG | C8: 46142 | D8: 45968 | E8: 45176 | F8: 1531C20230700153 | G8: 1531230000230 | H8: KRISTIAN DAVID | I8: PARITI RT 017 RW 009 Kel.PARITI Kec. SULAMU Kota KUPANG 85368 | J8: 85368 | L8: 85368 | M8: PARITI | N8: SULAMU | O8: KUPANG | P8: 15310000 | Q8: Kupang | V8: 08123******* | W8: MOBIL Baru | X8: SUZUKI | Y8: CARRY PU 1.5 | Z8: NEW CARRY PU FD | AA8: MHYHDC61TPJ215633 | AB8: K15BT1503516 | AC8: DH8853BH | AD8: 138448000 | AE8: 1.1077377e+08 | AF8: 114016000 | AG8: 24432000 | AH8: 33286520 | AI8: 1000 | AJ8: 4072000 | AK8: 174 | AL8: 6 | AM8: 27 | AN8: 60 | AO8: 06.151-180 | AP8: 06.151-180 | AQ8: 03.RO | AR8: 1531REM59 | AS8: 20230923758 | AT8: NOVENTIO CORNEL LUDJI | AU8: 1531ARC01 | AV8: 00000000000 | AW8: TIDAK ADA | AX8: RMC | AY8: 1531ARHEAD | AZ8: 20111111728 | BA8: DONALD E DALLY | BB8: RMH | BC8: 1531CH01 | BD8: 00000000000 | BE8: TIDAK ADA | BF8: Coll-Head | BG8: Collectible | BH8: 7 | BI8: 28504000 | BN8: 46173 | BO8: 1 | BP8: 46149 | BQ8: Coll Harian | BR8: 151 | BS8: 45998 | BT8: 134376000 | BU8: 4072000 | BV8: 0 | BW8: 0 | BX8: 0 | BY8: 1 | BZ8: 1 | CA8: 4072000 | CB8: 4072000 | CD8: 0 | CF8: 0 | CH8: 0 | CJ8: 0 | CL8: 0 | CM8: 46149 | CN8: 4W | CO8: 1.1077277e+08 | CP8: 0 | CQ8: 0 | CR8: 46144 | CS8: RB | CT8: 1.1077277e+08 | CU8: KUPANG - MBL | CV8: 11. Bali & Nusa Tenggara | CW8: 46149 | CX8: Last Month | CY8: =MONTH(Table_ExternalData_14[[#This Row],[RunningReportDate]]) -> 5 | CZ8: =181-Table_ExternalData_14[[#This Row],[DaysOD]] -> 7 | DA8: =IF(Table_ExternalData_14[[#This Row],[Status]]="PU-WC",0,Table_ExternalData_14[[#This Row],[Amount_CWO]]/1000000) -> 110.77277 | DB8: =IF(Table_ExternalData_14[[#This Row],[Status]]="PU-WC",0,IF(Table_ExternalData_14[[#This Row],[Keterangan_Sukses-new]]="RB",1,IF(Table_ExternalData_14[[#This Row],[Keterangan_Sukses-new]]="STAY",1,IF(Table_ExternalData_14[[#This Row],[Keterangan_Sukses-new]]="BTC",1,IF(ISERROR(FIND("SEBELUM",Table_ExternalData_14[[#This Row],[Keterangan_Sukses-new]],1)),0,1))))) -> 1 | DC8: =IF(Table_ExternalData_14[[#This Row],[Status]]="PU-WC",0,IF(Table_ExternalData_14[[#This Row],[Success CWO]]=1,Table_ExternalData_14[[#This Row],[CWO Amt]],0)) -> 110.77277 | DD8: =IF(AND(Table_ExternalData_14[[#This Row],[Status]]="InsuranceClaim",Table_ExternalData_14[[#This Row],[TglTarik]]>0),0,IF(Table_ExternalData_14[[#This Row],[ContractID]]="1547220000067",0,IF(Table_ExternalData_14[[#This Row],[Status]]="PU-WC",0,IF(Table_ExternalData_14[[#This Row],[Tgl WO-in]]<= DAY(Table_ExternalData_14[[#This Row],[Period]]),Table_ExternalData_14[[#This Row],[Amount_WO]]/1000000,0)))) -> 0 | DE8: =DAY(Table_ExternalData_14[[#This Row],[Tanggal_Sukses-new]]) -> 2 | DF8: =IF(Table_ExternalData_14[[#This Row],[Status]]="PU-WC",0,IF(SUM(Table_ExternalData_14[[#This Row],[Success CWO]:[WO-In-Amt]])=0,1,0)) -> 0 | DG8: =IF(AND(Table_ExternalData_14[[#This Row],[Status]]="InsuranceClaim",Table_ExternalData_14[[#This Row],[TglTarik]]>0),0,IF(Table_ExternalData_14[[#This Row],[Status]]="PU-WC",0,IF(Table_ExternalData_14[[#This Row],[Potensi WO]]=1,Table_ExternalData_14[[#This Row],[CWO Amt]],0))) -> 0 | DH8: =VLOOKUP(Table_ExternalData_14[[#This Row],[BranchID]],KC!$A:$K,5,0) -> 4W | DI8: =VLOOKUP(Table_ExternalData_14[[#This Row],[BranchID]],KC!$A:$K,8,0) -> 09. IBT | DJ8: =VLOOKUP(Table_ExternalData_14[[#This Row],[BranchID]],KC!$A:$K,9,0) -> KUPANG | DK8: =IF(Table_ExternalData_14[[#This Row],[Tanggal_Sukses]]=" ",Table_ExternalData_14[[#This Row],[Tanggal_Sukses]],VLOOKUP(Table_ExternalData_14[[#This Row],[ContractID]],Bantuan!$A:$C,2,0)) -> 46144 | DL8: =IF(Table_ExternalData_14[[#This Row],[Keterangan_Sukses]]=" ",Table_ExternalData_14[[#This Row],[Keterangan_Sukses]],VLOOKUP(Table_ExternalData_14[[#This Row],[ContractID]],Bantuan!$A:$C,3,0)) -> RB
A9: 1531 | B9: KUPANG | C9: 46142 | D9: 45966 | E9: 45175 | F9: 1531C20230800026 | G9: 1531230000233 | H9: VICTOR YONARI NDUN | I9: JL CENDAWAN RT 016 RW 004 Kel.LASIANA Kec. KELAPA LIMA Kota KUPANG 85228 | J9: 85228 | L9: 85228 | M9: LASIANA | N9: KELAPA LIMA | O9: KUPANG | P9: 15310000 | Q9: Kupang | V9: 08133******* | W9: MOBIL Baru | X9: SUZUKI | Y9: CARRY PU 1.5 | Z9: NEW CARRY PU FD | AA9: MHYHDC61TPJ215365 | AB9: K15BT1503097 | AC9: DH8514AQ | AD9: 162880000 | AE9: 1.2923575e+08 | AF9: 138448000 | AG9: 24432000 | AH9: 44128500 | AI9: 50000 | AJ9: 4072000 | AK9: 176 | AL9: 6 | AM9: 26 | AN9: 65 | AO9: 06.151-180 | AP9: 06.151-180 | AQ9: 03.RO | AR9: 1531REM59 | AS9: 20230923758 | AT9: NOVENTIO CORNEL LUDJI | AU9: 1531ARC01 | AV9: 00000000000 | AW9: TIDAK ADA | AX9: RMC | AY9: 1531ARHEAD | AZ9: 20111111728 | BA9: DONALD E DALLY | BB9: RMH | BC9: 1531CH01 | BD9: 00000000000 | BE9: TIDAK ADA | BF9: Coll-Head | BG9: Collectible | BH9: 7 | BI9: 28504000 | BN9: 46173 | BO9: 1 | BP9: 46149 | BQ9: Coll Harian | BR9: 153 | BS9: 45996 | BT9: 158808000 | BU9: 4072000 | BV9: 0 | BW9: 0 | BX9: 0 | BY9: 1 | BZ9: 1 | CA9: 4072000 | CB9: 4072000 | CD9: 0 | CF9: 0 | CH9: 0 | CJ9: 0 | CL9: 0 | CM9: 46149 | CN9: 4W | CO9: 1.2918575e+08 | CP9: 0 | CQ9: 0 | CR9: 46146 | CS9: RB | CT9: 1.2918575e+08 | CU9: KUPANG - MBL | CV9: 11. Bali & Nusa Tenggara | CW9: 46149 | CX9: Last Month | CY9: =MONTH(Table_ExternalData_14[[#This Row],[RunningReportDate]]) -> 5 | CZ9: =181-Table_ExternalData_14[[#This Row],[DaysOD]] -> 5 | DA9: =IF(Table_ExternalData_14[[#This Row],[Status]]="PU-WC",0,Table_ExternalData_14[[#This Row],[Amount_CWO]]/1000000) -> 129.18575 | DB9: =IF(Table_ExternalData_14[[#This Row],[Status]]="PU-WC",0,IF(Table_ExternalData_14[[#This Row],[Keterangan_Sukses-new]]="RB",1,IF(Table_ExternalData_14[[#This Row],[Keterangan_Sukses-new]]="STAY",1,IF(Table_ExternalData_14[[#This Row],[Keterangan_Sukses-new]]="BTC",1,IF(ISERROR(FIND("SEBELUM",Table_ExternalData_14[[#This Row],[Keterangan_Sukses-new]],1)),0,1))))) -> 1 | DC9: =IF(Table_ExternalData_14[[#This Row],[Status]]="PU-WC",0,IF(Table_ExternalData_14[[#This Row],[Success CWO]]=1,Table_ExternalData_14[[#This Row],[CWO Amt]],0)) -> 129.18575 | DD9: =IF(AND(Table_ExternalData_14[[#This Row],[Status]]="InsuranceClaim",Table_ExternalData_14[[#This Row],[TglTarik]]>0),0,IF(Table_ExternalData_14[[#This Row],[ContractID]]="1547220000067",0,IF(Table_ExternalData_14[[#This Row],[Status]]="PU-WC",0,IF(Table_ExternalData_14[[#This Row],[Tgl WO-in]]<= DAY(Table_ExternalData_14[[#This Row],[Period]]),Table_ExternalData_14[[#This Row],[Amount_WO]]/1000000,0)))) -> 0 | DE9: =DAY(Table_ExternalData_14[[#This Row],[Tanggal_Sukses-new]]) -> 4 | DF9: =IF(Table_ExternalData_14[[#This Row],[Status]]="PU-WC",0,IF(SUM(Table_ExternalData_14[[#This Row],[Success CWO]:[WO-In-Amt]])=0,1,0)) -> 0 | DG9: =IF(AND(Table_ExternalData_14[[#This Row],[Status]]="InsuranceClaim",Table_ExternalData_14[[#This Row],[TglTarik]]>0),0,IF(Table_ExternalData_14[[#This Row],[Status]]="PU-WC",0,IF(Table_ExternalData_14[[#This Row],[Potensi WO]]=1,Table_ExternalData_14[[#This Row],[CWO Amt]],0))) -> 0 | DH9: =VLOOKUP(Table_ExternalData_14[[#This Row],[BranchID]],KC!$A:$K,5,0) -> 4W | DI9: =VLOOKUP(Table_ExternalData_14[[#This Row],[BranchID]],KC!$A:$K,8,0) -> 09. IBT | DJ9: =VLOOKUP(Table_ExternalData_14[[#This Row],[BranchID]],KC!$A:$K,9,0) -> KUPANG | DK9: =IF(Table_ExternalData_14[[#This Row],[Tanggal_Sukses]]=" ",Table_ExternalData_14[[#This Row],[Tanggal_Sukses]],VLOOKUP(Table_ExternalData_14[[#This Row],[ContractID]],Bantuan!$A:$C,2,0)) -> 46146 | DL9: =IF(Table_ExternalData_14[[#This Row],[Keterangan_Sukses]]=" ",Table_ExternalData_14[[#This Row],[Keterangan_Sukses]],VLOOKUP(Table_ExternalData_14[[#This Row],[ContractID]],Bantuan!$A:$C,3,0)) -> RB
A10: 1531 | B10: KUPANG | C10: 46142 | D10: 45966 | E10: 45594 | F10: 1531C20241000090 | G10: 1531240000179 | H10: SAMUEL TEKLIU | I10: BESNAEN RT 039 RW 005 Kel.MAUBELI Kec. KOTA KEFAMENANU Kota TIMOR TENGAH UTARA 85617 | J10: 85617 | L10: 85617 | M10: MAUBELI | N10: KOTA KEFAMENANU | O10: TIMOR TENGAH UTARA | P10: 15310002 | Q10: Kupang | V10: 08234******* | W10: MOBIL Baru | X10: SUZUKI | Y10: CARRY PU 1.5 | Z10: NEW CARRY PU FD | AA10: MHYHDC61TRJ215558 | AB10: K15BT1608076 | AC10: DH 8529 DL | AD10: 203315000 | AE10: 1.4648393e+08 | AF10: 170345000 | AG10: 32970000 | AH10: 21375550 | AI10: 0 | AJ10: 5495000 | AK10: 176 | AL10: 6 | AM10: 12 | AN10: 48 | AO10: 06.151-180 | AP10: 06.151-180 | AQ10: 03.RO | AR10: 156396 | AS10: 20240423974 | AT10: ERIK YOHANES F NAISALI | AU10: 1531ARC01 | AV10: 00000000000 | AW10: TIDAK ADA | AX10: RMC | AY10: 1531ARHEAD | AZ10: 20111111728 | BA10: DONALD E DALLY | BB10: RMH | BC10: 1531CH01 | BD10: 00000000000 | BE10: TIDAK ADA | BF10: Coll-Head | BG10: Collectible | BH10: 7 | BI10: 38465000 | BN10: 46173 | BO10: 1 | BP10: 46149 | BQ10: Coll Harian | BR10: 183 | BS10: 45966 | BT10: 203315000 | BU10: 0 | BV10: 1 | BW10: 0 | BX10: 0 | BY10: 0 | BZ10: 0 | CA10: 0 | CB10: 0 | CD10: 0 | CF10: 0 | CH10: 0 | CJ10: 0 | CL10: 0 | CM10: 46149 | CN10: 4W | CO10: 1.4648393e+08 | CP10: 1.4648393e+08 | CQ10: 5 | CT10: 0 | CU10: KUPANG - MBL | CV10: 11. Bali & Nusa Tenggara | CW10: 46149 | CX10: Last Month | CY10: =MONTH(Table_ExternalData_14[[#This Row],[RunningReportDate]]) -> 5 | CZ10: =181-Table_ExternalData_14[[#This Row],[DaysOD]] -> 5 | DA10: =IF(Table_ExternalData_14[[#This Row],[Status]]="PU-WC",0,Table_ExternalData_14[[#This Row],[Amount_CWO]]/1000000) -> 146.48393 | DB10: =IF(Table_ExternalData_14[[#This Row],[Status]]="PU-WC",0,IF(Table_ExternalData_14[[#This Row],[Keterangan_Sukses-new]]="RB",1,IF(Table_ExternalData_14[[#This Row],[Keterangan_Sukses-new]]="STAY",1,IF(Table_ExternalData_14[[#This Row],[Keterangan_Sukses-new]]="BTC",1,IF(ISERROR(FIND("SEBELUM",Table_ExternalData_14[[#This Row],[Keterangan_Sukses-new]],1)),0,1))))) -> 0 | DC10: =IF(Table_ExternalData_14[[#This Row],[Status]]="PU-WC",0,IF(Table_ExternalData_14[[#This Row],[Success CWO]]=1,Table_ExternalData_14[[#This Row],[CWO Amt]],0)) -> 0 | DD10: =IF(AND(Table_ExternalData_14[[#This Row],[Status]]="InsuranceClaim",Table_ExternalData_14[[#This Row],[TglTarik]]>0),0,IF(Table_ExternalData_14[[#This Row],[ContractID]]="1547220000067",0,IF(Table_ExternalData_14[[#This Row],[Status]]="PU-WC",0,IF(Table_ExternalData_14[[#This Row],[Tgl WO-in]]<= DAY(Table_ExternalData_14[[#This Row],[Period]]),Table_ExternalData_14[[#This Row],[Amount_WO]]/1000000,0)))) -> 146.48393 | DE10: =DAY(Table_ExternalData_14[[#This Row],[Tanggal_Sukses-new]]) -> 0 | DF10: =IF(Table_ExternalData_14[[#This Row],[Status]]="PU-WC",0,IF(SUM(Table_ExternalData_14[[#This Row],[Success CWO]:[WO-In-Amt]])=0,1,0)) -> 0 | DG10: =IF(AND(Table_ExternalData_14[[#This Row],[Status]]="InsuranceClaim",Table_ExternalData_14[[#This Row],[TglTarik]]>0),0,IF(Table_ExternalData_14[[#This Row],[Status]]="PU-WC",0,IF(Table_ExternalData_14[[#This Row],[Potensi WO]]=1,Table_ExternalData_14[[#This Row],[CWO Amt]],0))) -> 0 | DH10: =VLOOKUP(Table_ExternalData_14[[#This Row],[BranchID]],KC!$A:$K,5,0) -> 4W | DI10: =VLOOKUP(Table_ExternalData_14[[#This Row],[BranchID]],KC!$A:$K,8,0) -> 09. IBT | DJ10: =VLOOKUP(Table_ExternalData_14[[#This Row],[BranchID]],KC!$A:$K,9,0) -> KUPANG | DK10: =IF(Table_ExternalData_14[[#This Row],[Tanggal_Sukses]]=" ",Table_ExternalData_14[[#This Row],[Tanggal_Sukses]],VLOOKUP(Table_ExternalData_14[[#This Row],[ContractID]],Bantuan!$A:$C,2,0)) -> 0 | DL10: =IF(Table_ExternalData_14[[#This Row],[Keterangan_Sukses]]=" ",Table_ExternalData_14[[#This Row],[Keterangan_Sukses]],VLOOKUP(Table_ExternalData_14[[#This Row],[ContractID]],Bantuan!$A:$C,3,0)) -> 0
A11: 1532 | B11: PALEMBANG | C11: 46142 | D11: 45983 | E11: 44511 | F11: 1532C20211100001 | G11: 1532210000049 | H11: EMI WATI | I11: DESA PAGAR BANYU RT 0 RW 0 Kel.PAGAR BANYU Kec. ARGA MAKMUR Kota BENGKULU UTARA 38611 | J11: 38611 | L11: 38611 | M11: PAGAR BANYU | N11: ARGA MAKMUR | O11: BENGKULU UTARA | P11: 15320000 | Q11: Bengkulu | T11: 8941**** | U11: 8941**** | V11: 08217******* | W11: MOBIL Baru | X11: SUZUKI | Y11: CARRY PU 1.5 | Z11: NEW CARRY PU FD | AA11: MHYHDC61TMJ246054 | AB11: K15BT1316037 | AC11: BD 9004 DF | AD11: 26509000 | AE11: 25092283 | AF11: 3787000 | AG11: 22722000 | AH11: 36277776 | AI11: 390 | AJ11: 3787000 | AK11: 159 | AL11: 6 | AM11: 48 | AN11: 54 | AO11: 06.151-180 | AP11: 06.151-180 | AQ11: 03.RO | BF11: Coll-Head | BG11: Collectible | BH11: 7 | BI11: 26509000 | BN11: 46173 | BO11: 1 | BP11: 46149 | BQ11: Coll Harian | BR11: 136 | BS11: 46013 | BT11: 22722000 | BU11: 3787000 | BV11: 0 | BW11: 0 | BX11: 0 | BY11: 1 | BZ11: 1 | CA11: 3787000 | CB11: 3787000 | CD11: 0 | CF11: 0 | CH11: 0 | CJ11: 0 | CL11: 0 | CM11: 46149 | CN11: 4W | CO11: 25091893 | CP11: 0 | CQ11: 0 | CR11: 46149 | CS11: RB | CT11: 25091893 | CU11: PALEMBANG 3 - MBL | CV11: 06. Sumatera Selatan | CW11: 46149 | CX11: Last Month | CY11: =MONTH(Table_ExternalData_14[[#This Row],[RunningReportDate]]) -> 5 | CZ11: =181-Table_ExternalData_14[[#This Row],[DaysOD]] -> 22 | DA11: =IF(Table_ExternalData_14[[#This Row],[Status]]="PU-WC",0,Table_ExternalData_14[[#This Row],[Amount_CWO]]/1000000) -> 25.091893 | DB11: =IF(Table_ExternalData_14[[#This Row],[Status]]="PU-WC",0,IF(Table_ExternalData_14[[#This Row],[Keterangan_Sukses-new]]="RB",1,IF(Table_ExternalData_14[[#This Row],[Keterangan_Sukses-new]]="STAY",1,IF(Table_ExternalData_14[[#This Row],[Keterangan_Sukses-new]]="BTC",1,IF(ISERROR(FIND("SEBELUM",Table_ExternalData_14[[#This Row],[Keterangan_Sukses-new]],1)),0,1))))) -> 1 | DC11: =IF(Table_ExternalData_14[[#This Row],[Status]]="PU-WC",0,IF(Table_ExternalData_14[[#This Row],[Success CWO]]=1,Table_ExternalData_14[[#This Row],[CWO Amt]],0)) -> 25.091893 | DD11: =IF(AND(Table_ExternalData_14[[#This Row],[Status]]="InsuranceClaim",Table_ExternalData_14[[#This Row],[TglTarik]]>0),0,IF(Table_ExternalData_14[[#This Row],[ContractID]]="1547220000067",0,IF(Table_ExternalData_14[[#This Row],[Status]]="PU-WC",0,IF(Table_ExternalData_14[[#This Row],[Tgl WO-in]]<= DAY(Table_ExternalData_14[[#This Row],[Period]]),Table_ExternalData_14[[#This Row],[Amount_WO]]/1000000,0)))) -> 0 | DE11: =DAY(Table_ExternalData_14[[#This Row],[Tanggal_Sukses-new]]) -> 7 | DF11: =IF(Table_ExternalData_14[[#This Row],[Status]]="PU-WC",0,IF(SUM(Table_ExternalData_14[[#This Row],[Success CWO]:[WO-In-Amt]])=0,1,0)) -> 0 | DG11: =IF(AND(Table_ExternalData_14[[#This Row],[Status]]="InsuranceClaim",Table_ExternalData_14[[#This Row],[TglTarik]]>0),0,IF(Table_ExternalData_14[[#This Row],[Status]]="PU-WC",0,IF(Table_ExternalData_14[[#This Row],[Potensi WO]]=1,Table_ExternalData_14[[#This Row],[CWO Amt]],0))) -> 0 | DH11: =VLOOKUP(Table_ExternalData_14[[#This Row],[BranchID]],KC!$A:$K,5,0) -> 4W | DI11: =VLOOKUP(Table_ExternalData_14[[#This Row],[BranchID]],KC!$A:$K,8,0) -> 07. Sumbagsel | DJ11: =VLOOKUP(Table_ExternalData_14[[#This Row],[BranchID]],KC!$A:$K,9,0) -> PALEMBANG | DK11: =IF(Table_ExternalData_14[[#This Row],[Tanggal_Sukses]]=" ",Table_ExternalData_14[[#This Row],[Tanggal_Sukses]],VLOOKUP(Table_ExternalData_14[[#This Row],[ContractID]],Bantuan!$A:$C,2,0)) -> 46149 | DL11: =IF(Table_ExternalData_14[[#This Row],[Keterangan_Sukses]]=" ",Table_ExternalData_14[[#This Row],[Keterangan_Sukses]],VLOOKUP(Table_ExternalData_14[[#This Row],[ContractID]],Bantuan!$A:$C,3,0)) -> RB
A12: 1532 | B12: PALEMBANG | C12: 46142 | D12: 45968 | E12: 44537 | F12: 1532C20211200004 | G12: 1532210000056 | H12: MEDI RIANSYAH PUTRA | I12: JL SAPTA MARGA RT 05 RW 01 Kel.TALANG RIMBO LAMA Kec. CURUP TENGAH Kota REJANG LEBONG 39114 | J12: 39114 | L12: 39114 | M12: TALANG RIMBO LAMA | N12: CURUP TENGAH | O12: REJANG LEBONG | P12: 15320000 | Q12: Bengkulu | T12: 7379**** | U12: 7379**** | V12: 08127******* | W12: MOBIL Baru | X12: SUZUKI | Y12: CARRY PU 1.5 | Z12: NEW CARRY PU FD | AA12: MHYHDC61TMJ253507 | AB12: K15BT1331497 | AC12: BD 9164 KC | AD12: 3855000 | AE12: 3801144.1 | AF12: 0 | AG12: 3855000 | AH12: 40477250 | AI12: 0 | AJ12: 3855000 | AK12: 174 | AL12: 1 | AM12: 48 | AN12: 48 | AO12: 06.151-180 | AP12: 06.151-180 | AQ12: 03.RO | BF12: Coll-Head | BG12: Collectible | BH12: 1 | BI12: 3855000 | BN12: 46173 | BO12: 1 | BP12: 46149 | BQ12: Non Coll Harian | BT12: 0 | BU12: 3855000 | BV12: 0 | BW12: 1 | BX12: 1 | BY12: 1 | BZ12: 1 | CA12: 3855000 | CB12: 3855000 | CD12: 0 | CF12: 0 | CH12: 0 | CJ12: 0 | CL12: 0 | CM12: 46149 | CN12: 4W | CO12: 3801144.1 | CP12: 0 | CQ12: 0 | CR12: 46149 | CS12: LUNAS SEBELUM WO | CT12: 3801144.1 | CU12: PALEMBANG 3 - MBL | CV12: 06. Sumatera Selatan | CW12: 46149 | CX12: Last Month | CY12: =MONTH(Table_ExternalData_14[[#This Row],[RunningReportDate]]) -> 5 | CZ12: =181-Table_ExternalData_14[[#This Row],[DaysOD]] -> 7 | DA12: =IF(Table_ExternalData_14[[#This Row],[Status]]="PU-WC",0,Table_ExternalData_14[[#This Row],[Amount_CWO]]/1000000) -> 3.8011441 | DB12: =IF(Table_ExternalData_14[[#This Row],[Status]]="PU-WC",0,IF(Table_ExternalData_14[[#This Row],[Keterangan_Sukses-new]]="RB",1,IF(Table_ExternalData_14[[#This Row],[Keterangan_Sukses-new]]="STAY",1,IF(Table_ExternalData_14[[#This Row],[Keterangan_Sukses-new]]="BTC",1,IF(ISERROR(FIND("SEBELUM",Table_ExternalData_14[[#This Row],[Keterangan_Sukses-new]],1)),0,1))))) -> 1 | DC12: =IF(Table_ExternalData_14[[#This Row],[Status]]="PU-WC",0,IF(Table_ExternalData_14[[#This Row],[Success CWO]]=1,Table_ExternalData_14[[#This Row],[CWO Amt]],0)) -> 3.8011441 | DD12: =IF(AND(Table_ExternalData_14[[#This Row],[Status]]="InsuranceClaim",Table_ExternalData_14[[#This Row],[TglTarik]]>0),0,IF(Table_ExternalData_14[[#This Row],[ContractID]]="1547220000067",0,IF(Table_ExternalData_14[[#This Row],[Status]]="PU-WC",0,IF(Table_ExternalData_14[[#This Row],[Tgl WO-in]]<= DAY(Table_ExternalData_14[[#This Row],[Period]]),Table_ExternalData_14[[#This Row],[Amount_WO]]/1000000,0)))) -> 0 | DE12: =DAY(Table_ExternalData_14[[#This Row],[Tanggal_Sukses-new]]) -> 7 | DF12: =IF(Table_ExternalData_14[[#This Row],[Status]]="PU-WC",0,IF(SUM(Table_ExternalData_14[[#This Row],[Success CWO]:[WO-In-Amt]])=0,1,0)) -> 0 | DG12: =IF(AND(Table_ExternalData_14[[#This Row],[Status]]="InsuranceClaim",Table_ExternalData_14[[#This Row],[TglTarik]]>0),0,IF(Table_ExternalData_14[[#This Row],[Status]]="PU-WC",0,IF(Table_ExternalData_14[[#This Row],[Potensi WO]]=1,Table_ExternalData_14[[#This Row],[CWO Amt]],0))) -> 0 | DH12: =VLOOKUP(Table_ExternalData_14[[#This Row],[BranchID]],KC!$A:$K,5,0) -> 4W | DI12: =VLOOKUP(Table_ExternalData_14[[#This Row],[BranchID]],KC!$A:$K,8,0) -> 07. Sumbagsel | DJ12: =VLOOKUP(Table_ExternalData_14[[#This Row],[BranchID]],KC!$A:$K,9,0) -> PALEMBANG | DK12: =IF(Table_ExternalData_14[[#This Row],[Tanggal_Sukses]]=" ",Table_ExternalData_14[[#This Row],[Tanggal_Sukses]],VLOOKUP(Table_ExternalData_14[[#This Row],[ContractID]],Bantuan!$A:$C,2,0)) -> 46149 | DL12: =IF(Table_ExternalData_14[[#This Row],[Keterangan_Sukses]]=" ",Table_ExternalData_14[[#This Row],[Keterangan_Sukses]],VLOOKUP(Table_ExternalData_14[[#This Row],[ContractID]],Bantuan!$A:$C,3,0)) -> LUNAS SEBELUM WO
A13: 1532 | B13: PALEMBANG | C13: 46142 | D13: 45987 | E13: 44587 | F13: 1532C20220100013 | G13: 1532220000003 | H13: SADAR RAMLAN SINAGA | I13: PULAI PAYUNG RT 000 RW 000 Kel.PULAI PAYUNG Kec. IPUH Kota KABUPATEN MUKO MUKO 38364 | J13: 38364 | L13: 38364 | M13: PULAI PAYUNG | N13: IPUH | O13: KABUPATEN MUKO MUKO | P13: 15320000 | Q13: Bengkulu | T13: 1705**** | U13: 1705**** | V13: 08221******* | W13: MOBIL Baru | X13: SUZUKI | Y13: CARRY PU 1.5 | Z13: NEW CARRY PU FD AC PS | AA13: MHYHDC61TMJ258830 | AB13: K15BT1346278 | AC13: BD 9384 ND | AD13: 11550000 | AE13: 11244905 | AF13: 0 | AG13: 11550000 | AH13: 36879908 | AI13: 5500 | AJ13: 3850000 | AK13: 155 | AL13: 3 | AM13: 46 | AN13: 48 | AO13: 06.151-180 | AP13: 06.151-180 | AQ13: 03.RO | BF13: Coll-Head | BG13: Collectible | BH13: 3 | BI13: 11550000 | BN13: 46173 | BO13: 1 | BP13: 46149 | BQ13: Coll Harian | BR13: 162 | BS13: 45987 | BT13: 11550000 | BU13: 0 | BV13: 1 | BW13: 0 | BX13: 0 | BY13: 0 | BZ13: 0 | CA13: 0 | CB13: 0 | CD13: 0 | CF13: 0 | CH13: 0 | CJ13: 0 | CL13: 0 | CM13: 46149 | CN13: 4W | CO13: 11239405 | CP13: 11239405 | CQ13: 26 | CT13: 0 | CU13: PALEMBANG 3 - MBL | CV13: 06. Sumatera Selatan | CW13: 46149 | CX13: Last Month | CY13: =MONTH(Table_ExternalData_14[[#This Row],[RunningReportDate]]) -> 5 | CZ13: =181-Table_ExternalData_14[[#This Row],[DaysOD]] -> 26 | DA13: =IF(Table_ExternalData_14[[#This Row],[Status]]="PU-WC",0,Table_ExternalData_14[[#This Row],[Amount_CWO]]/1000000) -> 11.239405 | DB13: =IF(Table_ExternalData_14[[#This Row],[Status]]="PU-WC",0,IF(Table_ExternalData_14[[#This Row],[Keterangan_Sukses-new]]="RB",1,IF(Table_ExternalData_14[[#This Row],[Keterangan_Sukses-new]]="STAY",1,IF(Table_ExternalData_14[[#This Row],[Keterangan_Sukses-new]]="BTC",1,IF(ISERROR(FIND("SEBELUM",Table_ExternalData_14[[#This Row],[Keterangan_Sukses-new]],1)),0,1))))) -> 0 | DC13: =IF(Table_ExternalData_14[[#This Row],[Status]]="PU-WC",0,IF(Table_ExternalData_14[[#This Row],[Success CWO]]=1,Table_ExternalData_14[[#This Row],[CWO Amt]],0)) -> 0 | DD13: =IF(AND(Table_ExternalData_14[[#This Row],[Status]]="InsuranceClaim",Table_ExternalData_14[[#This Row],[TglTarik]]>0),0,IF(Table_ExternalData_14[[#This Row],[ContractID]]="1547220000067",0,IF(Table_ExternalData_14[[#This Row],[Status]]="PU-WC",0,IF(Table_ExternalData_14[[#This Row],[Tgl WO-in]]<= DAY(Table_ExternalData_14[[#This Row],[Period]]),Table_ExternalData_14[[#This Row],[Amount_WO]]/1000000,0)))) -> 0 | DE13: =DAY(Table_ExternalData_14[[#This Row],[Tanggal_Sukses-new]]) -> 0 | DF13: =IF(Table_ExternalData_14[[#This Row],[Status]]="PU-WC",0,IF(SUM(Table_ExternalData_14[[#This Row],[Success CWO]:[WO-In-Amt]])=0,1,0)) -> 1 | DG13: =IF(AND(Table_ExternalData_14[[#This Row],[Status]]="InsuranceClaim",Table_ExternalData_14[[#This Row],[TglTarik]]>0),0,IF(Table_ExternalData_14[[#This Row],[Status]]="PU-WC",0,IF(Table_ExternalData_14[[#This Row],[Potensi WO]]=1,Table_ExternalData_14[[#This Row],[CWO Amt]],0))) -> 11.239405 | DH13: =VLOOKUP(Table_ExternalData_14[[#This Row],[BranchID]],KC!$A:$K,5,0) -> 4W | DI13: =VLOOKUP(Table_ExternalData_14[[#This Row],[BranchID]],KC!$A:$K,8,0) -> 07. Sumbagsel | DJ13: =VLOOKUP(Table_ExternalData_14[[#This Row],[BranchID]],KC!$A:$K,9,0) -> PALEMBANG | DK13: =IF(Table_ExternalData_14[[#This Row],[Tanggal_Sukses]]=" ",Table_ExternalData_14[[#This Row],[Tanggal_Sukses]],VLOOKUP(Table_ExternalData_14[[#This Row],[ContractID]],Bantuan!$A:$C,2,0)) -> 0 | DL13: =IF(Table_ExternalData_14[[#This Row],[Keterangan_Sukses]]=" ",Table_ExternalData_14[[#This Row],[Keterangan_Sukses]],VLOOKUP(Table_ExternalData_14[[#This Row],[ContractID]],Bantuan!$A:$C,3,0)) -> 0
A14: 1532 | B14: PALEMBANG | C14: 46142 | D14: 45981 | E14: 44679 | F14: 1532C20210500001 | G14: 1532220000037 | H14: DRS MIRHAN | I14: RIGANGAN III RT 000 RW 000 Kel.RIGANGAN III Kec. KELAM TENGAH Kota KAUR 38956 | J14: 38956 | L14: 38956 | M14: RIGANGAN III | N14: KELAM TENGAH | O14: KAUR | P14: 15320000 | Q14: Bengkulu | T14: 7804**** | U14: 7804**** | V14: 08127******* | W14: MOBIL Baru | X14: SUZUKI | Y14: BALENO | Z14: NEW BALENO MT | AA14: MBHEWB52SMG738211 | AB14: K14BN4188857 | AC14: BD 1449 WB | AD14: 133000000 | AE14: 1.120741e+08 | AF14: 110200000 | AG14: 22800000 | AH14: 50512600 | AI14: 0 | AJ14: 3800000 | AK14: 161 | AL14: 6 | AM14: 42 | AN14: 76 | AO14: 06.151-180 | AP14: 06.151-180 | AQ14: 03.RO | BF14: Coll-Head | BG14: Collectible | BH14: 7 | BI14: 26600000 | BN14: 46173 | BO14: 1 | BP14: 46149 | BQ14: Coll Harian | BR14: 138 | BS14: 46011 | BT14: 129200000 | BU14: 3800000 | BV14: 0 | BW14: 0 | BX14: 0 | BY14: 1 | BZ14: 1 | CA14: 3800000 | CB14: 3800000 | CD14: 0 | CF14: 0 | CH14: 0 | CJ14: 0 | CL14: 0 | CM14: 46149 | CN14: 4W | CO14: 1.120741e+08 | CP14: 0 | CQ14: 0 | CR14: 46144 | CS14: RB | CT14: 1.120741e+08 | CU14: PALEMBANG 3 - MBL | CV14: 06. Sumatera Selatan | CW14: 46149 | CX14: Last Month | CY14: =MONTH(Table_ExternalData_14[[#This Row],[RunningReportDate]]) -> 5 | CZ14: =181-Table_ExternalData_14[[#This Row],[DaysOD]] -> 20 | DA14: =IF(Table_ExternalData_14[[#This Row],[Status]]="PU-WC",0,Table_ExternalData_14[[#This Row],[Amount_CWO]]/1000000) -> 112.0741 | DB14: =IF(Table_ExternalData_14[[#This Row],[Status]]="PU-WC",0,IF(Table_ExternalData_14[[#This Row],[Keterangan_Sukses-new]]="RB",1,IF(Table_ExternalData_14[[#This Row],[Keterangan_Sukses-new]]="STAY",1,IF(Table_ExternalData_14[[#This Row],[Keterangan_Sukses-new]]="BTC",1,IF(ISERROR(FIND("SEBELUM",Table_ExternalData_14[[#This Row],[Keterangan_Sukses-new]],1)),0,1))))) -> 1 | DC14: =IF(Table_ExternalData_14[[#This Row],[Status]]="PU-WC",0,IF(Table_ExternalData_14[[#This Row],[Success CWO]]=1,Table_ExternalData_14[[#This Row],[CWO Amt]],0)) -> 112.0741 | DD14: =IF(AND(Table_ExternalData_14[[#This Row],[Status]]="InsuranceClaim",Table_ExternalData_14[[#This Row],[TglTarik]]>0),0,IF(Table_ExternalData_14[[#This Row],[ContractID]]="1547220000067",0,IF(Table_ExternalData_14[[#This Row],[Status]]="PU-WC",0,IF(Table_ExternalData_14[[#This Row],[Tgl WO-in]]<= DAY(Table_ExternalData_14[[#This Row],[Period]]),Table_ExternalData_14[[#This Row],[Amount_WO]]/1000000,0)))) -> 0 | DE14: =DAY(Table_ExternalData_14[[#This Row],[Tanggal_Sukses-new]]) -> 2 | DF14: =IF(Table_ExternalData_14[[#This Row],[Status]]="PU-WC",0,IF(SUM(Table_ExternalData_14[[#This Row],[Success CWO]:[WO-In-Amt]])=0,1,0)) -> 0 | DG14: =IF(AND(Table_ExternalData_14[[#This Row],[Status]]="InsuranceClaim",Table_ExternalData_14[[#This Row],[TglTarik]]>0),0,IF(Table_ExternalData_14[[#This Row],[Status]]="PU-WC",0,IF(Table_ExternalData_14[[#This Row],[Potensi WO]]=1,Table_ExternalData_14[[#This Row],[CWO Amt]],0))) -> 0 | DH14: =VLOOKUP(Table_ExternalData_14[[#This Row],[BranchID]],KC!$A:$K,5,0) -> 4W | DI14: =VLOOKUP(Table_ExternalData_14[[#This Row],[BranchID]],KC!$A:$K,8,0) -> 07. Sumbagsel | DJ14: =VLOOKUP(Table_ExternalData_14[[#This Row],[BranchID]],KC!$A:$K,9,0) -> PALEMBANG | DK14: =IF(Table_ExternalData_14[[#This Row],[Tanggal_Sukses]]=" ",Table_ExternalData_14[[#This Row],[Tanggal_Sukses]],VLOOKUP(Table_ExternalData_14[[#This Row],[ContractID]],Bantuan!$A:$C,2,0)) -> 46144 | DL14: =IF(Table_ExternalData_14[[#This Row],[Keterangan_Sukses]]=" ",Table_ExternalData_14[[#This Row],[Keterangan_Sukses]],VLOOKUP(Table_ExternalData_14[[#This Row],[ContractID]],Bantuan!$A:$C,3,0)) -> RB
A15: 1532 | B15: PALEMBANG | C15: 46142 | D15: 45977 | E15: 44985 | F15: 1532C20230200036 | G15: 1532230000030 | H15: JUMINI | I15: DUSUN 1 RT 02 RW 00 Kel.BUKIT HARAPAN Kec. PINANG RAYA Kota KAB BENGKULU UTARA 38362 | J15: 38362 | L15: 38362 | M15: BUKIT HARAPAN | N15: PINANG RAYA | O15: KAB BENGKULU UTARA | P15: 15320000 | Q15: Bengkulu | V15: 08536******* | W15: MOBIL Baru | X15: SUZUKI | Y15: CARRY PU 1.5 | Z15: NEW CARRY PU FD | AA15: MHYHDC61TPJ214338 | AB15: K15BT1500087 | AC15: BD 9674 DF | AD15: 118528000 | AE15: 95014484 | AF15: 96304000 | AG15: 22224000 | AH15: 46273062 | AI15: 20000 | AJ15: 3704000 | AK15: 165 | AL15: 6 | AM15: 32 | AN15: 63 | AO15: 06.151-180 | AP15: 06.151-180 | AQ15: 03.RO | BF15: Coll-Head | BG15: Collectible | BH15: 7 | BI15: 25928000 | BN15: 46173 | BO15: 1 | BP15: 46149 | BQ15: Coll Harian | BR15: 172 | BS15: 45977 | BT15: 118528000 | BU15: 0 | BV15: 1 | BW15: 0 | BX15: 0 | BY15: 0 | BZ15: 0 | CA15: 0 | CB15: 0 | CD15: 0 | CF15: 0 | CH15: 0 | CJ15: 0 | CL15: 0 | CM15: 46149 | CN15: 4W | CO15: 94994484 | CP15: 94994484 | CQ15: 16 | CT15: 0 | CU15: PALEMBANG 3 - MBL | CV15: 06. Sumatera Selatan | CW15: 46149 | CX15: Last Month | CY15: =MONTH(Table_ExternalData_14[[#This Row],[RunningReportDate]]) -> 5 | CZ15: =181-Table_ExternalData_14[[#This Row],[DaysOD]] -> 16 | DA15: =IF(Table_ExternalData_14[[#This Row],[Status]]="PU-WC",0,Table_ExternalData_14[[#This Row],[Amount_CWO]]/1000000) -> 94.994484 | DB15: =IF(Table_ExternalData_14[[#This Row],[Status]]="PU-WC",0,IF(Table_ExternalData_14[[#This Row],[Keterangan_Sukses-new]]="RB",1,IF(Table_ExternalData_14[[#This Row],[Keterangan_Sukses-new]]="STAY",1,IF(Table_ExternalData_14[[#This Row],[Keterangan_Sukses-new]]="BTC",1,IF(ISERROR(FIND("SEBELUM",Table_ExternalData_14[[#This Row],[Keterangan_Sukses-new]],1)),0,1))))) -> 0 | DC15: =IF(Table_ExternalData_14[[#This Row],[Status]]="PU-WC",0,IF(Table_ExternalData_14[[#This Row],[Success CWO]]=1,Table_ExternalData_14[[#This Row],[CWO Amt]],0)) -> 0 | DD15: =IF(AND(Table_ExternalData_14[[#This Row],[Status]]="InsuranceClaim",Table_ExternalData_14[[#This Row],[TglTarik]]>0),0,IF(Table_ExternalData_14[[#This Row],[ContractID]]="1547220000067",0,IF(Table_ExternalData_14[[#This Row],[Status]]="PU-WC",0,IF(Table_ExternalData_14[[#This Row],[Tgl WO-in]]<= DAY(Table_ExternalData_14[[#This Row],[Period]]),Table_ExternalData_14[[#This Row],[Amount_WO]]/1000000,0)))) -> 0 | DE15: =DAY(Table_ExternalData_14[[#This Row],[Tanggal_Sukses-new]]) -> 0 | DF15: =IF(Table_ExternalData_14[[#This Row],[Status]]="PU-WC",0,IF(SUM(Table_ExternalData_14[[#This Row],[Success CWO]:[WO-In-Amt]])=0,1,0)) -> 1 | DG15: =IF(AND(Table_ExternalData_14[[#This Row],[Status]]="InsuranceClaim",Table_ExternalData_14[[#This Row],[TglTarik]]>0),0,IF(Table_ExternalData_14[[#This Row],[Status]]="PU-WC",0,IF(Table_ExternalData_14[[#This Row],[Potensi WO]]=1,Table_ExternalData_14[[#This Row],[CWO Amt]],0))) -> 94.994484 | DH15: =VLOOKUP(Table_ExternalData_14[[#This Row],[BranchID]],KC!$A:$K,5,0) -> 4W | DI15: =VLOOKUP(Table_ExternalData_14[[#This Row],[BranchID]],KC!$A:$K,8,0) -> 07. Sumbagsel | DJ15: =VLOOKUP(Table_ExternalData_14[[#This Row],[BranchID]],KC!$A:$K,9,0) -> PALEMBANG | DK15: =IF(Table_ExternalData_14[[#This Row],[Tanggal_Sukses]]=" ",Table_ExternalData_14[[#This Row],[Tanggal_Sukses]],VLOOKUP(Table_ExternalData_14[[#This Row],[ContractID]],Bantuan!$A:$C,2,0)) -> 0 | DL15: =IF(Table_ExternalData_14[[#This Row],[Keterangan_Sukses]]=" ",Table_ExternalData_14[[#This Row],[Keterangan_Sukses]],VLOOKUP(Table_ExternalData_14[[#This Row],[ContractID]],Bantuan!$A:$C,3,0)) -> 0
A16: 1533 | B16: MANADO | C16: 46142 | D16: 45982 | E16: 44455 | F16: 1533C20210900013 | G16: 1533210000165 | H16: ALDY FENGLY KEREH | I16: JAGA III DESA KOPI WANGKER KEC LANGOWAN BARAT KAB MINAHASA RT 000 RW 000 Kel.KOPIWANGKER Kec. LANGOWAN BARAT Kota MINAHASA 95694 | J16: 95694 | L16: 95694 | M16: KOPIWANGKER | N16: LANGOWAN BARAT | O16: MINAHASA | P16: 15330000 | Q16: Manado | T16: 0 | U16: 0 | V16: 08134******* | W16: MOBIL Baru | X16: SUZUKI | Y16: CARRY PU 1.5 | Z16: NEW CARRY PU FD | AA16: MHYHDC61TMJ237156 | AB16: K15BT1293974 | AC16: DB 8728 BL | AD16: 7160000 | AE16: 7032457.2 | AF16: 0 | AG16: 7160000 | AH16: 39701555 | AI16: 0 | AJ16: 3580000 | AK16: 160 | AL16: 2 | AM16: 50 | AN16: 51 | AO16: 06.151-180 | AP16: 06.151-180 | AQ16: 03.RO | AR16: 155499 | AS16: 20090707178 | AT16: CALVEIN TUPPA | AU16: 1533ARC001 | AV16: 00000000001 | AW16: TIDAK ADA | AX16: RMC | AY16: 152414 | AZ16: 20090707178 | BA16: CALVEIN TUPPA | BB16: RMH | BC16: 1533COH | BD16: 00000000000 | BE16: TIDAK ADA | BF16: Coll-Head | BG16: Collectible | BH16: 2 | BI16: 7160000 | BN16: 46173 | BO16: 1 | BP16: 46149 | BQ16: Coll Harian | BR16: 167 | BS16: 45982 | BT16: 7160000 | BU16: 0 | BV16: 1 | BW16: 0 | BX16: 0 | BY16: 0 | BZ16: 0 | CA16: 0 | CB16: 0 | CD16: 0 | CF16: 0 | CH16: 0 | CJ16: 0 | CL16: 0 | CM16: 46149 | CN16: 4W | CO16: 7032457.2 | CP16: 7032457.2 | CQ16: 21 | CT16: 0 | CU16: MANADO - MBL | CV16: 10. Sulawesi | CW16: 46149 | CX16: Last Month | CY16: =MONTH(Table_ExternalData_14[[#This Row],[RunningReportDate]]) -> 5 | CZ16: =181-Table_ExternalData_14[[#This Row],[DaysOD]] -> 21 | DA16: =IF(Table_ExternalData_14[[#This Row],[Status]]="PU-WC",0,Table_ExternalData_14[[#This Row],[Amount_CWO]]/1000000) -> 7.0324572 | DB16: =IF(Table_ExternalData_14[[#This Row],[Status]]="PU-WC",0,IF(Table_ExternalData_14[[#This Row],[Keterangan_Sukses-new]]="RB",1,IF(Table_ExternalData_14[[#This Row],[Keterangan_Sukses-new]]="STAY",1,IF(Table_ExternalData_14[[#This Row],[Keterangan_Sukses-new]]="BTC",1,IF(ISERROR(FIND("SEBELUM",Table_ExternalData_14[[#This Row],[Keterangan_Sukses-new]],1)),0,1))))) -> 0 | DC16: =IF(Table_ExternalData_14[[#This Row],[Status]]="PU-WC",0,IF(Table_ExternalData_14[[#This Row],[Success CWO]]=1,Table_ExternalData_14[[#This Row],[CWO Amt]],0)) -> 0 | DD16: =IF(AND(Table_ExternalData_14[[#This Row],[Status]]="InsuranceClaim",Table_ExternalData_14[[#This Row],[TglTarik]]>0),0,IF(Table_ExternalData_14[[#This Row],[ContractID]]="1547220000067",0,IF(Table_ExternalData_14[[#This Row],[Status]]="PU-WC",0,IF(Table_ExternalData_14[[#This Row],[Tgl WO-in]]<= DAY(Table_ExternalData_14[[#This Row],[Period]]),Table_ExternalData_14[[#This Row],[Amount_WO]]/1000000,0)))) -> 0 | DE16: =DAY(Table_ExternalData_14[[#This Row],[Tanggal_Sukses-new]]) -> 0 | DF16: =IF(Table_ExternalData_14[[#This Row],[Status]]="PU-WC",0,IF(SUM(Table_ExternalData_14[[#This Row],[Success CWO]:[WO-In-Amt]])=0,1,0)) -> 1 | DG16: =IF(AND(Table_ExternalData_14[[#This Row],[Status]]="InsuranceClaim",Table_ExternalData_14[[#This Row],[TglTarik]]>0),0,IF(Table_ExternalData_14[[#This Row],[Status]]="PU-WC",0,IF(Table_ExternalData_14[[#This Row],[Potensi WO]]=1,Table_ExternalData_14[[#This Row],[CWO Amt]],0))) -> 7.0324572 | DH16: =VLOOKUP(Table_ExternalData_14[[#This Row],[BranchID]],KC!$A:$K,5,0) -> 4W | DI16: =VLOOKUP(Table_ExternalData_14[[#This Row],[BranchID]],KC!$A:$K,8,0) -> 06. Sulawesi | DJ16: =VLOOKUP(Table_ExternalData_14[[#This Row],[BranchID]],KC!$A:$K,9,0) -> MANADO | DK16: =IF(Table_ExternalData_14[[#This Row],[Tanggal_Sukses]]=" ",Table_ExternalData_14[[#This Row],[Tanggal_Sukses]],VLOOKUP(Table_ExternalData_14[[#This Row],[ContractID]],Bantuan!$A:$C,2,0)) -> 0 | DL16: =IF(Table_ExternalData_14[[#This Row],[Keterangan_Sukses]]=" ",Table_ExternalData_14[[#This Row],[Keterangan_Sukses]],VLOOKUP(Table_ExternalData_14[[#This Row],[ContractID]],Bantuan!$A:$C,3,0)) -> 0
A17: 1533 | B17: MANADO | C17: 46142 | D17: 45988 | E17: 45287 | F17: 1533C20231200004 | G17: 1533230000284 | H17: MEDIKA ANDARIKA ADATI | I17: LINGK II KEL BANJER KEC TIKALA KOTA MANADO RT 000 RW 000 Kel.BANJER Kec. TIKALA Kota MANADO 95125 | J17: 95125 | L17: 95125 | M17: BANJER | N17: TIKALA | O17: MANADO | P17: 15330000 | Q17: Manado | V17: 08582******* | W17: MOBIL Baru | X17: SUZUKI | Y17: CARRY PU 1.5 | Z17: NEW CARRY PU FD AC PS | AA17: MHYHDC61TPJ243785 | AB17: K15BT1567040 | AC17: DB 8589 LP | AD17: 163020000 | AE17: 1.21957e+08 | AF17: 137280000 | AG17: 25740000 | AH17: 10231650 | AI17: 0 | AJ17: 4290000 | AK17: 154 | AL17: 6 | AM17: 23 | AN17: 60 | AO17: 06.151-180 | AP17: 06.151-180 | AQ17: 03.RO | AR17: 155499 | AS17: 20090707178 | AT17: CALVEIN TUPPA | AU17: 1533ARC001 | AV17: 00000000001 | AW17: TIDAK ADA | AX17: RMC | AY17: 152414 | AZ17: 20090707178 | BA17: CALVEIN TUPPA | BB17: RMH | BC17: 1533COH | BD17: 00000000000 | BE17: TIDAK ADA | BF17: Coll-Head | BG17: Collectible | BH17: 7 | BI17: 30030000 | BN17: 46173 | BO17: 1 | BP17: 46149 | BQ17: Coll Harian | BR17: 161 | BS17: 45988 | BT17: 163020000 | BU17: 0 | BV17: 1 | BW17: 0 | BX17: 0 | BY17: 0 | BZ17: 0 | CA17: 0 | CB17: 0 | CD17: 0 | CF17: 0 | CH17: 0 | CJ17: 0 | CL17: 0 | CM17: 46149 | CN17: 4W | CO17: 1.21957e+08 | CP17: 1.21957e+08 | CQ17: 27 | CT17: 0 | CU17: MANADO - MBL | CV17: 10. Sulawesi | CW17: 46149 | CX17: Last Month | CY17: =MONTH(Table_ExternalData_14[[#This Row],[RunningReportDate]]) -> 5 | CZ17: =181-Table_ExternalData_14[[#This Row],[DaysOD]] -> 27 | DA17: =IF(Table_ExternalData_14[[#This Row],[Status]]="PU-WC",0,Table_ExternalData_14[[#This Row],[Amount_CWO]]/1000000) -> 121.957 | DB17: =IF(Table_ExternalData_14[[#This Row],[Status]]="PU-WC",0,IF(Table_ExternalData_14[[#This Row],[Keterangan_Sukses-new]]="RB",1,IF(Table_ExternalData_14[[#This Row],[Keterangan_Sukses-new]]="STAY",1,IF(Table_ExternalData_14[[#This Row],[Keterangan_Sukses-new]]="BTC",1,IF(ISERROR(FIND("SEBELUM",Table_ExternalData_14[[#This Row],[Keterangan_Sukses-new]],1)),0,1))))) -> 0 | DC17: =IF(Table_ExternalData_14[[#This Row],[Status]]="PU-WC",0,IF(Table_ExternalData_14[[#This Row],[Success CWO]]=1,Table_ExternalData_14[[#This Row],[CWO Amt]],0)) -> 0 | DD17: =IF(AND(Table_ExternalData_14[[#This Row],[Status]]="InsuranceClaim",Table_ExternalData_14[[#This Row],[TglTarik]]>0),0,IF(Table_ExternalData_14[[#This Row],[ContractID]]="1547220000067",0,IF(Table_ExternalData_14[[#This Row],[Status]]="PU-WC",0,IF(Table_ExternalData_14[[#This Row],[Tgl WO-in]]<= DAY(Table_ExternalData_14[[#This Row],[Period]]),Table_ExternalData_14[[#This Row],[Amount_WO]]/1000000,0)))) -> 0 | DE17: =DAY(Table_ExternalData_14[[#This Row],[Tanggal_Sukses-new]]) -> 0 | DF17: =IF(Table_ExternalData_14[[#This Row],[Status]]="PU-WC",0,IF(SUM(Table_ExternalData_14[[#This Row],[Success CWO]:[WO-In-Amt]])=0,1,0)) -> 1 | DG17: =IF(AND(Table_ExternalData_14[[#This Row],[Status]]="InsuranceClaim",Table_ExternalData_14[[#This Row],[TglTarik]]>0),0,IF(Table_ExternalData_14[[#This Row],[Status]]="PU-WC",0,IF(Table_ExternalData_14[[#This Row],[Potensi WO]]=1,Table_ExternalData_14[[#This Row],[CWO Amt]],0))) -> 121.957 | DH17: =VLOOKUP(Table_ExternalData_14[[#This Row],[BranchID]],KC!$A:$K,5,0) -> 4W | DI17: =VLOOKUP(Table_ExternalData_14[[#This Row],[BranchID]],KC!$A:$K,8,0) -> 06. Sulawesi | DJ17: =VLOOKUP(Table_ExternalData_14[[#This Row],[BranchID]],KC!$A:$K,9,0) -> MANADO | DK17: =IF(Table_ExternalData_14[[#This Row],[Tanggal_Sukses]]=" ",Table_ExternalData_14[[#This Row],[Tanggal_Sukses]],VLOOKUP(Table_ExternalData_14[[#This Row],[ContractID]],Bantuan!$A:$C,2,0)) -> 0 | DL17: =IF(Table_ExternalData_14[[#This Row],[Keterangan_Sukses]]=" ",Table_ExternalData_14[[#This Row],[Keterangan_Sukses]],VLOOKUP(Table_ExternalData_14[[#This Row],[ContractID]],Bantuan!$A:$C,3,0)) -> 0
A18: 1533 | B18: MANADO | C18: 46142 | D18: 45966 | E18: 45869 | F18: 1533C20250700027 | G18: 1533250000040 | H18: JUMAK NUSI | I18: JAGA II DESA MINANGA TIGA KEC PUSOMAEN KAB MINHASA TENGGARA RT 000 RW 000 Kel.Minanga Tiga Kec. Pusomaen Kota Kab. Minahasa Tenggara 95997 | J18: 95997 | L18: 95997 | M18: Minanga Tiga | N18: Pusomaen | O18: Kab. Minahasa Tenggara | P18: 15330000 | Q18: Manado | V18: 08539******* | W18: MOBIL Baru | X18: SUZUKI | Y18: CARRY PU 1.5 | Z18: NEW CARRY PU FD AC PS | AA18: MHYHDC61TSJ275829 | AB18: K15BT1690836 | AC18: DB 8273 JD | AD18: 266800000 | AE18: 1.6792178e+08 | AF18: 239200000 | AG18: 27600000 | AH18: 14482000 | AI18: 0 | AJ18: 4600000 | AK18: 176 | AL18: 6 | AM18: 3 | AN18: 60 | AO18: 06.151-180 | AP18: 06.151-180 | AQ18: 03.RO | AR18: 155499 | AS18: 20090707178 | AT18: CALVEIN TUPPA | AU18: 1533ARC001 | AV18: 00000000001 | AW18: TIDAK ADA | AX18: RMC | AY18: 152414 | AZ18: 20090707178 | BA18: CALVEIN TUPPA | BB18: RMH | BC18: 1533COH | BD18: 00000000000 | BE18: TIDAK ADA | BF18: Coll-Head | BG18: Collectible | BH18: 7 | BI18: 32200000 | BN18: 46173 | BO18: 1 | BP18: 46149 | BQ18: Coll Harian | BR18: 183 | BS18: 45966 | BT18: 266800000 | BU18: 0 | BV18: 1 | BW18: 0 | BX18: 0 | BY18: 0 | BZ18: 0 | CA18: 0 | CB18: 0 | CD18: 0 | CF18: 0 | CH18: 0 | CJ18: 0 | CL18: 0 | CM18: 46149 | CN18: 4W | CO18: 1.6792178e+08 | CP18: 1.6792178e+08 | CQ18: 5 | CT18: 0 | CU18: MANADO - MBL | CV18: 10. Sulawesi | CW18: 46149 | CX18: Last Month | CY18: =MONTH(Table_ExternalData_14[[#This Row],[RunningReportDate]]) -> 5 | CZ18: =181-Table_ExternalData_14[[#This Row],[DaysOD]] -> 5 | DA18: =IF(Table_ExternalData_14[[#This Row],[Status]]="PU-WC",0,Table_ExternalData_14[[#This Row],[Amount_CWO]]/1000000) -> 167.92178 | DB18: =IF(Table_ExternalData_14[[#This Row],[Status]]="PU-WC",0,IF(Table_ExternalData_14[[#This Row],[Keterangan_Sukses-new]]="RB",1,IF(Table_ExternalData_14[[#This Row],[Keterangan_Sukses-new]]="STAY",1,IF(Table_ExternalData_14[[#This Row],[Keterangan_Sukses-new]]="BTC",1,IF(ISERROR(FIND("SEBELUM",Table_ExternalData_14[[#This Row],[Keterangan_Sukses-new]],1)),0,1))))) -> 0 | DC18: =IF(Table_ExternalData_14[[#This Row],[Status]]="PU-WC",0,IF(Table_ExternalData_14[[#This Row],[Success CWO]]=1,Table_ExternalData_14[[#This Row],[CWO Amt]],0)) -> 0 | DD18: =IF(AND(Table_ExternalData_14[[#This Row],[Status]]="InsuranceClaim",Table_ExternalData_14[[#This Row],[TglTarik]]>0),0,IF(Table_ExternalData_14[[#This Row],[ContractID]]="1547220000067",0,IF(Table_ExternalData_14[[#This Row],[Status]]="PU-WC",0,IF(Table_ExternalData_14[[#This Row],[Tgl WO-in]]<= DAY(Table_ExternalData_14[[#This Row],[Period]]),Table_ExternalData_14[[#This Row],[Amount_WO]]/1000000,0)))) -> 167.92178 | DE18: =DAY(Table_ExternalData_14[[#This Row],[Tanggal_Sukses-new]]) -> 0 | DF18: =IF(Table_ExternalData_14[[#This Row],[Status]]="PU-WC",0,IF(SUM(Table_ExternalData_14[[#This Row],[Success CWO]:[WO-In-Amt]])=0,1,0)) -> 0 | DG18: =IF(AND(Table_ExternalData_14[[#This Row],[Status]]="InsuranceClaim",Table_ExternalData_14[[#This Row],[TglTarik]]>0),0,IF(Table_ExternalData_14[[#This Row],[Status]]="PU-WC",0,IF(Table_ExternalData_14[[#This Row],[Potensi WO]]=1,Table_ExternalData_14[[#This Row],[CWO Amt]],0))) -> 0 | DH18: =VLOOKUP(Table_ExternalData_14[[#This Row],[BranchID]],KC!$A:$K,5,0) -> 4W | DI18: =VLOOKUP(Table_ExternalData_14[[#This Row],[BranchID]],KC!$A:$K,8,0) -> 06. Sulawesi | DJ18: =VLOOKUP(Table_ExternalData_14[[#This Row],[BranchID]],KC!$A:$K,9,0) -> MANADO | DK18: =IF(Table_ExternalData_14[[#This Row],[Tanggal_Sukses]]=" ",Table_ExternalData_14[[#This Row],[Tanggal_Sukses]],VLOOKUP(Table_ExternalData_14[[#This Row],[ContractID]],Bantuan!$A:$C,2,0)) -> 0 | DL18: =IF(Table_ExternalData_14[[#This Row],[Keterangan_Sukses]]=" ",Table_ExternalData_14[[#This Row],[Keterangan_Sukses]],VLOOKUP(Table_ExternalData_14[[#This Row],[ContractID]],Bantuan!$A:$C,3,0)) -> 0
A19: 1534 | B19: SOLO | C19: 46142 | D19: 45966 | E19: 44722 | F19: 1534C20190700049 | G19: 1534220000070 | H19: KUSTINI | I19: JL WZ YOHANES 40 RT 003 RW 007 Kel.PURWODININGRATAN Kec. JEBRES Kota SURAKARTA (SOLO) 57128 | J19: 57128 | L19: 57128 | M19: PURWODININGRATAN | N19: JEBRES | O19: SURAKARTA (SOLO) | P19: 15340000 | Q19: Solo | T19: 153**** | U19: 153**** | V19: 08121****** | W19: MOBIL Baru | X19: SUZUKI | Y19: CARRY PU 1.5 | Z19: NEW CARRY PU FD | AA19: MHYHDC61TNJ224549 | AB19: K15BT1384742 | AC19: AD9818A | AD19: 67680000 | AE19: 58576101 | AF19: 50760000 | AG19: 16920000 | AH19: 20290240 | AI19: 102500 | AJ19: 2820000 | AK19: 176 | AL19: 6 | AM19: 40 | AN19: 63 | AO19: 06.151-180 | AP19: 06.151-180 | AQ19: 03.RO | BF19: Coll-Head | BG19: Collectible | BH19: 7 | BI19: 19740000 | BN19: 46173 | BO19: 1 | BP19: 46149 | BQ19: Coll Harian | BR19: 183 | BS19: 45966 | BT19: 67680000 | BU19: 0 | BV19: 1 | BW19: 0 | BX19: 0 | BY19: 0 | BZ19: 0 | CA19: 0 | CB19: 0 | CD19: 0 | CF19: 0 | CH19: 0 | CJ19: 0 | CL19: 0 | CM19: 46149 | CN19: 4W | CO19: 58473601 | CP19: 58473601 | CQ19: 5 | CT19: 0 | CU19: SOLO - MBL | CV19: 04. Jawa Tengah | CW19: 46149 | CX19: Last Month | CY19: =MONTH(Table_ExternalData_14[[#This Row],[RunningReportDate]]) -> 5 | CZ19: =181-Table_ExternalData_14[[#This Row],[DaysOD]] -> 5 | DA19: =IF(Table_ExternalData_14[[#This Row],[Status]]="PU-WC",0,Table_ExternalData_14[[#This Row],[Amount_CWO]]/1000000) -> 58.473601 | DB19: =IF(Table_ExternalData_14[[#This Row],[Status]]="PU-WC",0,IF(Table_ExternalData_14[[#This Row],[Keterangan_Sukses-new]]="RB",1,IF(Table_ExternalData_14[[#This Row],[Keterangan_Sukses-new]]="STAY",1,IF(Table_ExternalData_14[[#This Row],[Keterangan_Sukses-new]]="BTC",1,IF(ISERROR(FIND("SEBELUM",Table_ExternalData_14[[#This Row],[Keterangan_Sukses-new]],1)),0,1))))) -> 0 | DC19: =IF(Table_ExternalData_14[[#This Row],[Status]]="PU-WC",0,IF(Table_ExternalData_14[[#This Row],[Success CWO]]=1,Table_ExternalData_14[[#This Row],[CWO Amt]],0)) -> 0 | DD19: =IF(AND(Table_ExternalData_14[[#This Row],[Status]]="InsuranceClaim",Table_ExternalData_14[[#This Row],[TglTarik]]>0),0,IF(Table_ExternalData_14[[#This Row],[ContractID]]="1547220000067",0,IF(Table_ExternalData_14[[#This Row],[Status]]="PU-WC",0,IF(Table_ExternalData_14[[#This Row],[Tgl WO-in]]<= DAY(Table_ExternalData_14[[#This Row],[Period]]),Table_ExternalData_14[[#This Row],[Amount_WO]]/1000000,0)))) -> 58.473601 | DE19: =DAY(Table_ExternalData_14[[#This Row],[Tanggal_Sukses-new]]) -> 0 | DF19: =IF(Table_ExternalData_14[[#This Row],[Status]]="PU-WC",0,IF(SUM(Table_ExternalData_14[[#This Row],[Success CWO]:[WO-In-Amt]])=0,1,0)) -> 0 | DG19: =IF(AND(Table_ExternalData_14[[#This Row],[Status]]="InsuranceClaim",Table_ExternalData_14[[#This Row],[TglTarik]]>0),0,IF(Table_ExternalData_14[[#This Row],[Status]]="PU-WC",0,IF(Table_ExternalData_14[[#This Row],[Potensi WO]]=1,Table_ExternalData_14[[#This Row],[CWO Amt]],0))) -> 0 | DH19: =VLOOKUP(Table_ExternalData_14[[#This Row],[BranchID]],KC!$A:$K,5,0) -> 4W | DI19: =VLOOKUP(Table_ExternalData_14[[#This Row],[BranchID]],KC!$A:$K,8,0) -> 03. Jawa Tengah | DJ19: =VLOOKUP(Table_ExternalData_14[[#This Row],[BranchID]],KC!$A:$K,9,0) -> SOLO | DK19: =IF(Table_ExternalData_14[[#This Row],[Tanggal_Sukses]]=" ",Table_ExternalData_14[[#This Row],[Tanggal_Sukses]],VLOOKUP(Table_ExternalData_14[[#This Row],[ContractID]],Bantuan!$A:$C,2,0)) -> 0 | DL19: =IF(Table_ExternalData_14[[#This Row],[Keterangan_Sukses]]=" ",Table_ExternalData_14[[#This Row],[Keterangan_Sukses]],VLOOKUP(Table_ExternalData_14[[#This Row],[ContractID]],Bantuan!$A:$C,3,0)) -> 0
A20: 1534 | B20: SOLO | C20: 46142 | D20: 45992 | E20: 44923 | F20: 1534C20221200008 | G20: 1534220000162 | H20: SITI MANDUROH | I20: DONGKELAN RT 001 RW 014 Kel.DRONO Kec. NGAWEN Kota KLATEN 57466 | J20: 57466 | L20: 57466 | M20: DRONO | N20: NGAWEN | O20: KLATEN | P20: 15340000 | Q20: Solo | T20: 1750**** | U20: 1750**** | V20: 08571******* | W20: MOBIL Baru | X20: SUZUKI | Y20: CARRY PU 1.5 | Z20: NEW CARRY PU FD | AA20: MHYHDC61TNJ257773 | AB20: K15BT1464230 | AC20: AD9097AC | AD20: 93600000 | AE20: 76822475 | AF20: 75600000 | AG20: 18000000 | AH20: 39328000 | AI20: 0 | AJ20: 3600000 | AK20: 150 | AL20: 5 | AM20: 35 | AN20: 60 | AO20: 05.121-150 | AP20: 05.121-150 | AQ20: 03.RO | AR20: 154199 | AS20: 20081206507 | AT20: NANANG PRASETYA | AU20: 0 | AX20: RMC | AY20: 152071 | AZ20: 20110410784 | BA20: ANDI BUDIYANTO | BB20: RMH | BC20: 0 | BF20: Coll-Head | BG20: Collectible | BH20: 6 | BI20: 21600000 | BN20: 46173 | BO20: 1 | BP20: 46149 | BQ20: Coll Harian | BR20: 157 | BS20: 45992 | BT20: 93600000 | BU20: 0 | BV20: 1 | BW20: 0 | BX20: 0 | BY20: 0 | BZ20: 0 | CA20: 0 | CB20: 0 | CD20: 0 | CF20: 0 | CH20: 0 | CJ20: 0 | CL20: 0 | CM20: 46149 | CN20: 4W | CO20: 76822475 | CP20: 76822475 | CQ20: 31 | CT20: 0 | CU20: SOLO - MBL | CV20: 04. Jawa Tengah | CW20: 46149 | CX20: Last Month | CY20: =MONTH(Table_ExternalData_14[[#This Row],[RunningReportDate]]) -> 5 | CZ20: =181-Table_ExternalData_14[[#This Row],[DaysOD]] -> 31 | DA20: =IF(Table_ExternalData_14[[#This Row],[Status]]="PU-WC",0,Table_ExternalData_14[[#This Row],[Amount_CWO]]/1000000) -> 76.822475 | DB20: =IF(Table_ExternalData_14[[#This Row],[Status]]="PU-WC",0,IF(Table_ExternalData_14[[#This Row],[Keterangan_Sukses-new]]="RB",1,IF(Table_ExternalData_14[[#This Row],[Keterangan_Sukses-new]]="STAY",1,IF(Table_ExternalData_14[[#This Row],[Keterangan_Sukses-new]]="BTC",1,IF(ISERROR(FIND("SEBELUM",Table_ExternalData_14[[#This Row],[Keterangan_Sukses-new]],1)),0,1))))) -> 0 | DC20: =IF(Table_ExternalData_14[[#This Row],[Status]]="PU-WC",0,IF(Table_ExternalData_14[[#This Row],[Success CWO]]=1,Table_ExternalData_14[[#This Row],[CWO Amt]],0)) -> 0 | DD20: =IF(AND(Table_ExternalData_14[[#This Row],[Status]]="InsuranceClaim",Table_ExternalData_14[[#This Row],[TglTarik]]>0),0,IF(Table_ExternalData_14[[#This Row],[ContractID]]="1547220000067",0,IF(Table_ExternalData_14[[#This Row],[Status]]="PU-WC",0,IF(Table_ExternalData_14[[#This Row],[Tgl WO-in]]<= DAY(Table_ExternalData_14[[#This Row],[Period]]),Table_ExternalData_14[[#This Row],[Amount_WO]]/1000000,0)))) -> 0 | DE20: =DAY(Table_ExternalData_14[[#This Row],[Tanggal_Sukses-new]]) -> 0 | DF20: =IF(Table_ExternalData_14[[#This Row],[Status]]="PU-WC",0,IF(SUM(Table_ExternalData_14[[#This Row],[Success CWO]:[WO-In-Amt]])=0,1,0)) -> 1 | DG20: =IF(AND(Table_ExternalData_14[[#This Row],[Status]]="InsuranceClaim",Table_ExternalData_14[[#This Row],[TglTarik]]>0),0,IF(Table_ExternalData_14[[#This Row],[Status]]="PU-WC",0,IF(Table_ExternalData_14[[#This Row],[Potensi WO]]=1,Table_ExternalData_14[[#This Row],[CWO Amt]],0))) -> 76.822475 | DH20: =VLOOKUP(Table_ExternalData_14[[#This Row],[BranchID]],KC!$A:$K,5,0) -> 4W | DI20: =VLOOKUP(Table_ExternalData_14[[#This Row],[BranchID]],KC!$A:$K,8,0) -> 03. Jawa Tengah | DJ20: =VLOOKUP(Table_ExternalData_14[[#This Row],[BranchID]],KC!$A:$K,9,0) -> SOLO | DK20: =IF(Table_ExternalData_14[[#This Row],[Tanggal_Sukses]]=" ",Table_ExternalData_14[[#This Row],[Tanggal_Sukses]],VLOOKUP(Table_ExternalData_14[[#This Row],[ContractID]],Bantuan!$A:$C,2,0)) -> 0 | DL20: =IF(Table_ExternalData_14[[#This Row],[Keterangan_Sukses]]=" ",Table_ExternalData_14[[#This Row],[Keterangan_Sukses]],VLOOKUP(Table_ExternalData_14[[#This Row],[ContractID]],Bantuan!$A:$C,3,0)) -> 0
A21: 1534 | B21: SOLO | C21: 46142 | D21: 45966 | E21: 45351 | F21: 1534C20240200009 | G21: 1534240000015 | H21: YAYUK PURWANINGSIH | I21: KLEGEN RT 001 RW 005 Kel.JAMBU KIDUL Kec. CEPER Kota KLATEN 57465 | J21: 57465 | L21: 57465 | M21: JAMBU KIDUL | N21: CEPER | O21: KLATEN | P21: 15340000 | Q21: Solo | V21: 08121******* | W21: MOBIL Baru | X21: SUZUKI | Y21: XL7 | Z21: NEW XL7 BETA AT HYBRID | AA21: MHYANC32SPJ113254 | AB21: K15BT1589233 | AC21: AD1537BV | AD21: 281465000 | AE21: 2.0877925e+08 | AF21: 240275000 | AG21: 41190000 | AH21: 33483600 | AI21: 0 | AJ21: 6865000 | AK21: 176 | AL21: 6 | AM21: 20 | AN21: 60 | AO21: 06.151-180 | AP21: 06.151-180 | AQ21: 03.RO | BF21: Coll-Head | BG21: Collectible | BH21: 7 | BI21: 48055000 | BN21: 46173 | BO21: 1 | BP21: 46149 | BQ21: Coll Harian | BR21: 183 | BS21: 45966 | BT21: 281465000 | BU21: 0 | BV21: 1 | BW21: 0 | BX21: 0 | BY21: 0 | BZ21: 0 | CA21: 0 | CB21: 0 | CD21: 0 | CF21: 0 | CH21: 0 | CJ21: 0 | CL21: 0 | CM21: 46149 | CN21: 4W | CO21: 2.0877925e+08 | CP21: 2.0877925e+08 | CQ21: 5 | CT21: 0 | CU21: SOLO - MBL | CV21: 04. Jawa Tengah | CW21: 46149 | CX21: Last Month | CY21: =MONTH(Table_ExternalData_14[[#This Row],[RunningReportDate]]) -> 5 | CZ21: =181-Table_ExternalData_14[[#This Row],[DaysOD]] -> 5 | DA21: =IF(Table_ExternalData_14[[#This Row],[Status]]="PU-WC",0,Table_ExternalData_14[[#This Row],[Amount_CWO]]/1000000) -> 208.77925 | DB21: =IF(Table_ExternalData_14[[#This Row],[Status]]="PU-WC",0,IF(Table_ExternalData_14[[#This Row],[Keterangan_Sukses-new]]="RB",1,IF(Table_ExternalData_14[[#This Row],[Keterangan_Sukses-new]]="STAY",1,IF(Table_ExternalData_14[[#This Row],[Keterangan_Sukses-new]]="BTC",1,IF(ISERROR(FIND("SEBELUM",Table_ExternalData_14[[#This Row],[Keterangan_Sukses-new]],1)),0,1))))) -> 0 | DC21: =IF(Table_ExternalData_14[[#This Row],[Status]]="PU-WC",0,IF(Table_ExternalData_14[[#This Row],[Success CWO]]=1,Table_ExternalData_14[[#This Row],[CWO Amt]],0)) -> 0 | DD21: =IF(AND(Table_ExternalData_14[[#This Row],[Status]]="InsuranceClaim",Table_ExternalData_14[[#This Row],[TglTarik]]>0),0,IF(Table_ExternalData_14[[#This Row],[ContractID]]="1547220000067",0,IF(Table_ExternalData_14[[#This Row],[Status]]="PU-WC",0,IF(Table_ExternalData_14[[#This Row],[Tgl WO-in]]<= DAY(Table_ExternalData_14[[#This Row],[Period]]),Table_ExternalData_14[[#This Row],[Amount_WO]]/1000000,0)))) -> 208.77925 | DE21: =DAY(Table_ExternalData_14[[#This Row],[Tanggal_Sukses-new]]) -> 0 | DF21: =IF(Table_ExternalData_14[[#This Row],[Status]]="PU-WC",0,IF(SUM(Table_ExternalData_14[[#This Row],[Success CWO]:[WO-In-Amt]])=0,1,0)) -> 0 | DG21: =IF(AND(Table_ExternalData_14[[#This Row],[Status]]="InsuranceClaim",Table_ExternalData_14[[#This Row],[TglTarik]]>0),0,IF(Table_ExternalData_14[[#This Row],[Status]]="PU-WC",0,IF(Table_ExternalData_14[[#This Row],[Potensi WO]]=1,Table_ExternalData_14[[#This Row],[CWO Amt]],0))) -> 0 | DH21: =VLOOKUP(Table_ExternalData_14[[#This Row],[BranchID]],KC!$A:$K,5,0) -> 4W | DI21: =VLOOKUP(Table_ExternalData_14[[#This Row],[BranchID]],KC!$A:$K,8,0) -> 03. Jawa Tengah | DJ21: =VLOOKUP(Table_ExternalData_14[[#This Row],[BranchID]],KC!$A:$K,9,0) -> SOLO | DK21: =IF(Table_ExternalData_14[[#This Row],[Tanggal_Sukses]]=" ",Table_ExternalData_14[[#This Row],[Tanggal_Sukses]],VLOOKUP(Table_ExternalData_14[[#This Row],[ContractID]],Bantuan!$A:$C,2,0)) -> 0 | DL21: =IF(Table_ExternalData_14[[#This Row],[Keterangan_Sukses]]=" ",Table_ExternalData_14[[#This Row],[Keterangan_Sukses]],VLOOKUP(Table_ExternalData_14[[#This Row],[ContractID]],Bantuan!$A:$C,3,0)) -> 0
A22: 1534 | B22: SOLO | C22: 46142 | D22: 45966 | E22: 45503 | F22: 1534C20240700011 | G22: 1534240000070 | H22: SUPRIYANTO | I22: JOYOTAKAN RT 005 RW 003 Kel.JOYOTAKAN Kec. SERENGAN Kota SURAKARTA (SOLO) 57157 | J22: 57157 | L22: 57157 | M22: JOYOTAKAN | N22: SERENGAN | O22: SURAKARTA (SOLO) | P22: 15340000 | Q22: Solo | V22: 08132******* | W22: MOBIL Bekas | X22: SUZUKI | Y22: CARRY PU 1.5 | Z22: NEW CARRY PU FD AC PS | AA22: MHYHDC61TPJ246029 | AB22: K15BT1571824 | AC22: AD8654BB | AD22: 125596000 | AE22: 1.0317195e+08 | AF22: 103432000 | AG22: 22164000 | AH22: 22967720 | AI22: 150000 | AJ22: 3694000 | AK22: 176 | AL22: 6 | AM22: 15 | AN22: 48 | AO22: 06.151-180 | AP22: 06.151-180 | AQ22: 03.RO | BF22: Coll-Head | BG22: Collectible | BH22: 7 | BI22: 25858000 | BN22: 46173 | BO22: 1 | BP22: 46149 | BQ22: Coll Harian | BR22: 183 | BS22: 45966 | BT22: 125596000 | BU22: 0 | BV22: 1 | BW22: 0 | BX22: 0 | BY22: 0 | BZ22: 0 | CA22: 0 | CB22: 0 | CD22: 0 | CF22: 0 | CH22: 0 | CJ22: 0 | CL22: 0 | CM22: 46149 | CN22: 4W | CO22: 1.0302195e+08 | CP22: 1.0302195e+08 | CQ22: 5 | CT22: 0 | CU22: SOLO - MBL | CV22: 04. Jawa Tengah | CW22: 46149 | CX22: Last Month | CY22: =MONTH(Table_ExternalData_14[[#This Row],[RunningReportDate]]) -> 5 | CZ22: =181-Table_ExternalData_14[[#This Row],[DaysOD]] -> 5 | DA22: =IF(Table_ExternalData_14[[#This Row],[Status]]="PU-WC",0,Table_ExternalData_14[[#This Row],[Amount_CWO]]/1000000) -> 103.02195 | DB22: =IF(Table_ExternalData_14[[#This Row],[Status]]="PU-WC",0,IF(Table_ExternalData_14[[#This Row],[Keterangan_Sukses-new]]="RB",1,IF(Table_ExternalData_14[[#This Row],[Keterangan_Sukses-new]]="STAY",1,IF(Table_ExternalData_14[[#This Row],[Keterangan_Sukses-new]]="BTC",1,IF(ISERROR(FIND("SEBELUM",Table_ExternalData_14[[#This Row],[Keterangan_Sukses-new]],1)),0,1))))) -> 0 | DC22: =IF(Table_ExternalData_14[[#This Row],[Status]]="PU-WC",0,IF(Table_ExternalData_14[[#This Row],[Success CWO]]=1,Table_ExternalData_14[[#This Row],[CWO Amt]],0)) -> 0 | DD22: =IF(AND(Table_ExternalData_14[[#This Row],[Status]]="InsuranceClaim",Table_ExternalData_14[[#This Row],[TglTarik]]>0),0,IF(Table_ExternalData_14[[#This Row],[ContractID]]="1547220000067",0,IF(Table_ExternalData_14[[#This Row],[Status]]="PU-WC",0,IF(Table_ExternalData_14[[#This Row],[Tgl WO-in]]<= DAY(Table_ExternalData_14[[#This Row],[Period]]),Table_ExternalData_14[[#This Row],[Amount_WO]]/1000000,0)))) -> 103.02195 | DE22: =DAY(Table_ExternalData_14[[#This Row],[Tanggal_Sukses-new]]) -> 0 | DF22: =IF(Table_ExternalData_14[[#This Row],[Status]]="PU-WC",0,IF(SUM(Table_ExternalData_14[[#This Row],[Success CWO]:[WO-In-Amt]])=0,1,0)) -> 0 | DG22: =IF(AND(Table_ExternalData_14[[#This Row],[Status]]="InsuranceClaim",Table_ExternalData_14[[#This Row],[TglTarik]]>0),0,IF(Table_ExternalData_14[[#This Row],[Status]]="PU-WC",0,IF(Table_ExternalData_14[[#This Row],[Potensi WO]]=1,Table_ExternalData_14[[#This Row],[CWO Amt]],0))) -> 0 | DH22: =VLOOKUP(Table_ExternalData_14[[#This Row],[BranchID]],KC!$A:$K,5,0) -> 4W | DI22: =VLOOKUP(Table_ExternalData_14[[#This Row],[BranchID]],KC!$A:$K,8,0) -> 03. Jawa Tengah | DJ22: =VLOOKUP(Table_ExternalData_14[[#This Row],[BranchID]],KC!$A:$K,9,0) -> SOLO | DK22: =IF(Table_ExternalData_14[[#This Row],[Tanggal_Sukses]]=" ",Table_ExternalData_14[[#This Row],[Tanggal_Sukses]],VLOOKUP(Table_ExternalData_14[[#This Row],[ContractID]],Bantuan!$A:$C,2,0)) -> 0 | DL22: =IF(Table_ExternalData_14[[#This Row],[Keterangan_Sukses]]=" ",Table_ExternalData_14[[#This Row],[Keterangan_Sukses]],VLOOKUP(Table_ExternalData_14[[#This Row],[ContractID]],Bantuan!$A:$C,3,0)) -> 0
A23: 1529 | B23: BALIKPAPAN | C23: 46142 | D23: 45986 | E23: 44649 | F23: 1529C20220300068 | G23: 1529220000081 | H23: JAELANI | I23: JL. MARITAM KELUBIR RT 008 RW 003 Kel.KELUBIR Kec. TANJUNG PALAS UTARA Kota BULUNGAN 77253 | J23: 77253 | L23: 77253 | M23: KELUBIR | N23: TANJUNG PALAS UTARA | O23: BULUNGAN | P23: 15290005 | Q23: Bulungan | T23: 4733**** | U23: 4733**** | V23: 08134******* | W23: MOBIL Baru | X23: SUZUKI | Y23: CARRY PU 1.5 | Z23: NEW CARRY PU WD AC PS | AA23: MHYHDC61TNJ219900 | AB23: K15BT1374664 | AC23: KU 8605 AC | AD23: 71264000 | AE23: 61999056 | AF23: 46112000 | AG23: 25152000 | AH23: 58507060 | AI23: 744000 | AJ23: 4192000 | AK23: 156 | AL23: 6 | AM23: 44 | AN23: 60 | AO23: 06.151-180 | AP23: 06.151-180 | AQ23: 03.RO | AR23: 160004 | AS23: 20250524282 | AT23: REZKI SUCI | AU23: 1529ARC003 | AV23: 00000000000 | AW23: TIDAK ADA | AX23: RMC | AY23: 159154 | AZ23: 20250424231 | BA23: ALEX SANDRA | BB23: RMH | BC23: 1529CH003 | BD23: 20171100044 | BE23: TDK ADA | BF23: Coll-Head | BG23: Collectible | BH23: 7 | BI23: 29344000 | BN23: 46173 | BO23: 1 | BP23: 46149 | BQ23: Coll Harian | BR23: 163 | BS23: 45986 | BT23: 71264000 | BU23: 0 | BV23: 1 | BW23: 0 | BX23: 0 | BY23: 0 | BZ23: 0 | CA23: 0 | CB23: 0 | CD23: 0 | CF23: 0 | CH23: 0 | CJ23: 0 | CL23: 0 | CM23: 46149 | CN23: 4W | CO23: 61255056 | CP23: 61255056 | CQ23: 25 | CT23: 0 | CU23: BALIKPAPAN - MBL | CV23: 09. Kalimantan | CW23: 46149 | CX23: Last Month | CY23: =MONTH(Table_ExternalData_14[[#This Row],[RunningReportDate]]) -> 5 | CZ23: =181-Table_ExternalData_14[[#This Row],[DaysOD]] -> 25 | DA23: =IF(Table_ExternalData_14[[#This Row],[Status]]="PU-WC",0,Table_ExternalData_14[[#This Row],[Amount_CWO]]/1000000) -> 61.255056 | DB23: =IF(Table_ExternalData_14[[#This Row],[Status]]="PU-WC",0,IF(Table_ExternalData_14[[#This Row],[Keterangan_Sukses-new]]="RB",1,IF(Table_ExternalData_14[[#This Row],[Keterangan_Sukses-new]]="STAY",1,IF(Table_ExternalData_14[[#This Row],[Keterangan_Sukses-new]]="BTC",1,IF(ISERROR(FIND("SEBELUM",Table_ExternalData_14[[#This Row],[Keterangan_Sukses-new]],1)),0,1))))) -> 0 | DC23: =IF(Table_ExternalData_14[[#This Row],[Status]]="PU-WC",0,IF(Table_ExternalData_14[[#This Row],[Success CWO]]=1,Table_ExternalData_14[[#This Row],[CWO Amt]],0)) -> 0 | DD23: =IF(AND(Table_ExternalData_14[[#This Row],[Status]]="InsuranceClaim",Table_ExternalData_14[[#This Row],[TglTarik]]>0),0,IF(Table_ExternalData_14[[#This Row],[ContractID]]="1547220000067",0,IF(Table_ExternalData_14[[#This Row],[Status]]="PU-WC",0,IF(Table_ExternalData_14[[#This Row],[Tgl WO-in]]<= DAY(Table_ExternalData_14[[#This Row],[Period]]),Table_ExternalData_14[[#This Row],[Amount_WO]]/1000000,0)))) -> 0 | DE23: =DAY(Table_ExternalData_14[[#This Row],[Tanggal_Sukses-new]]) -> 0 | DF23: =IF(Table_ExternalData_14[[#This Row],[Status]]="PU-WC",0,IF(SUM(Table_ExternalData_14[[#This Row],[Success CWO]:[WO-In-Amt]])=0,1,0)) -> 1 | DG23: =IF(AND(Table_ExternalData_14[[#This Row],[Status]]="InsuranceClaim",Table_ExternalData_14[[#This Row],[TglTarik]]>0),0,IF(Table_ExternalData_14[[#This Row],[Status]]="PU-WC",0,IF(Table_ExternalData_14[[#This Row],[Potensi WO]]=1,Table_ExternalData_14[[#This Row],[CWO Amt]],0))) -> 61.255056 | DH23: =VLOOKUP(Table_ExternalData_14[[#This Row],[BranchID]],KC!$A:$K,5,0) -> 4W | DI23: =VLOOKUP(Table_ExternalData_14[[#This Row],[BranchID]],KC!$A:$K,8,0) -> 05. Kalimantan | DJ23: =VLOOKUP(Table_ExternalData_14[[#This Row],[BranchID]],KC!$A:$K,9,0) -> BALIKPAPAN | DK23: =IF(Table_ExternalData_14[[#This Row],[Tanggal_Sukses]]=" ",Table_ExternalData_14[[#This Row],[Tanggal_Sukses]],VLOOKUP(Table_ExternalData_14[[#This Row],[ContractID]],Bantuan!$A:$C,2,0)) -> 0 | DL23: =IF(Table_ExternalData_14[[#This Row],[Keterangan_Sukses]]=" ",Table_ExternalData_14[[#This Row],[Keterangan_Sukses]],VLOOKUP(Table_ExternalData_14[[#This Row],[ContractID]],Bantuan!$A:$C,3,0)) -> 0
A24: 1529 | B24: BALIKPAPAN | C24: 46142 | D24: 45965 | E24: 44567 | F24: 1529C20220100004 | G24: 1529220000002 | H24: ISMAIL | I24: JL. SAMBU KPAD GN. TEKHNIK NO. 09 RT 006 RW 000 Kel.PRAPATAN Kec. BALIKPAPAN SELATAN Kota BALIKPAPAN 76111 | J24: 76111 | L24: 76111 | M24: PRAPATAN | N24: BALIKPAPAN SELATAN | O24: BALIKPAPAN | P24: 15290000 | Q24: Balikpapan | U24: 5415**** | V24: 08125******* | W24: MOBIL Baru | X24: SUZUKI | Y24: CARRY PU 1.5 | Z24: NEW CARRY PU WD AC PS | AA24: MHYHDC61TMJ258287 | AB24: K15BT1345452 | AC24: KT 8149 YT | AD24: 13350000 | AE24: 12961922 | AF24: 0 | AG24: 13350000 | AH24: 42447540 | AI24: 150000 | AJ24: 4450000 | AK24: 177 | AL24: 3 | AM24: 46 | AN24: 48 | AO24: 06.151-180 | AP24: 06.151-180 | AQ24: 03.RO | AR24: 155171 | AS24: 20190822175 | AT24: ACHMAD RUSLI ST | AU24: 1529ARC003 | AV24: 00000000000 | AW24: TIDAK ADA | AX24: RMC | AY24: 159154 | AZ24: 20250424231 | BA24: ALEX SANDRA | BB24: RMH | BC24: 1529CH003 | BD24: 20171100044 | BE24: TDK ADA | BF24: Coll-Head | BG24: Collectible | BH24: 3 | BI24: 13350000 | BN24: 46173 | BO24: 1 | BP24: 46149 | BQ24: Coll Harian | BR24: 184 | BS24: 45965 | BT24: 13350000 | BU24: 0 | BV24: 1 | BW24: 0 | BX24: 0 | BY24: 0 | BZ24: 0 | CA24: 0 | CB24: 0 | CD24: 0 | CF24: 0 | CH24: 0 | CJ24: 0 | CL24: 0 | CM24: 46149 | CN24: 4W | CO24: 12811922 | CP24: 12811922 | CQ24: 4 | CT24: 0 | CU24: BALIKPAPAN - MBL | CV24: 09. Kalimantan | CW24: 46149 | CX24: Last Month | CY24: =MONTH(Table_ExternalData_14[[#This Row],[RunningReportDate]]) -> 5 | CZ24: =181-Table_ExternalData_14[[#This Row],[DaysOD]] -> 4 | DA24: =IF(Table_ExternalData_14[[#This Row],[Status]]="PU-WC",0,Table_ExternalData_14[[#This Row],[Amount_CWO]]/1000000) -> 12.811922 | DB24: =IF(Table_ExternalData_14[[#This Row],[Status]]="PU-WC",0,IF(Table_ExternalData_14[[#This Row],[Keterangan_Sukses-new]]="RB",1,IF(Table_ExternalData_14[[#This Row],[Keterangan_Sukses-new]]="STAY",1,IF(Table_ExternalData_14[[#This Row],[Keterangan_Sukses-new]]="BTC",1,IF(ISERROR(FIND("SEBELUM",Table_ExternalData_14[[#This Row],[Keterangan_Sukses-new]],1)),0,1))))) -> 0 | DC24: =IF(Table_ExternalData_14[[#This Row],[Status]]="PU-WC",0,IF(Table_ExternalData_14[[#This Row],[Success CWO]]=1,Table_ExternalData_14[[#This Row],[CWO Amt]],0)) -> 0 | DD24: =IF(AND(Table_ExternalData_14[[#This Row],[Status]]="InsuranceClaim",Table_ExternalData_14[[#This Row],[TglTarik]]>0),0,IF(Table_ExternalData_14[[#This Row],[ContractID]]="1547220000067",0,IF(Table_ExternalData_14[[#This Row],[Status]]="PU-WC",0,IF(Table_ExternalData_14[[#This Row],[Tgl WO-in]]<= DAY(Table_ExternalData_14[[#This Row],[Period]]),Table_ExternalData_14[[#This Row],[Amount_WO]]/1000000,0)))) -> 12.811922 | DE24: =DAY(Table_ExternalData_14[[#This Row],[Tanggal_Sukses-new]]) -> 0 | DF24: =IF(Table_ExternalData_14[[#This Row],[Status]]="PU-WC",0,IF(SUM(Table_ExternalData_14[[#This Row],[Success CWO]:[WO-In-Amt]])=0,1,0)) -> 0 | DG24: =IF(AND(Table_ExternalData_14[[#This Row],[Status]]="InsuranceClaim",Table_ExternalData_14[[#This Row],[TglTarik]]>0),0,IF(Table_ExternalData_14[[#This Row],[Status]]="PU-WC",0,IF(Table_ExternalData_14[[#This Row],[Potensi WO]]=1,Table_ExternalData_14[[#This Row],[CWO Amt]],0))) -> 0 | DH24: =VLOOKUP(Table_ExternalData_14[[#This Row],[BranchID]],KC!$A:$K,5,0) -> 4W | DI24: =VLOOKUP(Table_ExternalData_14[[#This Row],[BranchID]],KC!$A:$K,8,0) -> 05. Kalimantan | DJ24: =VLOOKUP(Table_ExternalData_14[[#This Row],[BranchID]],KC!$A:$K,9,0) -> BALIKPAPAN | DK24: =IF(Table_ExternalData_14[[#This Row],[Tanggal_Sukses]]=" ",Table_ExternalData_14[[#This Row],[Tanggal_Sukses]],VLOOKUP(Table_ExternalData_14[[#This Row],[ContractID]],Bantuan!$A:$C,2,0)) -> 0 | DL24: =IF(Table_ExternalData_14[[#This Row],[Keterangan_Sukses]]=" ",Table_ExternalData_14[[#This Row],[Keterangan_Sukses]],VLOOKUP(Table_ExternalData_14[[#This Row],[ContractID]],Bantuan!$A:$C,3,0)) -> 0
A25: 1529 | B25: BALIKPAPAN | C25: 46142 | D25: 45971 | E25: 44513 | F25: 1529C20211000099 | G25: 1529210000251 | H25: MUHAMMAD DEDY S E | I25: JL. RAMANIA NO. 64 RT 029 RW 010 Kel.TANJUNG SELOR HILIR Kec. TANJUNG SELOR Kota BULUNGAN 77212 | J25: 77212 | L25: 77212 | M25: TANJUNG SELOR HILIR | N25: TANJUNG SELOR | O25: BULUNGAN | P25: 15290005 | Q25: Bulungan | T25: 5340**** | U25: 5340**** | V25: 08125******* | W25: MOBIL Baru | X25: SUZUKI | Y25: XL7 | Z25: XL7 ALPHA MT | AA25: MHYANC22SMJ119163 | AB25: K15BT1322732 | AC25: KU 1276 AE | AD25: 88738000 | AE25: 80251480 | AF25: 47782000 | AG25: 40956000 | AH25: 35325410 | AI25: 150000 | AJ25: 6826000 | AK25: 171 | AL25: 6 | AM25: 48 | AN25: 60 | AO25: 06.151-180 | AP25: 06.151-180 | AQ25: 03.RO | AR25: 160004 | AS25: 20250524282 | AT25: REZKI SUCI | AU25: 1529ARC003 | AV25: 00000000000 | AW25: TIDAK ADA | AX25: RMC | AY25: 159154 | AZ25: 20250424231 | BA25: ALEX SANDRA | BB25: RMH | BC25: 1529CH003 | BD25: 20171100044 | BE25: TDK ADA | BF25: Coll-Head | BG25: Collectible | BH25: 7 | BI25: 47782000 | BN25: 46173 | BO25: 1 | BP25: 46149 | BQ25: Coll Harian | BR25: 178 | BS25: 45971 | BT25: 88738000 | BU25: 0 | BV25: 1 | BW25: 0 | BX25: 0 | BY25: 0 | BZ25: 0 | CA25: 0 | CB25: 0 | CD25: 0 | CF25: 0 | CH25: 0 | CJ25: 0 | CL25: 0 | CM25: 46149 | CN25: 4W | CO25: 80101480 | CP25: 80101480 | CQ25: 10 | CT25: 0 | CU25: BALIKPAPAN - MBL | CV25: 09. Kalimantan | CW25: 46149 | CX25: Last Month | CY25: =MONTH(Table_ExternalData_14[[#This Row],[RunningReportDate]]) -> 5 | CZ25: =181-Table_ExternalData_14[[#This Row],[DaysOD]] -> 10 | DA25: =IF(Table_ExternalData_14[[#This Row],[Status]]="PU-WC",0,Table_ExternalData_14[[#This Row],[Amount_CWO]]/1000000) -> 80.10148 | DB25: =IF(Table_ExternalData_14[[#This Row],[Status]]="PU-WC",0,IF(Table_ExternalData_14[[#This Row],[Keterangan_Sukses-new]]="RB",1,IF(Table_ExternalData_14[[#This Row],[Keterangan_Sukses-new]]="STAY",1,IF(Table_ExternalData_14[[#This Row],[Keterangan_Sukses-new]]="BTC",1,IF(ISERROR(FIND("SEBELUM",Table_ExternalData_14[[#This Row],[Keterangan_Sukses-new]],1)),0,1))))) -> 0 | DC25: =IF(Table_ExternalData_14[[#This Row],[Status]]="PU-WC",0,IF(Table_ExternalData_14[[#This Row],[Success CWO]]=1,Table_ExternalData_14[[#This Row],[CWO Amt]],0)) -> 0 | DD25: =IF(AND(Table_ExternalData_14[[#This Row],[Status]]="InsuranceClaim",Table_ExternalData_14[[#This Row],[TglTarik]]>0),0,IF(Table_ExternalData_14[[#This Row],[ContractID]]="1547220000067",0,IF(Table_ExternalData_14[[#This Row],[Status]]="PU-WC",0,IF(Table_ExternalData_14[[#This Row],[Tgl WO-in]]<= DAY(Table_ExternalData_14[[#This Row],[Period]]),Table_ExternalData_14[[#This Row],[Amount_WO]]/1000000,0)))) -> 0 | DE25: =DAY(Table_ExternalData_14[[#This Row],[Tanggal_Sukses-new]]) -> 0 | DF25: =IF(Table_ExternalData_14[[#This Row],[Status]]="PU-WC",0,IF(SUM(Table_ExternalData_14[[#This Row],[Success CWO]:[WO-In-Amt]])=0,1,0)) -> 1 | DG25: =IF(AND(Table_ExternalData_14[[#This Row],[Status]]="InsuranceClaim",Table_ExternalData_14[[#This Row],[TglTarik]]>0),0,IF(Table_ExternalData_14[[#This Row],[Status]]="PU-WC",0,IF(Table_ExternalData_14[[#This Row],[Potensi WO]]=1,Table_ExternalData_14[[#This Row],[CWO Amt]],0))) -> 80.10148 | DH25: =VLOOKUP(Table_ExternalData_14[[#This Row],[BranchID]],KC!$A:$K,5,0) -> 4W | DI25: =VLOOKUP(Table_ExternalData_14[[#This Row],[BranchID]],KC!$A:$K,8,0) -> 05. Kalimantan | DJ25: =VLOOKUP(Table_ExternalData_14[[#This Row],[BranchID]],KC!$A:$K,9,0) -> BALIKPAPAN | DK25: =IF(Table_ExternalData_14[[#This Row],[Tanggal_Sukses]]=" ",Table_ExternalData_14[[#This Row],[Tanggal_Sukses]],VLOOKUP(Table_ExternalData_14[[#This Row],[ContractID]],Bantuan!$A:$C,2,0)) -> 0 | DL25: =IF(Table_ExternalData_14[[#This Row],[Keterangan_Sukses]]=" ",Table_ExternalData_14[[#This Row],[Keterangan_Sukses]],VLOOKUP(Table_ExternalData_14[[#This Row],[ContractID]],Bantuan!$A:$C,3,0)) -> 0
A26: 1528 | B26: CIREBON | C26: 46142 | D26: 45966 | E26: 45626 | F26: 1528C20241100046 | G26: 1528240000102 | H26: IMRON PARIS | I26: DUSUN II RT 003 RW 003 Kel.BENDUNGAN Kec. PANGENAN Kota CIREBON 45182 | J26: 45182 | L26: 45182 | M26: BENDUNGAN | N26: PANGENAN | O26: CIREBON | P26: 15280000 | Q26: Cirebon | V26: 089542******* | W26: MOBIL Baru | X26: SUZUKI | Y26: CARRY PU 1.5 | Z26: NEW CARRY PU FD AC PS | AA26: MHYHDC61TRJ225786 | AB26: K15BT1630254 | AC26: E8506MK | AD26: 144400000 | AE26: 1.1145526e+08 | AF26: 121600000 | AG26: 22800000 | AH26: 11552000 | AI26: 0 | AJ26: 3800000 | AK26: 176 | AL26: 6 | AM26: 11 | AN26: 48 | AO26: 06.151-180 | AP26: 06.151-180 | AQ26: 03.RO | BF26: Coll-Head | BG26: PU-WC | BH26: 7 | BI26: 26600000 | BK26: 46132 | BN26: 46173 | BO26: 1 | BP26: 46149 | BQ26: Coll Harian | BR26: 183 | BS26: 45966 | BT26: 144400000 | BU26: 0 | BV26: 1 | BW26: 0 | BX26: 0 | BY26: 0 | BZ26: 0 | CA26: 0 | CB26: 0 | CD26: 0 | CF26: 0 | CH26: 0 | CJ26: 0 | CL26: 0 | CM26: 46149 | CN26: 4W | CO26: 1.1145526e+08 | CP26: 0 | CQ26: 0 | CR26: 46132 | CS26: REPO SEBELUM WO | CT26: 1.1145526e+08 | CU26: CIREBON - MBL | CV26: 03. Jawa Barat | CW26: 46149 | CX26: Last Month | CY26: =MONTH(Table_ExternalData_14[[#This Row],[RunningReportDate]]) -> 5 | CZ26: =181-Table_ExternalData_14[[#This Row],[DaysOD]] -> 5 | DA26: =IF(Table_ExternalData_14[[#This Row],[Status]]="PU-WC",0,Table_ExternalData_14[[#This Row],[Amount_CWO]]/1000000) -> 0 | DB26: =IF(Table_ExternalData_14[[#This Row],[Status]]="PU-WC",0,IF(Table_ExternalData_14[[#This Row],[Keterangan_Sukses-new]]="RB",1,IF(Table_ExternalData_14[[#This Row],[Keterangan_Sukses-new]]="STAY",1,IF(Table_ExternalData_14[[#This Row],[Keterangan_Sukses-new]]="BTC",1,IF(ISERROR(FIND("SEBELUM",Table_ExternalData_14[[#This Row],[Keterangan_Sukses-new]],1)),0,1))))) -> 0 | DC26: =IF(Table_ExternalData_14[[#This Row],[Status]]="PU-WC",0,IF(Table_ExternalData_14[[#This Row],[Success CWO]]=1,Table_ExternalData_14[[#This Row],[CWO Amt]],0)) -> 0 | DD26: =IF(AND(Table_ExternalData_14[[#This Row],[Status]]="InsuranceClaim",Table_ExternalData_14[[#This Row],[TglTarik]]>0),0,IF(Table_ExternalData_14[[#This Row],[ContractID]]="1547220000067",0,IF(Table_ExternalData_14[[#This Row],[Status]]="PU-WC",0,IF(Table_ExternalData_14[[#This Row],[Tgl WO-in]]<= DAY(Table_ExternalData_14[[#This Row],[Period]]),Table_ExternalData_14[[#This Row],[Amount_WO]]/1000000,0)))) -> 0 | DE26: =DAY(Table_ExternalData_14[[#This Row],[Tanggal_Sukses-new]]) -> 20 | DF26: =IF(Table_ExternalData_14[[#This Row],[Status]]="PU-WC",0,IF(SUM(Table_ExternalData_14[[#This Row],[Success CWO]:[WO-In-Amt]])=0,1,0)) -> 0 | DG26: =IF(AND(Table_ExternalData_14[[#This Row],[Status]]="InsuranceClaim",Table_ExternalData_14[[#This Row],[TglTarik]]>0),0,IF(Table_ExternalData_14[[#This Row],[Status]]="PU-WC",0,IF(Table_ExternalData_14[[#This Row],[Potensi WO]]=1,Table_ExternalData_14[[#This Row],[CWO Amt]],0))) -> 0 | DH26: =VLOOKUP(Table_ExternalData_14[[#This Row],[BranchID]],KC!$A:$K,5,0) -> 4W | DI26: =VLOOKUP(Table_ExternalData_14[[#This Row],[BranchID]],KC!$A:$K,8,0) -> 02. Jawa Barat | DJ26: =VLOOKUP(Table_ExternalData_14[[#This Row],[BranchID]],KC!$A:$K,9,0) -> CIREBON | DK26: =IF(Table_ExternalData_14[[#This Row],[Tanggal_Sukses]]=" ",Table_ExternalData_14[[#This Row],[Tanggal_Sukses]],VLOOKUP(Table_ExternalData_14[[#This Row],[ContractID]],Bantuan!$A:$C,2,0)) -> 46132 | DL26: =IF(Table_ExternalData_14[[#This Row],[Keterangan_Sukses]]=" ",Table_ExternalData_14[[#This Row],[Keterangan_Sukses]],VLOOKUP(Table_ExternalData_14[[#This Row],[ContractID]],Bantuan!$A:$C,3,0)) -> REPO SEBELUM WO
A27: 1526 | B27: MATARAM | C27: 46142 | D27: 45984 | E27: 45619 | F27: 1526C20241100119 | G27: 1526240000433 | H27: HASAN | I27: BOROK RT 000 RW 000 Kel.Borok Toyang Kec. Sakra Barat Kota Kab. Lombok Timur 83671 | J27: 83671 | L27: 83671 | M27: Borok Toyang | N27: Sakra Barat | O27: Kab. Lombok Timur | P27: 15260000 | Q27: Mataram | V27: 08177******* | W27: MOBIL Baru | X27: SUZUKI | Y27: CARRY PU 1.5 | Z27: NEW CARRY PU FD AC PS | AA27: MHYHDC61TRJ228606 | AB27: K15BT1636725 | AC27: DR 8031 LM | AD27: 155820000 | AE27: 1.1770956e+08 | AF27: 136740000 | AG27: 19080000 | AH27: 8040800 | AI27: 0 | AJ27: 3180000 | AK27: 158 | AL27: 6 | AM27: 12 | AN27: 60 | AO27: 06.151-180 | AP27: 06.151-180 | AQ27: 03.RO | BF27: Coll-Head | BG27: Collectible | BH27: 7 | BI27: 22260000 | BN27: 46173 | BO27: 1 | BP27: 46149 | BQ27: Coll Harian | BR27: 165 | BS27: 45984 | BT27: 155820000 | BU27: 0 | BV27: 1 | BW27: 0 | BX27: 0 | BY27: 0 | BZ27: 0 | CA27: 0 | CB27: 0 | CD27: 0 | CF27: 0 | CH27: 0 | CJ27: 0 | CL27: 0 | CM27: 46149 | CN27: 4W | CO27: 1.1770956e+08 | CP27: 1.1770956e+08 | CQ27: 23 | CT27: 0 | CU27: MATARAM - MBL | CV27: 11. Bali & Nusa Tenggara | CW27: 46149 | CX27: Last Month | CY27: =MONTH(Table_ExternalData_14[[#This Row],[RunningReportDate]]) -> 5 | CZ27: =181-Table_ExternalData_14[[#This Row],[DaysOD]] -> 23 | DA27: =IF(Table_ExternalData_14[[#This Row],[Status]]="PU-WC",0,Table_ExternalData_14[[#This Row],[Amount_CWO]]/1000000) -> 117.70956 | DB27: =IF(Table_ExternalData_14[[#This Row],[Status]]="PU-WC",0,IF(Table_ExternalData_14[[#This Row],[Keterangan_Sukses-new]]="RB",1,IF(Table_ExternalData_14[[#This Row],[Keterangan_Sukses-new]]="STAY",1,IF(Table_ExternalData_14[[#This Row],[Keterangan_Sukses-new]]="BTC",1,IF(ISERROR(FIND("SEBELUM",Table_ExternalData_14[[#This Row],[Keterangan_Sukses-new]],1)),0,1))))) -> 0 | DC27: =IF(Table_ExternalData_14[[#This Row],[Status]]="PU-WC",0,IF(Table_ExternalData_14[[#This Row],[Success CWO]]=1,Table_ExternalData_14[[#This Row],[CWO Amt]],0)) -> 0 | DD27: =IF(AND(Table_ExternalData_14[[#This Row],[Status]]="InsuranceClaim",Table_ExternalData_14[[#This Row],[TglTarik]]>0),0,IF(Table_ExternalData_14[[#This Row],[ContractID]]="1547220000067",0,IF(Table_ExternalData_14[[#This Row],[Status]]="PU-WC",0,IF(Table_ExternalData_14[[#This Row],[Tgl WO-in]]<= DAY(Table_ExternalData_14[[#This Row],[Period]]),Table_ExternalData_14[[#This Row],[Amount_WO]]/1000000,0)))) -> 0 | DE27: =DAY(Table_ExternalData_14[[#This Row],[Tanggal_Sukses-new]]) -> 0 | DF27: =IF(Table_ExternalData_14[[#This Row],[Status]]="PU-WC",0,IF(SUM(Table_ExternalData_14[[#This Row],[Success CWO]:[WO-In-Amt]])=0,1,0)) -> 1 | DG27: =IF(AND(Table_ExternalData_14[[#This Row],[Status]]="InsuranceClaim",Table_ExternalData_14[[#This Row],[TglTarik]]>0),0,IF(Table_ExternalData_14[[#This Row],[Status]]="PU-WC",0,IF(Table_ExternalData_14[[#This Row],[Potensi WO]]=1,Table_ExternalData_14[[#This Row],[CWO Amt]],0))) -> 117.70956 | DH27: =VLOOKUP(Table_ExternalData_14[[#This Row],[BranchID]],KC!$A:$K,5,0) -> 4W | DI27: =VLOOKUP(Table_ExternalData_14[[#This Row],[BranchID]],KC!$A:$K,8,0) -> 09. IBT | DJ27: =VLOOKUP(Table_ExternalData_14[[#This Row],[BranchID]],KC!$A:$K,9,0) -> MATARAM | DK27: =IF(Table_ExternalData_14[[#This Row],[Tanggal_Sukses]]=" ",Table_ExternalData_14[[#This Row],[Tanggal_Sukses]],VLOOKUP(Table_ExternalData_14[[#This Row],[ContractID]],Bantuan!$A:$C,2,0)) -> 0 | DL27: =IF(Table_ExternalData_14[[#This Row],[Keterangan_Sukses]]=" ",Table_ExternalData_14[[#This Row],[Keterangan_Sukses]],VLOOKUP(Table_ExternalData_14[[#This Row],[ContractID]],Bantuan!$A:$C,3,0)) -> 0
A28: 1522 | B28: MEDAN | C28: 46142 | D28: 45979 | E28: 45309 | F28: 1522C20240100022 | G28: 1522240000006 | H28: ABD MUTHALIB LUBIS | I28: JL KEBUN SAYUR NO 171 LK VI RT 000 RW 000 Kel.KOTA BANGUN Kec. MEDAN DELI Kota MEDAN 20243 | J28: 20243 | L28: 20243 | M28: KOTA BANGUN | N28: MEDAN DELI | O28: MEDAN | P28: 15220000 | Q28: Medan | V28: 08537******* | W28: MOBIL Baru | X28: SUZUKI | Y28: CARRY PU 1.5 | Z28: NEW CARRY PU FD AC PS | AA28: MHYHDC61TPJ242313 | AB28: K15BT1563397 | AC28: BK 8955 GI | AD28: 154284000 | AE28: 1.1407881e+08 | AF28: 130548000 | AG28: 23736000 | AH28: 16401460 | AI28: 182000 | AJ28: 3956000 | AK28: 163 | AL28: 6 | AM28: 22 | AN28: 60 | AO28: 06.151-180 | AP28: 06.151-180 | AQ28: 03.RO | BF28: Coll-Head | BG28: Collectible | BH28: 7 | BI28: 27692000 | BN28: 46173 | BO28: 1 | BP28: 46149 | BQ28: Coll Harian | BR28: 170 | BS28: 45979 | BT28: 154284000 | BU28: 0 | BV28: 1 | BW28: 0 | BX28: 0 | BY28: 0 | BZ28: 0 | CA28: 0 | CB28: 0 | CD28: 0 | CF28: 0 | CH28: 0 | CJ28: 0 | CL28: 0 | CM28: 46149 | CN28: 4W | CO28: 1.1389681e+08 | CP28: 1.1389681e+08 | CQ28: 18 | CT28: 0 | CU28: MEDAN - MBL | CV28: 08. Sumatera Utara | CW28: 46149 | CX28: Last Month | CY28: =MONTH(Table_ExternalData_14[[#This Row],[RunningReportDate]]) -> 5 | CZ28: =181-Table_ExternalData_14[[#This Row],[DaysOD]] -> 18 | DA28: =IF(Table_ExternalData_14[[#This Row],[Status]]="PU-WC",0,Table_ExternalData_14[[#This Row],[Amount_CWO]]/1000000) -> 113.89681 | DB28: =IF(Table_ExternalData_14[[#This Row],[Status]]="PU-WC",0,IF(Table_ExternalData_14[[#This Row],[Keterangan_Sukses-new]]="RB",1,IF(Table_ExternalData_14[[#This Row],[Keterangan_Sukses-new]]="STAY",1,IF(Table_ExternalData_14[[#This Row],[Keterangan_Sukses-new]]="BTC",1,IF(ISERROR(FIND("SEBELUM",Table_ExternalData_14[[#This Row],[Keterangan_Sukses-new]],1)),0,1))))) -> 0 | DC28: =IF(Table_ExternalData_14[[#This Row],[Status]]="PU-WC",0,IF(Table_ExternalData_14[[#This Row],[Success CWO]]=1,Table_ExternalData_14[[#This Row],[CWO Amt]],0)) -> 0 | DD28: =IF(AND(Table_ExternalData_14[[#This Row],[Status]]="InsuranceClaim",Table_ExternalData_14[[#This Row],[TglTarik]]>0),0,IF(Table_ExternalData_14[[#This Row],[ContractID]]="1547220000067",0,IF(Table_ExternalData_14[[#This Row],[Status]]="PU-WC",0,IF(Table_ExternalData_14[[#This Row],[Tgl WO-in]]<= DAY(Table_ExternalData_14[[#This Row],[Period]]),Table_ExternalData_14[[#This Row],[Amount_WO]]/1000000,0)))) -> 0 | DE28: =DAY(Table_ExternalData_14[[#This Row],[Tanggal_Sukses-new]]) -> 0 | DF28: =IF(Table_ExternalData_14[[#This Row],[Status]]="PU-WC",0,IF(SUM(Table_ExternalData_14[[#This Row],[Success CWO]:[WO-In-Amt]])=0,1,0)) -> 1 | DG28: =IF(AND(Table_ExternalData_14[[#This Row],[Status]]="InsuranceClaim",Table_ExternalData_14[[#This Row],[TglTarik]]>0),0,IF(Table_ExternalData_14[[#This Row],[Status]]="PU-WC",0,IF(Table_ExternalData_14[[#This Row],[Potensi WO]]=1,Table_ExternalData_14[[#This Row],[CWO Amt]],0))) -> 113.89681 | DH28: =VLOOKUP(Table_ExternalData_14[[#This Row],[BranchID]],KC!$A:$K,5,0) -> 4W | DI28: =VLOOKUP(Table_ExternalData_14[[#This Row],[BranchID]],KC!$A:$K,8,0) -> 08. Sumbaguteng | DJ28: =VLOOKUP(Table_ExternalData_14[[#This Row],[BranchID]],KC!$A:$K,9,0) -> MEDAN | DK28: =IF(Table_ExternalData_14[[#This Row],[Tanggal_Sukses]]=" ",Table_ExternalData_14[[#This Row],[Tanggal_Sukses]],VLOOKUP(Table_ExternalData_14[[#This Row],[ContractID]],Bantuan!$A:$C,2,0)) -> 0 | DL28: =IF(Table_ExternalData_14[[#This Row],[Keterangan_Sukses]]=" ",Table_ExternalData_14[[#This Row],[Keterangan_Sukses]],VLOOKUP(Table_ExternalData_14[[#This Row],[ContractID]],Bantuan!$A:$C,3,0)) -> 0
A29: 1521 | B29: BANJARMASIN | C29: 46142 | D29: 45971 | E29: 45848 | F29: 1521C20250700019 | G29: 1521250000057 | H29: MOCHAMMAD IMAM RIFA I | I29: JL. BATU PIRING RT 004 RW 004 Kel.LOKTABAT SELATAN Kec. BANJARBARU SELATAN Kota BANJARBARU 70714 | J29: 70714 | L29: 70714 | M29: LOKTABAT SELATAN | N29: BANJARBARU SELATAN | O29: BANJARBARU | P29: 15210100 | Q29: Banjarbaru | V29: 08235******* | W29: MOBIL Baru | X29: SUZUKI | Y29: XL7 | Z29: NEW XL7 ZETA AT | AA29: MHYANC22SSJ101514 | AB29: K15BT1678499 | AC29: DA 1205 WP | AD29: 385434000 | AE29: 2.6831328e+08 | AF29: 344862000 | AG29: 40572000 | AH29: 19678850 | AI29: 0 | AJ29: 6762000 | AK29: 171 | AL29: 6 | AM29: 4 | AN29: 60 | AO29: 06.151-180 | AP29: 06.151-180 | AQ29: 03.RO | AR29: 159872 | AS29: 20250824340 | AT29: JIHAD KEYMAS LAKUY | AU29: 1521ARH | AV29: 20120512478 | AW29: TIDAK ADA | AX29: RMC | AY29: 143331 | AZ29: 20120512492 | BA29: THEO TARULI SIHOTANG | BB29: RMH | BC29: 1521REC001 | BD29: 20120512492 | BE29: Tidak ada | BF29: Coll-Head | BG29: Collectible | BH29: 7 | BI29: 47334000 | BN29: 46173 | BO29: 1 | BP29: 46149 | BQ29: Coll Harian | BR29: 178 | BS29: 45971 | BT29: 385434000 | BU29: 0 | BV29: 1 | BW29: 0 | BX29: 0 | BY29: 0 | BZ29: 0 | CA29: 0 | CB29: 0 | CD29: 0 | CF29: 0 | CH29: 0 | CJ29: 0 | CL29: 0 | CM29: 46149 | CN29: 4W | CO29: 2.6831328e+08 | CP29: 2.6831328e+08 | CQ29: 10 | CT29: 0 | CU29: BANJARMASIN - MBL | CV29: 09. Kalimantan | CW29: 46149 | CX29: Last Month | CY29: =MONTH(Table_ExternalData_14[[#This Row],[RunningReportDate]]) -> 5 | CZ29: =181-Table_ExternalData_14[[#This Row],[DaysOD]] -> 10 | DA29: =IF(Table_ExternalData_14[[#This Row],[Status]]="PU-WC",0,Table_ExternalData_14[[#This Row],[Amount_CWO]]/1000000) -> 268.31328 | DB29: =IF(Table_ExternalData_14[[#This Row],[Status]]="PU-WC",0,IF(Table_ExternalData_14[[#This Row],[Keterangan_Sukses-new]]="RB",1,IF(Table_ExternalData_14[[#This Row],[Keterangan_Sukses-new]]="STAY",1,IF(Table_ExternalData_14[[#This Row],[Keterangan_Sukses-new]]="BTC",1,IF(ISERROR(FIND("SEBELUM",Table_ExternalData_14[[#This Row],[Keterangan_Sukses-new]],1)),0,1))))) -> 0 | DC29: =IF(Table_ExternalData_14[[#This Row],[Status]]="PU-WC",0,IF(Table_ExternalData_14[[#This Row],[Success CWO]]=1,Table_ExternalData_14[[#This Row],[CWO Amt]],0)) -> 0 | DD29: =IF(AND(Table_ExternalData_14[[#This Row],[Status]]="InsuranceClaim",Table_ExternalData_14[[#This Row],[TglTarik]]>0),0,IF(Table_ExternalData_14[[#This Row],[ContractID]]="1547220000067",0,IF(Table_ExternalData_14[[#This Row],[Status]]="PU-WC",0,IF(Table_ExternalData_14[[#This Row],[Tgl WO-in]]<= DAY(Table_ExternalData_14[[#This Row],[Period]]),Table_ExternalData_14[[#This Row],[Amount_WO]]/1000000,0)))) -> 0 | DE29: =DAY(Table_ExternalData_14[[#This Row],[Tanggal_Sukses-new]]) -> 0 | DF29: =IF(Table_ExternalData_14[[#This Row],[Status]]="PU-WC",0,IF(SUM(Table_ExternalData_14[[#This Row],[Success CWO]:[WO-In-Amt]])=0,1,0)) -> 1 | DG29: =IF(AND(Table_ExternalData_14[[#This Row],[Status]]="InsuranceClaim",Table_ExternalData_14[[#This Row],[TglTarik]]>0),0,IF(Table_ExternalData_14[[#This Row],[Status]]="PU-WC",0,IF(Table_ExternalData_14[[#This Row],[Potensi WO]]=1,Table_ExternalData_14[[#This Row],[CWO Amt]],0))) -> 268.31328 | DH29: =VLOOKUP(Table_ExternalData_14[[#This Row],[BranchID]],KC!$A:$K,5,0) -> 4W | DI29: =VLOOKUP(Table_ExternalData_14[[#This Row],[BranchID]],KC!$A:$K,8,0) -> 05. Kalimantan | DJ29: =VLOOKUP(Table_ExternalData_14[[#This Row],[BranchID]],KC!$A:$K,9,0) -> BANJARMASIN | DK29: =IF(Table_ExternalData_14[[#This Row],[Tanggal_Sukses]]=" ",Table_ExternalData_14[[#This Row],[Tanggal_Sukses]],VLOOKUP(Table_ExternalData_14[[#This Row],[ContractID]],Bantuan!$A:$C,2,0)) -> 0 | DL29: =IF(Table_ExternalData_14[[#This Row],[Keterangan_Sukses]]=" ",Table_ExternalData_14[[#This Row],[Keterangan_Sukses]],VLOOKUP(Table_ExternalData_14[[#This Row],[ContractID]],Bantuan!$A:$C,3,0)) -> 0
A30: 1521 | B30: BANJARMASIN | C30: 46142 | D30: 45975 | E30: 44909 | F30: 1521C20221000068 | G30: 1521220000354 | H30: APDALI | I30: JL. A YAN IKM 74 KOMPLEK PERMATA BUNDA JL.YAKUT NO18A RT 018 RW 000 Kel.KERTAKHANYAR II Kec. KERTAK HANYAR Kota BANJAR 70654 | J30: 70654 | L30: 70654 | M30: KERTAKHANYAR II | N30: KERTAK HANYAR | O30: BANJAR | P30: 15210100 | Q30: Banjarbaru | V30: 08534******* | W30: MOBIL Baru | X30: SUZUKI | Y30: CARRY PU 1.5 | Z30: NEW CARRY PU FD AC PS | AA30: MHYHDC61TNJ241829 | AB30: K15BT1422173 | AC30: DA 8865 BZ | AD30: 109200000 | AE30: 90879810 | AF30: 84000000 | AG30: 25200000 | AH30: 31810800 | AI30: 0 | AJ30: 4200000 | AK30: 167 | AL30: 6 | AM30: 35 | AN30: 60 | AO30: 06.151-180 | AP30: 06.151-180 | AQ30: 03.RO | AR30: 156951 | AS30: 20220123039 | AT30: MUHAMMAD RIFANI | AU30: 1521ARH | AV30: 20120512478 | AW30: TIDAK ADA | AX30: RMC | AY30: 143331 | AZ30: 20120512492 | BA30: THEO TARULI SIHOTANG | BB30: RMH | BC30: 1521REC001 | BD30: 20120512492 | BE30: Tidak ada | BF30: Coll-Head | BG30: Collectible | BH30: 7 | BI30: 29400000 | BN30: 46173 | BO30: 1 | BP30: 46149 | BQ30: Coll Harian | BR30: 174 | BS30: 45975 | BT30: 109200000 | BU30: 0 | BV30: 1 | BW30: 0 | BX30: 0 | BY30: 0 | BZ30: 0 | CA30: 0 | CB30: 0 | CD30: 0 | CF30: 0 | CH30: 0 | CJ30: 0 | CL30: 0 | CM30: 46149 | CN30: 4W | CO30: 90879810 | CP30: 90879810 | CQ30: 14 | CT30: 0 | CU30: BANJARMASIN - MBL | CV30: 09. Kalimantan | CW30: 46149 | CX30: Last Month | CY30: =MONTH(Table_ExternalData_14[[#This Row],[RunningReportDate]]) -> 5 | CZ30: =181-Table_ExternalData_14[[#This Row],[DaysOD]] -> 14 | DA30: =IF(Table_ExternalData_14[[#This Row],[Status]]="PU-WC",0,Table_ExternalData_14[[#This Row],[Amount_CWO]]/1000000) -> 90.87981 | DB30: =IF(Table_ExternalData_14[[#This Row],[Status]]="PU-WC",0,IF(Table_ExternalData_14[[#This Row],[Keterangan_Sukses-new]]="RB",1,IF(Table_ExternalData_14[[#This Row],[Keterangan_Sukses-new]]="STAY",1,IF(Table_ExternalData_14[[#This Row],[Keterangan_Sukses-new]]="BTC",1,IF(ISERROR(FIND("SEBELUM",Table_ExternalData_14[[#This Row],[Keterangan_Sukses-new]],1)),0,1))))) -> 0 | DC30: =IF(Table_ExternalData_14[[#This Row],[Status]]="PU-WC",0,IF(Table_ExternalData_14[[#This Row],[Success CWO]]=1,Table_ExternalData_14[[#This Row],[CWO Amt]],0)) -> 0 | DD30: =IF(AND(Table_ExternalData_14[[#This Row],[Status]]="InsuranceClaim",Table_ExternalData_14[[#This Row],[TglTarik]]>0),0,IF(Table_ExternalData_14[[#This Row],[ContractID]]="1547220000067",0,IF(Table_ExternalData_14[[#This Row],[Status]]="PU-WC",0,IF(Table_ExternalData_14[[#This Row],[Tgl WO-in]]<= DAY(Table_ExternalData_14[[#This Row],[Period]]),Table_ExternalData_14[[#This Row],[Amount_WO]]/1000000,0)))) -> 0 | DE30: =DAY(Table_ExternalData_14[[#This Row],[Tanggal_Sukses-new]]) -> 0 | DF30: =IF(Table_ExternalData_14[[#This Row],[Status]]="PU-WC",0,IF(SUM(Table_ExternalData_14[[#This Row],[Success CWO]:[WO-In-Amt]])=0,1,0)) -> 1 | DG30: =IF(AND(Table_ExternalData_14[[#This Row],[Status]]="InsuranceClaim",Table_ExternalData_14[[#This Row],[TglTarik]]>0),0,IF(Table_ExternalData_14[[#This Row],[Status]]="PU-WC",0,IF(Table_ExternalData_14[[#This Row],[Potensi WO]]=1,Table_ExternalData_14[[#This Row],[CWO Amt]],0))) -> 90.87981 | DH30: =VLOOKUP(Table_ExternalData_14[[#This Row],[BranchID]],KC!$A:$K,5,0) -> 4W | DI30: =VLOOKUP(Table_ExternalData_14[[#This Row],[BranchID]],KC!$A:$K,8,0) -> 05. Kalimantan | DJ30: =VLOOKUP(Table_ExternalData_14[[#This Row],[BranchID]],KC!$A:$K,9,0) -> BANJARMASIN | DK30: =IF(Table_ExternalData_14[[#This Row],[Tanggal_Sukses]]=" ",Table_ExternalData_14[[#This Row],[Tanggal_Sukses]],VLOOKUP(Table_ExternalData_14[[#This Row],[ContractID]],Bantuan!$A:$C,2,0)) -> 0 | DL30: =IF(Table_ExternalData_14[[#This Row],[Keterangan_Sukses]]=" ",Table_ExternalData_14[[#This Row],[Keterangan_Sukses]],VLOOKUP(Table_ExternalData_14[[#This Row],[ContractID]],Bantuan!$A:$C,3,0)) -> 0
A31: 1520 | B31: PEKANBARU | C31: 46142 | D31: 45966 | E31: 45471 | F31: 1520C20240600056 | G31: 1520240000191 | H31: REFLITA | I31: JL LINTAS TIMUR UKUI RT 003 RW 003 Kel.UKUI I (SATU) Kec. UKUI Kota PELALAWAN 28382 | J31: 28382 | L31: 28382 | M31: UKUI I (SATU) | N31: UKUI | O31: PELALAWAN | P31: 15200004 | Q31: Kerinci | V31: 08127******* | W31: MOBIL Baru | X31: SUZUKI | Y31: XL7 | Z31: NEW XL7 ZETA MT | AA31: MHYANC22SRJ101888 | AB31: K15BT1610917 | AC31: BM 1314 II | AD31: 168630000 | AE31: 1.5022508e+08 | AF31: 137970000 | AG31: 30660000 | AH31: 15617650 | AI31: 0 | AJ31: 5110000 | AK31: 176 | AL31: 6 | AM31: 16 | AN31: 48 | AO31: 06.151-180 | AP31: 06.151-180 | AQ31: 03.RO | BF31: Coll-Head | BG31: Collectible | BH31: 7 | BI31: 35770000 | BN31: 46173 | BO31: 1 | BP31: 46149 | BQ31: Coll Harian | BR31: 183 | BS31: 45966 | BT31: 168630000 | BU31: 0 | BV31: 1 | BW31: 0 | BX31: 0 | BY31: 0 | BZ31: 0 | CA31: 0 | CB31: 0 | CD31: 0 | CF31: 0 | CH31: 0 | CJ31: 0 | CL31: 0 | CM31: 46149 | CN31: 4W | CO31: 1.5022508e+08 | CP31: 1.5022508e+08 | CQ31: 5 | CT31: 0 | CU31: PEKANBARU - MBL | CV31: 07. Sumatera Tengah | CW31: 46149 | CX31: Last Month | CY31: =MONTH(Table_ExternalData_14[[#This Row],[RunningReportDate]]) -> 5 | CZ31: =181-Table_ExternalData_14[[#This Row],[DaysOD]] -> 5 | DA31: =IF(Table_ExternalData_14[[#This Row],[Status]]="PU-WC",0,Table_ExternalData_14[[#This Row],[Amount_CWO]]/1000000) -> 150.22508 | DB31: =IF(Table_ExternalData_14[[#This Row],[Status]]="PU-WC",0,IF(Table_ExternalData_14[[#This Row],[Keterangan_Sukses-new]]="RB",1,IF(Table_ExternalData_14[[#This Row],[Keterangan_Sukses-new]]="STAY",1,IF(Table_ExternalData_14[[#This Row],[Keterangan_Sukses-new]]="BTC",1,IF(ISERROR(FIND("SEBELUM",Table_ExternalData_14[[#This Row],[Keterangan_Sukses-new]],1)),0,1))))) -> 0 | DC31: =IF(Table_ExternalData_14[[#This Row],[Status]]="PU-WC",0,IF(Table_ExternalData_14[[#This Row],[Success CWO]]=1,Table_ExternalData_14[[#This Row],[CWO Amt]],0)) -> 0 | DD31: =IF(AND(Table_ExternalData_14[[#This Row],[Status]]="InsuranceClaim",Table_ExternalData_14[[#This Row],[TglTarik]]>0),0,IF(Table_ExternalData_14[[#This Row],[ContractID]]="1547220000067",0,IF(Table_ExternalData_14[[#This Row],[Status]]="PU-WC",0,IF(Table_ExternalData_14[[#This Row],[Tgl WO-in]]<= DAY(Table_ExternalData_14[[#This Row],[Period]]),Table_ExternalData_14[[#This Row],[Amount_WO]]/1000000,0)))) -> 150.22508 | DE31: =DAY(Table_ExternalData_14[[#This Row],[Tanggal_Sukses-new]]) -> 0 | DF31: =IF(Table_ExternalData_14[[#This Row],[Status]]="PU-WC",0,IF(SUM(Table_ExternalData_14[[#This Row],[Success CWO]:[WO-In-Amt]])=0,1,0)) -> 0 | DG31: =IF(AND(Table_ExternalData_14[[#This Row],[Status]]="InsuranceClaim",Table_ExternalData_14[[#This Row],[TglTarik]]>0),0,IF(Table_ExternalData_14[[#This Row],[Status]]="PU-WC",0,IF(Table_ExternalData_14[[#This Row],[Potensi WO]]=1,Table_ExternalData_14[[#This Row],[CWO Amt]],0))) -> 0 | DH31: =VLOOKUP(Table_ExternalData_14[[#This Row],[BranchID]],KC!$A:$K,5,0) -> 4W | DI31: =VLOOKUP(Table_ExternalData_14[[#This Row],[BranchID]],KC!$A:$K,8,0) -> 08. Sumbaguteng | DJ31: =VLOOKUP(Table_ExternalData_14[[#This Row],[BranchID]],KC!$A:$K,9,0) -> PEKANBARU | DK31: =IF(Table_ExternalData_14[[#This Row],[Tanggal_Sukses]]=" ",Table_ExternalData_14[[#This Row],[Tanggal_Sukses]],VLOOKUP(Table_ExternalData_14[[#This Row],[ContractID]],Bantuan!$A:$C,2,0)) -> 0 | DL31: =IF(Table_ExternalData_14[[#This Row],[Keterangan_Sukses]]=" ",Table_ExternalData_14[[#This Row],[Keterangan_Sukses]],VLOOKUP(Table_ExternalData_14[[#This Row],[ContractID]],Bantuan!$A:$C,3,0)) -> 0
A32: 1520 | B32: PEKANBARU | C32: 46142 | D32: 45975 | E32: 45365 | F32: 1520C20240300017 | G32: 1520240000067 | H32: JARUNI | I32: JL. MAHA RAJA SRI WANGSA GG BUNTU RT 010 RW 007 Kel.PERAWANG Kec. TUALANG Kota SIAK 28772 | J32: 28772 | L32: 28772 | M32: PERAWANG | N32: TUALANG | O32: SIAK | P32: 15200004 | Q32: Kerinci | V32: 08227******* | W32: MOBIL Baru | X32: SUZUKI | Y32: CARRY PU 1.5 | Z32: NEW CARRY PU FD | AA32: MHYHDC61TPJ245146 | AB32: K15BT1569712 | AC32: BM 8865 SJ | AD32: 152766000 | AE32: 1.15253e+08 | AF32: 130410000 | AG32: 22356000 | AH32: 15103170 | AI32: 0 | AJ32: 3726000 | AK32: 167 | AL32: 6 | AM32: 20 | AN32: 60 | AO32: 06.151-180 | AP32: 06.151-180 | AQ32: 03.RO | BF32: Coll-Head | BG32: Collectible | BH32: 7 | BI32: 26082000 | BN32: 46173 | BO32: 1 | BP32: 46149 | BQ32: Coll Harian | BR32: 174 | BS32: 45975 | BT32: 152766000 | BU32: 0 | BV32: 1 | BW32: 0 | BX32: 0 | BY32: 0 | BZ32: 0 | CA32: 0 | CB32: 0 | CD32: 0 | CF32: 0 | CH32: 0 | CJ32: 0 | CL32: 0 | CM32: 46149 | CN32: 4W | CO32: 1.15253e+08 | CP32: 1.15253e+08 | CQ32: 14 | CT32: 0 | CU32: PEKANBARU - MBL | CV32: 07. Sumatera Tengah | CW32: 46149 | CX32: Last Month | CY32: =MONTH(Table_ExternalData_14[[#This Row],[RunningReportDate]]) -> 5 | CZ32: =181-Table_ExternalData_14[[#This Row],[DaysOD]] -> 14 | DA32: =IF(Table_ExternalData_14[[#This Row],[Status]]="PU-WC",0,Table_ExternalData_14[[#This Row],[Amount_CWO]]/1000000) -> 115.253 | DB32: =IF(Table_ExternalData_14[[#This Row],[Status]]="PU-WC",0,IF(Table_ExternalData_14[[#This Row],[Keterangan_Sukses-new]]="RB",1,IF(Table_ExternalData_14[[#This Row],[Keterangan_Sukses-new]]="STAY",1,IF(Table_ExternalData_14[[#This Row],[Keterangan_Sukses-new]]="BTC",1,IF(ISERROR(FIND("SEBELUM",Table_ExternalData_14[[#This Row],[Keterangan_Sukses-new]],1)),0,1))))) -> 0 | DC32: =IF(Table_ExternalData_14[[#This Row],[Status]]="PU-WC",0,IF(Table_ExternalData_14[[#This Row],[Success CWO]]=1,Table_ExternalData_14[[#This Row],[CWO Amt]],0)) -> 0 | DD32: =IF(AND(Table_ExternalData_14[[#This Row],[Status]]="InsuranceClaim",Table_ExternalData_14[[#This Row],[TglTarik]]>0),0,IF(Table_ExternalData_14[[#This Row],[ContractID]]="1547220000067",0,IF(Table_ExternalData_14[[#This Row],[Status]]="PU-WC",0,IF(Table_ExternalData_14[[#This Row],[Tgl WO-in]]<= DAY(Table_ExternalData_14[[#This Row],[Period]]),Table_ExternalData_14[[#This Row],[Amount_WO]]/1000000,0)))) -> 0 | DE32: =DAY(Table_ExternalData_14[[#This Row],[Tanggal_Sukses-new]]) -> 0 | DF32: =IF(Table_ExternalData_14[[#This Row],[Status]]="PU-WC",0,IF(SUM(Table_ExternalData_14[[#This Row],[Success CWO]:[WO-In-Amt]])=0,1,0)) -> 1 | DG32: =IF(AND(Table_ExternalData_14[[#This Row],[Status]]="InsuranceClaim",Table_ExternalData_14[[#This Row],[TglTarik]]>0),0,IF(Table_ExternalData_14[[#This Row],[Status]]="PU-WC",0,IF(Table_ExternalData_14[[#This Row],[Potensi WO]]=1,Table_ExternalData_14[[#This Row],[CWO Amt]],0))) -> 115.253 | DH32: =VLOOKUP(Table_ExternalData_14[[#This Row],[BranchID]],KC!$A:$K,5,0) -> 4W | DI32: =VLOOKUP(Table_ExternalData_14[[#This Row],[BranchID]],KC!$A:$K,8,0) -> 08. Sumbaguteng | DJ32: =VLOOKUP(Table_ExternalData_14[[#This Row],[BranchID]],KC!$A:$K,9,0) -> PEKANBARU | DK32: =IF(Table_ExternalData_14[[#This Row],[Tanggal_Sukses]]=" ",Table_ExternalData_14[[#This Row],[Tanggal_Sukses]],VLOOKUP(Table_ExternalData_14[[#This Row],[ContractID]],Bantuan!$A:$C,2,0)) -> 0 | DL32: =IF(Table_ExternalData_14[[#This Row],[Keterangan_Sukses]]=" ",Table_ExternalData_14[[#This Row],[Keterangan_Sukses]],VLOOKUP(Table_ExternalData_14[[#This Row],[ContractID]],Bantuan!$A:$C,3,0)) -> 0
A33: 1519 | B33: GRESIK | C33: 46142 | D33: 45978 | E33: 45764 | F33: 1519C20250300043 | G33: 1519250000035 | H33: MUHAMAD NASRUL TANTOWI | I33: JL FIRDAUS BLOK A NO 14 RT 004 RW 010 Kel.BANJARSARI Kec. MANYAR Kota GRESIK 61151 | J33: 61151 | L33: 61151 | M33: BANJARSARI | N33: MANYAR | O33: GRESIK | P33: 15190000 | Q33: Gresik | V33: 08588******* | W33: MOBIL Baru | X33: SUZUKI | Y33: ERTIGA | Z33: ALL NEW ERTIGA GL MC AT | AA33: MHYANC22SSJ100238 | AB33: K15BT1668661 | AC33: S 1632 CF | AD33: 302400000 | AE33: 2.059925e+08 | AF33: 268800000 | AG33: 33600000 | AH33: 16924000 | AI33: 150000 | AJ33: 5600000 | AK33: 164 | AL33: 6 | AM33: 7 | AN33: 60 | AO33: 06.151-180 | AP33: 06.151-180 | AQ33: 03.RO | AR33: 146736 | AS33: 20100108296 | AT33: ERIEK KRISTANTO | AU33: 1519ARC003 | AV33: 00000000000 | AW33: TIDAK ADA | AX33: RMC | AY33: 146729 | AZ33: 20070102874 | BA33: SUSANTO GRESIK | BB33: RMH | BC33: 1519ARC003 | BD33: 00000000000 | BE33: TIDAK ADA | BF33: Coll-Head | BG33: Collectible | BH33: 7 | BI33: 39200000 | BN33: 46173 | BO33: 1 | BP33: 46149 | BQ33: Coll Harian | BR33: 171 | BS33: 45978 | BT33: 302400000 | BU33: 0 | BV33: 1 | BW33: 0 | BX33: 0 | BY33: 0 | BZ33: 0 | CA33: 0 | CB33: 0 | CD33: 0 | CF33: 0 | CH33: 0 | CJ33: 0 | CL33: 0 | CM33: 46149 | CN33: 4W | CO33: 2.058425e+08 | CP33: 2.058425e+08 | CQ33: 17 | CT33: 0 | CU33: GRESIK - MBL | CV33: 05. Jawa Timur | CW33: 46149 | CX33: Last Month | CY33: =MONTH(Table_ExternalData_14[[#This Row],[RunningReportDate]]) -> 5 | CZ33: =181-Table_ExternalData_14[[#This Row],[DaysOD]] -> 17 | DA33: =IF(Table_ExternalData_14[[#This Row],[Status]]="PU-WC",0,Table_ExternalData_14[[#This Row],[Amount_CWO]]/1000000) -> 205.8425 | DB33: =IF(Table_ExternalData_14[[#This Row],[Status]]="PU-WC",0,IF(Table_ExternalData_14[[#This Row],[Keterangan_Sukses-new]]="RB",1,IF(Table_ExternalData_14[[#This Row],[Keterangan_Sukses-new]]="STAY",1,IF(Table_ExternalData_14[[#This Row],[Keterangan_Sukses-new]]="BTC",1,IF(ISERROR(FIND("SEBELUM",Table_ExternalData_14[[#This Row],[Keterangan_Sukses-new]],1)),0,1))))) -> 0 | DC33: =IF(Table_ExternalData_14[[#This Row],[Status]]="PU-WC",0,IF(Table_ExternalData_14[[#This Row],[Success CWO]]=1,Table_ExternalData_14[[#This Row],[CWO Amt]],0)) -> 0 | DD33: =IF(AND(Table_ExternalData_14[[#This Row],[Status]]="InsuranceClaim",Table_ExternalData_14[[#This Row],[TglTarik]]>0),0,IF(Table_ExternalData_14[[#This Row],[ContractID]]="1547220000067",0,IF(Table_ExternalData_14[[#This Row],[Status]]="PU-WC",0,IF(Table_ExternalData_14[[#This Row],[Tgl WO-in]]<= DAY(Table_ExternalData_14[[#This Row],[Period]]),Table_ExternalData_14[[#This Row],[Amount_WO]]/1000000,0)))) -> 0 | DE33: =DAY(Table_ExternalData_14[[#This Row],[Tanggal_Sukses-new]]) -> 0 | DF33: =IF(Table_ExternalData_14[[#This Row],[Status]]="PU-WC",0,IF(SUM(Table_ExternalData_14[[#This Row],[Success CWO]:[WO-In-Amt]])=0,1,0)) -> 1 | DG33: =IF(AND(Table_ExternalData_14[[#This Row],[Status]]="InsuranceClaim",Table_ExternalData_14[[#This Row],[TglTarik]]>0),0,IF(Table_ExternalData_14[[#This Row],[Status]]="PU-WC",0,IF(Table_ExternalData_14[[#This Row],[Potensi WO]]=1,Table_ExternalData_14[[#This Row],[CWO Amt]],0))) -> 205.8425 | DH33: =VLOOKUP(Table_ExternalData_14[[#This Row],[BranchID]],KC!$A:$K,5,0) -> 4W | DI33: =VLOOKUP(Table_ExternalData_14[[#This Row],[BranchID]],KC!$A:$K,8,0) -> 04. Jawa Timur | DJ33: =VLOOKUP(Table_ExternalData_14[[#This Row],[BranchID]],KC!$A:$K,9,0) -> GRESIK | DK33: =IF(Table_ExternalData_14[[#This Row],[Tanggal_Sukses]]=" ",Table_ExternalData_14[[#This Row],[Tanggal_Sukses]],VLOOKUP(Table_ExternalData_14[[#This Row],[ContractID]],Bantuan!$A:$C,2,0)) -> 0 | DL33: =IF(Table_ExternalData_14[[#This Row],[Keterangan_Sukses]]=" ",Table_ExternalData_14[[#This Row],[Keterangan_Sukses]],VLOOKUP(Table_ExternalData_14[[#This Row],[ContractID]],Bantuan!$A:$C,3,0)) -> 0
A34: 1519 | B34: GRESIK | C34: 46142 | D34: 45966 | E34: 45535 | F34: 1519C20240800008 | G34: 1519240000059 | H34: SUBKHAN | I34: DADAPAN RT 001 RW 004 Kel.DADAPAN Kec. SOLOKURO Kota LAMONGAN 62265 | J34: 62265 | L34: 62265 | M34: DADAPAN | N34: SOLOKURO | O34: LAMONGAN | P34: 15190000 | Q34: Gresik | V34: 08579******* | W34: MOBIL Baru | X34: SUZUKI | Y34: ERTIGA | Z34: ALL NEW ERTIGA GL DB M/T | AA34: MHYANC22SRJ102509 | AB34: K15BT1615154 | AC34: S 1220 MJ | AD34: 230300000 | AE34: 1.836303e+08 | AF34: 200900000 | AG34: 29400000 | AH34: 15234000 | AI34: 0 | AJ34: 4900000 | AK34: 176 | AL34: 6 | AM34: 14 | AN34: 60 | AO34: 06.151-180 | AP34: 06.151-180 | AQ34: 03.RO | AR34: 146755 | AS34: 20130514256 | AT34: NUR HIDAYATULLAH | AU34: 1519ARC003 | AV34: 00000000000 | AW34: TIDAK ADA | AX34: RMC | AY34: 146729 | AZ34: 20070102874 | BA34: SUSANTO GRESIK | BB34: RMH | BC34: 1519ARC003 | BD34: 00000000000 | BE34: TIDAK ADA | BF34: Coll-Head | BG34: Collectible | BH34: 7 | BI34: 34300000 | BN34: 46173 | BO34: 1 | BP34: 46149 | BQ34: Coll Harian | BR34: 183 | BS34: 45966 | BT34: 230300000 | BU34: 0 | BV34: 1 | BW34: 0 | BX34: 0 | BY34: 0 | BZ34: 0 | CA34: 0 | CB34: 0 | CD34: 0 | CF34: 0 | CH34: 0 | CJ34: 0 | CL34: 0 | CM34: 46149 | CN34: 4W | CO34: 1.836303e+08 | CP34: 1.836303e+08 | CQ34: 5 | CT34: 0 | CU34: GRESIK - MBL | CV34: 05. Jawa Timur | CW34: 46149 | CX34: Last Month | CY34: =MONTH(Table_ExternalData_14[[#This Row],[RunningReportDate]]) -> 5 | CZ34: =181-Table_ExternalData_14[[#This Row],[DaysOD]] -> 5 | DA34: =IF(Table_ExternalData_14[[#This Row],[Status]]="PU-WC",0,Table_ExternalData_14[[#This Row],[Amount_CWO]]/1000000) -> 183.6303 | DB34: =IF(Table_ExternalData_14[[#This Row],[Status]]="PU-WC",0,IF(Table_ExternalData_14[[#This Row],[Keterangan_Sukses-new]]="RB",1,IF(Table_ExternalData_14[[#This Row],[Keterangan_Sukses-new]]="STAY",1,IF(Table_ExternalData_14[[#This Row],[Keterangan_Sukses-new]]="BTC",1,IF(ISERROR(FIND("SEBELUM",Table_ExternalData_14[[#This Row],[Keterangan_Sukses-new]],1)),0,1))))) -> 0 | DC34: =IF(Table_ExternalData_14[[#This Row],[Status]]="PU-WC",0,IF(Table_ExternalData_14[[#This Row],[Success CWO]]=1,Table_ExternalData_14[[#This Row],[CWO Amt]],0)) -> 0 | DD34: =IF(AND(Table_ExternalData_14[[#This Row],[Status]]="InsuranceClaim",Table_ExternalData_14[[#This Row],[TglTarik]]>0),0,IF(Table_ExternalData_14[[#This Row],[ContractID]]="1547220000067",0,IF(Table_ExternalData_14[[#This Row],[Status]]="PU-WC",0,IF(Table_ExternalData_14[[#This Row],[Tgl WO-in]]<= DAY(Table_ExternalData_14[[#This Row],[Period]]),Table_ExternalData_14[[#This Row],[Amount_WO]]/1000000,0)))) -> 183.6303 | DE34: =DAY(Table_ExternalData_14[[#This Row],[Tanggal_Sukses-new]]) -> 0 | DF34: =IF(Table_ExternalData_14[[#This Row],[Status]]="PU-WC",0,IF(SUM(Table_ExternalData_14[[#This Row],[Success CWO]:[WO-In-Amt]])=0,1,0)) -> 0 | DG34: =IF(AND(Table_ExternalData_14[[#This Row],[Status]]="InsuranceClaim",Table_ExternalData_14[[#This Row],[TglTarik]]>0),0,IF(Table_ExternalData_14[[#This Row],[Status]]="PU-WC",0,IF(Table_ExternalData_14[[#This Row],[Potensi WO]]=1,Table_ExternalData_14[[#This Row],[CWO Amt]],0))) -> 0 | DH34: =VLOOKUP(Table_ExternalData_14[[#This Row],[BranchID]],KC!$A:$K,5,0) -> 4W | DI34: =VLOOKUP(Table_ExternalData_14[[#This Row],[BranchID]],KC!$A:$K,8,0) -> 04. Jawa Timur | DJ34: =VLOOKUP(Table_ExternalData_14[[#This Row],[BranchID]],KC!$A:$K,9,0) -> GRESIK | DK34: =IF(Table_ExternalData_14[[#This Row],[Tanggal_Sukses]]=" ",Table_ExternalData_14[[#This Row],[Tanggal_Sukses]],VLOOKUP(Table_ExternalData_14[[#This Row],[ContractID]],Bantuan!$A:$C,2,0)) -> 0 | DL34: =IF(Table_ExternalData_14[[#This Row],[Keterangan_Sukses]]=" ",Table_ExternalData_14[[#This Row],[Keterangan_Sukses]],VLOOKUP(Table_ExternalData_14[[#This Row],[ContractID]],Bantuan!$A:$C,3,0)) -> 0
A35: 1519 | B35: GRESIK | C35: 46142 | D35: 45981 | E35: 44991 | F35: 1519C20230200050 | G35: 1519230000040 | H35: TEKO PRAYITNO | I35: DUSUN CENTUNG RT 015 RW 007 Kel.KARANGDAYU Kec. BAURENO Kota BOJONEGORO 62192 | J35: 62192 | L35: 62192 | M35: KARANGDAYU | N35: BAURENO | O35: BOJONEGORO | P35: 15190100 | Q35: Bojonegoro | T35: 4447**** | U35: 4447**** | V35: 08224******* | W35: MOBIL Baru | X35: SUZUKI | Y35: CARRY PU 1.5 | Z35: NEW CARRY PU FD AC PS | AA35: MHYHDC61TPJ213872 | AB35: K15BT1499209 | AC35: S 8128 AG | AD35: 116560000 | AE35: 95099352 | AF35: 94000000 | AG35: 22560000 | AH35: 15060520 | AI35: 0 | AJ35: 3760000 | AK35: 161 | AL35: 6 | AM35: 32 | AN35: 62 | AO35: 06.151-180 | AP35: 06.151-180 | AQ35: 03.RO | AR35: 151698 | AS35: 20220823391 | AT35: ANJAR PRATAMA FILLASYAH PUTRA | AU35: 1519ARC003 | AV35: 00000000000 | AW35: TIDAK ADA | AX35: RMC | AY35: 160042 | AZ35: 20130914748 | BA35: ADHITYA HEINZ PERMANA | BB35: RMH | BC35: 1519ARC003 | BD35: 00000000000 | BE35: TIDAK ADA | BF35: Coll-Head | BG35: Collectible | BH35: 7 | BI35: 26320000 | BN35: 46173 | BO35: 1 | BP35: 46149 | BQ35: Coll Harian | BR35: 168 | BS35: 45981 | BT35: 116560000 | BU35: 0 | BV35: 1 | BW35: 0 | BX35: 0 | BY35: 0 | BZ35: 0 | CA35: 0 | CB35: 0 | CD35: 0 | CF35: 0 | CH35: 0 | CJ35: 0 | CL35: 0 | CM35: 46149 | CN35: 4W | CO35: 95099352 | CP35: 95099352 | CQ35: 20 | CT35: 0 | CU35: GRESIK - MBL | CV35: 05. Jawa Timur | CW35: 46149 | CX35: Last Month | CY35: =MONTH(Table_ExternalData_14[[#This Row],[RunningReportDate]]) -> 5 | CZ35: =181-Table_ExternalData_14[[#This Row],[DaysOD]] -> 20 | DA35: =IF(Table_ExternalData_14[[#This Row],[Status]]="PU-WC",0,Table_ExternalData_14[[#This Row],[Amount_CWO]]/1000000) -> 95.099352 | DB35: =IF(Table_ExternalData_14[[#This Row],[Status]]="PU-WC",0,IF(Table_ExternalData_14[[#This Row],[Keterangan_Sukses-new]]="RB",1,IF(Table_ExternalData_14[[#This Row],[Keterangan_Sukses-new]]="STAY",1,IF(Table_ExternalData_14[[#This Row],[Keterangan_Sukses-new]]="BTC",1,IF(ISERROR(FIND("SEBELUM",Table_ExternalData_14[[#This Row],[Keterangan_Sukses-new]],1)),0,1))))) -> 0 | DC35: =IF(Table_ExternalData_14[[#This Row],[Status]]="PU-WC",0,IF(Table_ExternalData_14[[#This Row],[Success CWO]]=1,Table_ExternalData_14[[#This Row],[CWO Amt]],0)) -> 0 | DD35: =IF(AND(Table_ExternalData_14[[#This Row],[Status]]="InsuranceClaim",Table_ExternalData_14[[#This Row],[TglTarik]]>0),0,IF(Table_ExternalData_14[[#This Row],[ContractID]]="1547220000067",0,IF(Table_ExternalData_14[[#This Row],[Status]]="PU-WC",0,IF(Table_ExternalData_14[[#This Row],[Tgl WO-in]]<= DAY(Table_ExternalData_14[[#This Row],[Period]]),Table_ExternalData_14[[#This Row],[Amount_WO]]/1000000,0)))) -> 0 | DE35: =DAY(Table_ExternalData_14[[#This Row],[Tanggal_Sukses-new]]) -> 0 | DF35: =IF(Table_ExternalData_14[[#This Row],[Status]]="PU-WC",0,IF(SUM(Table_ExternalData_14[[#This Row],[Success CWO]:[WO-In-Amt]])=0,1,0)) -> 1 | DG35: =IF(AND(Table_ExternalData_14[[#This Row],[Status]]="InsuranceClaim",Table_ExternalData_14[[#This Row],[TglTarik]]>0),0,IF(Table_ExternalData_14[[#This Row],[Status]]="PU-WC",0,IF(Table_ExternalData_14[[#This Row],[Potensi WO]]=1,Table_ExternalData_14[[#This Row],[CWO Amt]],0))) -> 95.099352 | DH35: =VLOOKUP(Table_ExternalData_14[[#This Row],[BranchID]],KC!$A:$K,5,0) -> 4W | DI35: =VLOOKUP(Table_ExternalData_14[[#This Row],[BranchID]],KC!$A:$K,8,0) -> 04. Jawa Timur | DJ35: =VLOOKUP(Table_ExternalData_14[[#This Row],[BranchID]],KC!$A:$K,9,0) -> GRESIK | DK35: =IF(Table_ExternalData_14[[#This Row],[Tanggal_Sukses]]=" ",Table_ExternalData_14[[#This Row],[Tanggal_Sukses]],VLOOKUP(Table_ExternalData_14[[#This Row],[ContractID]],Bantuan!$A:$C,2,0)) -> 0 | DL35: =IF(Table_ExternalData_14[[#This Row],[Keterangan_Sukses]]=" ",Table_ExternalData_14[[#This Row],[Keterangan_Sukses]],VLOOKUP(Table_ExternalData_14[[#This Row],[ContractID]],Bantuan!$A:$C,3,0)) -> 0
A36: 1518 | B36: DEWI SARTIKA | C36: 46142 | D36: 45966 | E36: 45777 | F36: 1518C20250400050 | G36: 1518250000102 | H36: HELMIDAWATI | I36: JL MANGGA 2 BLOK P NO.7 RT 4 RW 7 Kel.KRAMAT JATI Kec. KRAMAT JATI Kota JAKARTA TIMUR 13510 | J36: 13510 | L36: 13510 | M36: KRAMAT JATI | N36: KRAMAT JATI | O36: JAKARTA TIMUR | P36: 15180000 | Q36: Dewi Sartika | V36: 08595******* | W36: MOBIL Baru | X36: SUZUKI | Y36: ERTIGA | Z36: ALL NEW ERTIGA GL MC AT | AA36: MHYANC22SRJ102837 | AB36: K15BT1617772 | AC36: B 2906 FOO | AD36: 280500000 | AE36: 1.9579599e+08 | AF36: 249900000 | AG36: 30600000 | AH36: 17856000 | AI36: 0 | AJ36: 5100000 | AK36: 176 | AL36: 6 | AM36: 6 | AN36: 60 | AO36: 06.151-180 | AP36: 06.151-180 | AQ36: 03.RO | BF36: Coll-Head | BG36: Collectible | BH36: 7 | BI36: 35700000 | BN36: 46173 | BO36: 1 | BP36: 46149 | BQ36: Coll Harian | BR36: 183 | BS36: 45966 | BT36: 280500000 | BU36: 0 | BV36: 1 | BW36: 0 | BX36: 0 | BY36: 0 | BZ36: 0 | CA36: 0 | CB36: 0 | CD36: 0 | CF36: 0 | CH36: 0 | CJ36: 0 | CL36: 0 | CM36: 46149 | CN36: 4W | CO36: 1.9579599e+08 | CP36: 1.9579599e+08 | CQ36: 5 | CT36: 0 | CU36: DEWI SARTIKA - MBL | CV36: 02. Jakarta 2 | CW36: 46149 | CX36: Last Month | CY36: =MONTH(Table_ExternalData_14[[#This Row],[RunningReportDate]]) -> 5 | CZ36: =181-Table_ExternalData_14[[#This Row],[DaysOD]] -> 5 | DA36: =IF(Table_ExternalData_14[[#This Row],[Status]]="PU-WC",0,Table_ExternalData_14[[#This Row],[Amount_CWO]]/1000000) -> 195.79599 | DB36: =IF(Table_ExternalData_14[[#This Row],[Status]]="PU-WC",0,IF(Table_ExternalData_14[[#This Row],[Keterangan_Sukses-new]]="RB",1,IF(Table_ExternalData_14[[#This Row],[Keterangan_Sukses-new]]="STAY",1,IF(Table_ExternalData_14[[#This Row],[Keterangan_Sukses-new]]="BTC",1,IF(ISERROR(FIND("SEBELUM",Table_ExternalData_14[[#This Row],[Keterangan_Sukses-new]],1)),0,1))))) -> 0 | DC36: =IF(Table_ExternalData_14[[#This Row],[Status]]="PU-WC",0,IF(Table_ExternalData_14[[#This Row],[Success CWO]]=1,Table_ExternalData_14[[#This Row],[CWO Amt]],0)) -> 0 | DD36: =IF(AND(Table_ExternalData_14[[#This Row],[Status]]="InsuranceClaim",Table_ExternalData_14[[#This Row],[TglTarik]]>0),0,IF(Table_ExternalData_14[[#This Row],[ContractID]]="1547220000067",0,IF(Table_ExternalData_14[[#This Row],[Status]]="PU-WC",0,IF(Table_ExternalData_14[[#This Row],[Tgl WO-in]]<= DAY(Table_ExternalData_14[[#This Row],[Period]]),Table_ExternalData_14[[#This Row],[Amount_WO]]/1000000,0)))) -> 195.79599 | DE36: =DAY(Table_ExternalData_14[[#This Row],[Tanggal_Sukses-new]]) -> 0 | DF36: =IF(Table_ExternalData_14[[#This Row],[Status]]="PU-WC",0,IF(SUM(Table_ExternalData_14[[#This Row],[Success CWO]:[WO-In-Amt]])=0,1,0)) -> 0 | DG36: =IF(AND(Table_ExternalData_14[[#This Row],[Status]]="InsuranceClaim",Table_ExternalData_14[[#This Row],[TglTarik]]>0),0,IF(Table_ExternalData_14[[#This Row],[Status]]="PU-WC",0,IF(Table_ExternalData_14[[#This Row],[Potensi WO]]=1,Table_ExternalData_14[[#This Row],[CWO Amt]],0))) -> 0 | DH36: =VLOOKUP(Table_ExternalData_14[[#This Row],[BranchID]],KC!$A:$K,5,0) -> 4W | DI36: =VLOOKUP(Table_ExternalData_14[[#This Row],[BranchID]],KC!$A:$K,8,0) -> 01. Jabodetabekser | DJ36: =VLOOKUP(Table_ExternalData_14[[#This Row],[BranchID]],KC!$A:$K,9,0) -> DEWI SARTIKA | DK36: =IF(Table_ExternalData_14[[#This Row],[Tanggal_Sukses]]=" ",Table_ExternalData_14[[#This Row],[Tanggal_Sukses]],VLOOKUP(Table_ExternalData_14[[#This Row],[ContractID]],Bantuan!$A:$C,2,0)) -> 0 | DL36: =IF(Table_ExternalData_14[[#This Row],[Keterangan_Sukses]]=" ",Table_ExternalData_14[[#This Row],[Keterangan_Sukses]],VLOOKUP(Table_ExternalData_14[[#This Row],[ContractID]],Bantuan!$A:$C,3,0)) -> 0
A37: 1517 | B37: PURWOKERTO | C37: 46142 | D37: 45975 | E37: 45121 | F37: 1517C20230700011 | G37: 1517230000089 | H37: ENONG | I37: JL. TEMBO NO. 23 RT 009 RW 008 Kel.PAHONJEAN Kec. MAJENANG Kota CILACAP 53257 | J37: 53257 | L37: 53257 | M37: PAHONJEAN | N37: MAJENANG | O37: CILACAP | P37: 15170001 | Q37: Cilacap | T37: 4407**** | U37: 4407**** | V37: 08784******* | W37: MOBIL Baru | X37: SUZUKI | Y37: CARRY PU 1.5 | Z37: NEW CARRY PU FD | AA37: MHYHDC61TPJ220013 | AB37: K15BT1513847 | AC37: R 9959 MB | AD37: 107250000 | AE37: 83937241 | AF37: 87750000 | AG37: 19500000 | AH37: 9240000 | AI37: 0 | AJ37: 3250000 | AK37: 167 | AL37: 6 | AM37: 28 | AN37: 60 | AO37: 06.151-180 | AP37: 06.151-180 | AQ37: 03.RO | BF37: Coll-Head | BG37: Collectible | BH37: 7 | BI37: 22750000 | BN37: 46173 | BO37: 1 | BP37: 46149 | BQ37: Coll Harian | BR37: 174 | BS37: 45975 | BT37: 107250000 | BU37: 0 | BV37: 1 | BW37: 0 | BX37: 0 | BY37: 0 | BZ37: 0 | CA37: 0 | CB37: 0 | CD37: 0 | CF37: 0 | CH37: 0 | CJ37: 0 | CL37: 0 | CM37: 46149 | CN37: 4W | CO37: 83937241 | CP37: 83937241 | CQ37: 14 | CT37: 0 | CU37: PURWOKERTO - MBL | CV37: 04. Jawa Tengah | CW37: 46149 | CX37: Last Month | CY37: =MONTH(Table_ExternalData_14[[#This Row],[RunningReportDate]]) -> 5 | CZ37: =181-Table_ExternalData_14[[#This Row],[DaysOD]] -> 14 | DA37: =IF(Table_ExternalData_14[[#This Row],[Status]]="PU-WC",0,Table_ExternalData_14[[#This Row],[Amount_CWO]]/1000000) -> 83.937241 | DB37: =IF(Table_ExternalData_14[[#This Row],[Status]]="PU-WC",0,IF(Table_ExternalData_14[[#This Row],[Keterangan_Sukses-new]]="RB",1,IF(Table_ExternalData_14[[#This Row],[Keterangan_Sukses-new]]="STAY",1,IF(Table_ExternalData_14[[#This Row],[Keterangan_Sukses-new]]="BTC",1,IF(ISERROR(FIND("SEBELUM",Table_ExternalData_14[[#This Row],[Keterangan_Sukses-new]],1)),0,1))))) -> 0 | DC37: =IF(Table_ExternalData_14[[#This Row],[Status]]="PU-WC",0,IF(Table_ExternalData_14[[#This Row],[Success CWO]]=1,Table_ExternalData_14[[#This Row],[CWO Amt]],0)) -> 0 | DD37: =IF(AND(Table_ExternalData_14[[#This Row],[Status]]="InsuranceClaim",Table_ExternalData_14[[#This Row],[TglTarik]]>0),0,IF(Table_ExternalData_14[[#This Row],[ContractID]]="1547220000067",0,IF(Table_ExternalData_14[[#This Row],[Status]]="PU-WC",0,IF(Table_ExternalData_14[[#This Row],[Tgl WO-in]]<= DAY(Table_ExternalData_14[[#This Row],[Period]]),Table_ExternalData_14[[#This Row],[Amount_WO]]/1000000,0)))) -> 0 | DE37: =DAY(Table_ExternalData_14[[#This Row],[Tanggal_Sukses-new]]) -> 0 | DF37: =IF(Table_ExternalData_14[[#This Row],[Status]]="PU-WC",0,IF(SUM(Table_ExternalData_14[[#This Row],[Success CWO]:[WO-In-Amt]])=0,1,0)) -> 1 | DG37: =IF(AND(Table_ExternalData_14[[#This Row],[Status]]="InsuranceClaim",Table_ExternalData_14[[#This Row],[TglTarik]]>0),0,IF(Table_ExternalData_14[[#This Row],[Status]]="PU-WC",0,IF(Table_ExternalData_14[[#This Row],[Potensi WO]]=1,Table_ExternalData_14[[#This Row],[CWO Amt]],0))) -> 83.937241 | DH37: =VLOOKUP(Table_ExternalData_14[[#This Row],[BranchID]],KC!$A:$K,5,0) -> 4W | DI37: =VLOOKUP(Table_ExternalData_14[[#This Row],[BranchID]],KC!$A:$K,8,0) -> 03. Jawa Tengah | DJ37: =VLOOKUP(Table_ExternalData_14[[#This Row],[BranchID]],KC!$A:$K,9,0) -> PURWOKERTO | DK37: =IF(Table_ExternalData_14[[#This Row],[Tanggal_Sukses]]=" ",Table_ExternalData_14[[#This Row],[Tanggal_Sukses]],VLOOKUP(Table_ExternalData_14[[#This Row],[ContractID]],Bantuan!$A:$C,2,0)) -> 0 | DL37: =IF(Table_ExternalData_14[[#This Row],[Keterangan_Sukses]]=" ",Table_ExternalData_14[[#This Row],[Keterangan_Sukses]],VLOOKUP(Table_ExternalData_14[[#This Row],[ContractID]],Bantuan!$A:$C,3,0)) -> 0
A38: 1517 | B38: PURWOKERTO | C38: 46142 | D38: 45981 | E38: 44680 | F38: 1517C20200900034 | G38: 1517220000063 | H38: ASDIN SANTOSA | I38: BANTARWARU GEMAWANG RT 005 RW 002 Kel.SIDARATA Kec. PUNGGELAN Kota BANJARNEGARA 53462 | J38: 53462 | L38: 53462 | M38: SIDARATA | N38: PUNGGELAN | O38: BANJARNEGARA | P38: 15170002 | Q38: Banjarnegara | T38: 1765**** | U38: 1765**** | V38: 08213******* | W38: MOBIL Baru | X38: SUZUKI | Y38: CARRY PU 1.5 | Z38: NEW CARRY PU FD AC PS | AA38: MHYHDC61TNJ222243 | AB38: K15BT1379586 | AC38: R 8969 BM | AD38: 43450000 | AE38: 40147674 | AF38: 19750000 | AG38: 23700000 | AH38: 26274625 | AI38: 600000 | AJ38: 3950000 | AK38: 161 | AL38: 6 | AM38: 42 | AN38: 52 | AO38: 06.151-180 | AP38: 06.151-180 | AQ38: 03.RO | BF38: Coll-Head | BG38: Collectible | BH38: 7 | BI38: 27650000 | BN38: 46173 | BO38: 1 | BP38: 46149 | BQ38: Coll Harian | BR38: 168 | BS38: 45981 | BT38: 43450000 | BU38: 0 | BV38: 1 | BW38: 0 | BX38: 0 | BY38: 0 | BZ38: 0 | CA38: 0 | CB38: 0 | CD38: 0 | CF38: 0 | CH38: 0 | CJ38: 0 | CL38: 0 | CM38: 46149 | CN38: 4W | CO38: 39547674 | CP38: 39547674 | CQ38: 20 | CT38: 0 | CU38: PURWOKERTO - MBL | CV38: 04. Jawa Tengah | CW38: 46149 | CX38: Last Month | CY38: =MONTH(Table_ExternalData_14[[#This Row],[RunningReportDate]]) -> 5 | CZ38: =181-Table_ExternalData_14[[#This Row],[DaysOD]] -> 20 | DA38: =IF(Table_ExternalData_14[[#This Row],[Status]]="PU-WC",0,Table_ExternalData_14[[#This Row],[Amount_CWO]]/1000000) -> 39.547674 | DB38: =IF(Table_ExternalData_14[[#This Row],[Status]]="PU-WC",0,IF(Table_ExternalData_14[[#This Row],[Keterangan_Sukses-new]]="RB",1,IF(Table_ExternalData_14[[#This Row],[Keterangan_Sukses-new]]="STAY",1,IF(Table_ExternalData_14[[#This Row],[Keterangan_Sukses-new]]="BTC",1,IF(ISERROR(FIND("SEBELUM",Table_ExternalData_14[[#This Row],[Keterangan_Sukses-new]],1)),0,1))))) -> 0 | DC38: =IF(Table_ExternalData_14[[#This Row],[Status]]="PU-WC",0,IF(Table_ExternalData_14[[#This Row],[Success CWO]]=1,Table_ExternalData_14[[#This Row],[CWO Amt]],0)) -> 0 | DD38: =IF(AND(Table_ExternalData_14[[#This Row],[Status]]="InsuranceClaim",Table_ExternalData_14[[#This Row],[TglTarik]]>0),0,IF(Table_ExternalData_14[[#This Row],[ContractID]]="1547220000067",0,IF(Table_ExternalData_14[[#This Row],[Status]]="PU-WC",0,IF(Table_ExternalData_14[[#This Row],[Tgl WO-in]]<= DAY(Table_ExternalData_14[[#This Row],[Period]]),Table_ExternalData_14[[#This Row],[Amount_WO]]/1000000,0)))) -> 0 | DE38: =DAY(Table_ExternalData_14[[#This Row],[Tanggal_Sukses-new]]) -> 0 | DF38: =IF(Table_ExternalData_14[[#This Row],[Status]]="PU-WC",0,IF(SUM(Table_ExternalData_14[[#This Row],[Success CWO]:[WO-In-Amt]])=0,1,0)) -> 1 | DG38: =IF(AND(Table_ExternalData_14[[#This Row],[Status]]="InsuranceClaim",Table_ExternalData_14[[#This Row],[TglTarik]]>0),0,IF(Table_ExternalData_14[[#This Row],[Status]]="PU-WC",0,IF(Table_ExternalData_14[[#This Row],[Potensi WO]]=1,Table_ExternalData_14[[#This Row],[CWO Amt]],0))) -> 39.547674 | DH38: =VLOOKUP(Table_ExternalData_14[[#This Row],[BranchID]],KC!$A:$K,5,0) -> 4W | DI38: =VLOOKUP(Table_ExternalData_14[[#This Row],[BranchID]],KC!$A:$K,8,0) -> 03. Jawa Tengah | DJ38: =VLOOKUP(Table_ExternalData_14[[#This Row],[BranchID]],KC!$A:$K,9,0) -> PURWOKERTO | DK38: =IF(Table_ExternalData_14[[#This Row],[Tanggal_Sukses]]=" ",Table_ExternalData_14[[#This Row],[Tanggal_Sukses]],VLOOKUP(Table_ExternalData_14[[#This Row],[ContractID]],Bantuan!$A:$C,2,0)) -> 0 | DL38: =IF(Table_ExternalData_14[[#This Row],[Keterangan_Sukses]]=" ",Table_ExternalData_14[[#This Row],[Keterangan_Sukses]],VLOOKUP(Table_ExternalData_14[[#This Row],[ContractID]],Bantuan!$A:$C,3,0)) -> 0
A39: 1516 | B39: SERANG | C39: 46142 | D39: 45966 | E39: 44667 | F39: 1516C20220400070 | G39: 1516220000154 | H39: ROHENAH | I39: KP.CIBOGO UTARA RT 001 RW 001 Kel.CILAYANG GUHA Kec. CIKEUSAL Kota SERANG 42116 | J39: 42116 | L39: 42116 | M39: CILAYANG GUHA | N39: CIKEUSAL | O39: SERANG | P39: 15160000 | Q39: SERANG | T39: 08389******* | U39: 08389******* | V39: 08389******* | W39: MOBIL Baru | X39: SUZUKI | Y39: CARRY PU 1.5 | Z39: NEW CARRY PU FD | AA39: MHYHDC61TNJ226161 | AB39: K15BT1388102 | AC39: A 8476 FH | AD39: 30900000 | AE39: 29344137 | AF39: 12360000 | AG39: 18540000 | AH39: 18650650 | AI39: 1503650 | AJ39: 3090000 | AK39: 176 | AL39: 6 | AM39: 42 | AN39: 51 | AO39: 06.151-180 | AP39: 06.151-180 | AQ39: 03.RO | BF39: Coll-Head | BG39: Collectible | BH39: 7 | BI39: 21630000 | BN39: 46173 | BO39: 1 | BP39: 46149 | BQ39: Coll Harian | BR39: 183 | BS39: 45966 | BT39: 30900000 | BU39: 0 | BV39: 1 | BW39: 0 | BX39: 0 | BY39: 0 | BZ39: 0 | CA39: 0 | CB39: 0 | CD39: 0 | CF39: 0 | CH39: 0 | CJ39: 0 | CL39: 0 | CM39: 46149 | CN39: 4W | CO39: 27840487 | CP39: 27840487 | CQ39: 5 | CT39: 0 | CU39: SERANG - MBL | CV39: 01. Jakarta 1 | CW39: 46149 | CX39: Last Month | CY39: =MONTH(Table_ExternalData_14[[#This Row],[RunningReportDate]]) -> 5 | CZ39: =181-Table_ExternalData_14[[#This Row],[DaysOD]] -> 5 | DA39: =IF(Table_ExternalData_14[[#This Row],[Status]]="PU-WC",0,Table_ExternalData_14[[#This Row],[Amount_CWO]]/1000000) -> 27.840487 | DB39: =IF(Table_ExternalData_14[[#This Row],[Status]]="PU-WC",0,IF(Table_ExternalData_14[[#This Row],[Keterangan_Sukses-new]]="RB",1,IF(Table_ExternalData_14[[#This Row],[Keterangan_Sukses-new]]="STAY",1,IF(Table_ExternalData_14[[#This Row],[Keterangan_Sukses-new]]="BTC",1,IF(ISERROR(FIND("SEBELUM",Table_ExternalData_14[[#This Row],[Keterangan_Sukses-new]],1)),0,1))))) -> 0 | DC39: =IF(Table_ExternalData_14[[#This Row],[Status]]="PU-WC",0,IF(Table_ExternalData_14[[#This Row],[Success CWO]]=1,Table_ExternalData_14[[#This Row],[CWO Amt]],0)) -> 0 | DD39: =IF(AND(Table_ExternalData_14[[#This Row],[Status]]="InsuranceClaim",Table_ExternalData_14[[#This Row],[TglTarik]]>0),0,IF(Table_ExternalData_14[[#This Row],[ContractID]]="1547220000067",0,IF(Table_ExternalData_14[[#This Row],[Status]]="PU-WC",0,IF(Table_ExternalData_14[[#This Row],[Tgl WO-in]]<= DAY(Table_ExternalData_14[[#This Row],[Period]]),Table_ExternalData_14[[#This Row],[Amount_WO]]/1000000,0)))) -> 27.840487 | DE39: =DAY(Table_ExternalData_14[[#This Row],[Tanggal_Sukses-new]]) -> 0 | DF39: =IF(Table_ExternalData_14[[#This Row],[Status]]="PU-WC",0,IF(SUM(Table_ExternalData_14[[#This Row],[Success CWO]:[WO-In-Amt]])=0,1,0)) -> 0 | DG39: =IF(AND(Table_ExternalData_14[[#This Row],[Status]]="InsuranceClaim",Table_ExternalData_14[[#This Row],[TglTarik]]>0),0,IF(Table_ExternalData_14[[#This Row],[Status]]="PU-WC",0,IF(Table_ExternalData_14[[#This Row],[Potensi WO]]=1,Table_ExternalData_14[[#This Row],[CWO Amt]],0))) -> 0 | DH39: =VLOOKUP(Table_ExternalData_14[[#This Row],[BranchID]],KC!$A:$K,5,0) -> 4W | DI39: =VLOOKUP(Table_ExternalData_14[[#This Row],[BranchID]],KC!$A:$K,8,0) -> 01. Jabodetabekser | DJ39: =VLOOKUP(Table_ExternalData_14[[#This Row],[BranchID]],KC!$A:$K,9,0) -> SERANG | DK39: =IF(Table_ExternalData_14[[#This Row],[Tanggal_Sukses]]=" ",Table_ExternalData_14[[#This Row],[Tanggal_Sukses]],VLOOKUP(Table_ExternalData_14[[#This Row],[ContractID]],Bantuan!$A:$C,2,0)) -> 0 | DL39: =IF(Table_ExternalData_14[[#This Row],[Keterangan_Sukses]]=" ",Table_ExternalData_14[[#This Row],[Keterangan_Sukses]],VLOOKUP(Table_ExternalData_14[[#This Row],[ContractID]],Bantuan!$A:$C,3,0)) -> 0
A40: 1514 | B40: MAKASSAR | C40: 46142 | D40: 45966 | E40: 44806 | F40: 1514C20220800100 | G40: 1514220000236 | H40: H IKRAR KAMARUDDIN | I40: JL SULTAN HASANUDDIN NO 165 RT 000 RW 000 Kel.KALABBIRANG Kec. PATALLASSANG Kota TAKALAR 92211 | J40: 92211 | L40: 92211 | M40: KALABBIRANG | N40: PATALLASSANG | O40: TAKALAR | P40: 15140000 | Q40: Makassar | T40: 08218******* | U40: 08218******* | V40: 08218******* | W40: MOBIL Baru | X40: SUZUKI | Y40: CARRY PU 1.5 | Z40: NEW CARRY PU FD AC PS | AA40: MHYHDC61TNJ245639 | AB40: K15BT1431864 | AC40: DD8840PB | AD40: 70170000 | AE40: 62878699 | AF40: 42102000 | AG40: 28068000 | AH40: 47616110 | AI40: 88000 | AJ40: 4678000 | AK40: 176 | AL40: 6 | AM40: 37 | AN40: 51 | AO40: 06.151-180 | AP40: 06.151-180 | AQ40: 03.RO | BF40: Coll-Head | BG40: Collectible | BH40: 7 | BI40: 32746000 | BN40: 46173 | BO40: 1 | BP40: 46149 | BQ40: Coll Harian | BR40: 183 | BS40: 45966 | BT40: 70170000 | BU40: 0 | BV40: 1 | BW40: 0 | BX40: 0 | BY40: 0 | BZ40: 0 | CA40: 0 | CB40: 0 | CD40: 0 | CF40: 0 | CH40: 0 | CJ40: 0 | CL40: 0 | CM40: 46149 | CN40: 4W | CO40: 62790699 | CP40: 62790699 | CQ40: 5 | CT40: 0 | CU40: MAKASSAR - MBL | CV40: 10. Sulawesi | CW40: 46149 | CX40: Last Month | CY40: =MONTH(Table_ExternalData_14[[#This Row],[RunningReportDate]]) -> 5 | CZ40: =181-Table_ExternalData_14[[#This Row],[DaysOD]] -> 5 | DA40: =IF(Table_ExternalData_14[[#This Row],[Status]]="PU-WC",0,Table_ExternalData_14[[#This Row],[Amount_CWO]]/1000000) -> 62.790699 | DB40: =IF(Table_ExternalData_14[[#This Row],[Status]]="PU-WC",0,IF(Table_ExternalData_14[[#This Row],[Keterangan_Sukses-new]]="RB",1,IF(Table_ExternalData_14[[#This Row],[Keterangan_Sukses-new]]="STAY",1,IF(Table_ExternalData_14[[#This Row],[Keterangan_Sukses-new]]="BTC",1,IF(ISERROR(FIND("SEBELUM",Table_ExternalData_14[[#This Row],[Keterangan_Sukses-new]],1)),0,1))))) -> 0 | DC40: =IF(Table_ExternalData_14[[#This Row],[Status]]="PU-WC",0,IF(Table_ExternalData_14[[#This Row],[Success CWO]]=1,Table_ExternalData_14[[#This Row],[CWO Amt]],0)) -> 0 | DD40: =IF(AND(Table_ExternalData_14[[#This Row],[Status]]="InsuranceClaim",Table_ExternalData_14[[#This Row],[TglTarik]]>0),0,IF(Table_ExternalData_14[[#This Row],[ContractID]]="1547220000067",0,IF(Table_ExternalData_14[[#This Row],[Status]]="PU-WC",0,IF(Table_ExternalData_14[[#This Row],[Tgl WO-in]]<= DAY(Table_ExternalData_14[[#This Row],[Period]]),Table_ExternalData_14[[#This Row],[Amount_WO]]/1000000,0)))) -> 62.790699 | DE40: =DAY(Table_ExternalData_14[[#This Row],[Tanggal_Sukses-new]]) -> 0 | DF40: =IF(Table_ExternalData_14[[#This Row],[Status]]="PU-WC",0,IF(SUM(Table_ExternalData_14[[#This Row],[Success CWO]:[WO-In-Amt]])=0,1,0)) -> 0 | DG40: =IF(AND(Table_ExternalData_14[[#This Row],[Status]]="InsuranceClaim",Table_ExternalData_14[[#This Row],[TglTarik]]>0),0,IF(Table_ExternalData_14[[#This Row],[Status]]="PU-WC",0,IF(Table_ExternalData_14[[#This Row],[Potensi WO]]=1,Table_ExternalData_14[[#This Row],[CWO Amt]],0))) -> 0 | DH40: =VLOOKUP(Table_ExternalData_14[[#This Row],[BranchID]],KC!$A:$K,5,0) -> 4W | DI40: =VLOOKUP(Table_ExternalData_14[[#This Row],[BranchID]],KC!$A:$K,8,0) -> 06. Sulawesi | DJ40: =VLOOKUP(Table_ExternalData_14[[#This Row],[BranchID]],KC!$A:$K,9,0) -> MAKASSAR | DK40: =IF(Table_ExternalData_14[[#This Row],[Tanggal_Sukses]]=" ",Table_ExternalData_14[[#This Row],[Tanggal_Sukses]],VLOOKUP(Table_ExternalData_14[[#This Row],[ContractID]],Bantuan!$A:$C,2,0)) -> 0 | DL40: =IF(Table_ExternalData_14[[#This Row],[Keterangan_Sukses]]=" ",Table_ExternalData_14[[#This Row],[Keterangan_Sukses]],VLOOKUP(Table_ExternalData_14[[#This Row],[ContractID]],Bantuan!$A:$C,3,0)) -> 0
A41: 1512 | B41: BOGOR | C41: 46142 | D41: 45966 | E41: 45867 | F41: 1543C20201000028 | G41: 1512250000102 | H41: WANTA | I41: KP. CIBUNUT RT 012 RW 006 Kel.LIGARMUKTI Kec. KLAPA NUNGGAL (KELAPA NUNGGAL) Kota BOGOR 16710 | J41: 16710 | L41: 16710 | M41: LIGARMUKTI | N41: KLAPA NUNGGAL (KELAPA NUNGGAL) | O41: BOGOR | P41: 15120000 | Q41: Bogor | T41: 8704**** | U41: 8704**** | V41: 08588******* | W41: MOBIL Baru | X41: SUZUKI | Y41: CARRY PU 1.5 | Z41: NEW CARRY PU FD AC PS | AA41: MHYHDC61TSJ276340 | AB41: K15BT1692573 | AC41: F 8165 HY | AD41: 209668000 | AE41: 1.4080382e+08 | AF41: 182320000 | AG41: 27348000 | AH41: 14371650 | AI41: 0 | AJ41: 4558000 | AK41: 176 | AL41: 6 | AM41: 3 | AN41: 48 | AO41: 06.151-180 | AP41: 06.151-180 | AQ41: 03.RO | BF41: Coll-Head | BG41: Collectible | BH41: 7 | BI41: 31906000 | BN41: 46173 | BO41: 1 | BP41: 46149 | BQ41: Coll Harian | BR41: 183 | BS41: 45966 | BT41: 209668000 | BU41: 0 | BV41: 1 | BW41: 0 | BX41: 0 | BY41: 0 | BZ41: 0 | CA41: 0 | CB41: 0 | CD41: 0 | CF41: 0 | CH41: 0 | CJ41: 0 | CL41: 0 | CM41: 46149 | CN41: 4W | CO41: 1.4080382e+08 | CP41: 1.4080382e+08 | CQ41: 5 | CT41: 0 | CU41: BOGOR - MBL | CV41: 02. Jakarta 2 | CW41: 46149 | CX41: Last Month | CY41: =MONTH(Table_ExternalData_14[[#This Row],[RunningReportDate]]) -> 5 | CZ41: =181-Table_ExternalData_14[[#This Row],[DaysOD]] -> 5 | DA41: =IF(Table_ExternalData_14[[#This Row],[Status]]="PU-WC",0,Table_ExternalData_14[[#This Row],[Amount_CWO]]/1000000) -> 140.80382 | DB41: =IF(Table_ExternalData_14[[#This Row],[Status]]="PU-WC",0,IF(Table_ExternalData_14[[#This Row],[Keterangan_Sukses-new]]="RB",1,IF(Table_ExternalData_14[[#This Row],[Keterangan_Sukses-new]]="STAY",1,IF(Table_ExternalData_14[[#This Row],[Keterangan_Sukses-new]]="BTC",1,IF(ISERROR(FIND("SEBELUM",Table_ExternalData_14[[#This Row],[Keterangan_Sukses-new]],1)),0,1))))) -> 0 | DC41: =IF(Table_ExternalData_14[[#This Row],[Status]]="PU-WC",0,IF(Table_ExternalData_14[[#This Row],[Success CWO]]=1,Table_ExternalData_14[[#This Row],[CWO Amt]],0)) -> 0 | DD41: =IF(AND(Table_ExternalData_14[[#This Row],[Status]]="InsuranceClaim",Table_ExternalData_14[[#This Row],[TglTarik]]>0),0,IF(Table_ExternalData_14[[#This Row],[ContractID]]="1547220000067",0,IF(Table_ExternalData_14[[#This Row],[Status]]="PU-WC",0,IF(Table_ExternalData_14[[#This Row],[Tgl WO-in]]<= DAY(Table_ExternalData_14[[#This Row],[Period]]),Table_ExternalData_14[[#This Row],[Amount_WO]]/1000000,0)))) -> 140.80382 | DE41: =DAY(Table_ExternalData_14[[#This Row],[Tanggal_Sukses-new]]) -> 0 | DF41: =IF(Table_ExternalData_14[[#This Row],[Status]]="PU-WC",0,IF(SUM(Table_ExternalData_14[[#This Row],[Success CWO]:[WO-In-Amt]])=0,1,0)) -> 0 | DG41: =IF(AND(Table_ExternalData_14[[#This Row],[Status]]="InsuranceClaim",Table_ExternalData_14[[#This Row],[TglTarik]]>0),0,IF(Table_ExternalData_14[[#This Row],[Status]]="PU-WC",0,IF(Table_ExternalData_14[[#This Row],[Potensi WO]]=1,Table_ExternalData_14[[#This Row],[CWO Amt]],0))) -> 0 | DH41: =VLOOKUP(Table_ExternalData_14[[#This Row],[BranchID]],KC!$A:$K,5,0) -> 4W | DI41: =VLOOKUP(Table_ExternalData_14[[#This Row],[BranchID]],KC!$A:$K,8,0) -> 01. Jabodetabekser | DJ41: =VLOOKUP(Table_ExternalData_14[[#This Row],[BranchID]],KC!$A:$K,9,0) -> BOGOR | DK41: =IF(Table_ExternalData_14[[#This Row],[Tanggal_Sukses]]=" ",Table_ExternalData_14[[#This Row],[Tanggal_Sukses]],VLOOKUP(Table_ExternalData_14[[#This Row],[ContractID]],Bantuan!$A:$C,2,0)) -> 0 | DL41: =IF(Table_ExternalData_14[[#This Row],[Keterangan_Sukses]]=" ",Table_ExternalData_14[[#This Row],[Keterangan_Sukses]],VLOOKUP(Table_ExternalData_14[[#This Row],[ContractID]],Bantuan!$A:$C,3,0)) -> 0
A42: 1511 | B42: SAMARINDA | C42: 46142 | D42: 45966 | E42: 45656 | F42: 1511C20201200034 | G42: 1511240000132 | H42: SUMIRAH | I42: JAMBUK MAKMUR RT 011 RW 000 Kel.JAMBUK MAKMUR Kec. BONGAN Kota KUTAI BARAT 75772 | J42: 75772 | L42: 75772 | M42: JAMBUK MAKMUR | N42: BONGAN | O42: KUTAI BARAT | P42: 15110000 | Q42: Samarinda | V42: 08125******* | W42: MOBIL Baru | X42: SUZUKI | Y42: CARRY PU 1.5 | Z42: NEW CARRY PU FD | AA42: MHYHDC61TRJ233127 | AB42: K15BT1648319 | AC42: KT 8042 PK | AD42: 153900000 | AE42: 1.2119206e+08 | AF42: 119700000 | AG42: 34200000 | AH42: 18752500 | AI42: 0 | AJ42: 5700000 | AK42: 176 | AL42: 6 | AM42: 10 | AN42: 36 | AO42: 06.151-180 | AP42: 06.151-180 | AQ42: 03.RO | AR42: 159800 | AS42: 20250824331 | AT42: EKO DWANS PUTRA SIANTURI | AU42: 1511ARC001 | AV42: 00000000000 | AW42: TIDAK ADA | AX42: RMC | AY42: 152179 | AZ42: 20220923433 | BA42: ANDY PRIHADY | BB42: RMH | BC42: 1511CH0001 | BD42: 00000000000 | BE42: TIDAK ADA | BF42: Coll-Head | BG42: Collectible | BH42: 7 | BI42: 39900000 | BN42: 46173 | BO42: 1 | BP42: 46149 | BQ42: Coll Harian | BR42: 183 | BS42: 45966 | BT42: 153900000 | BU42: 0 | BV42: 1 | BW42: 0 | BX42: 0 | BY42: 0 | BZ42: 0 | CA42: 0 | CB42: 0 | CD42: 0 | CF42: 0 | CH42: 0 | CJ42: 0 | CL42: 0 | CM42: 46149 | CN42: 4W | CO42: 1.2119206e+08 | CP42: 1.2119206e+08 | CQ42: 5 | CT42: 0 | CU42: SAMARINDA - MBL | CV42: 09. Kalimantan | CW42: 46149 | CX42: Last Month | CY42: =MONTH(Table_ExternalData_14[[#This Row],[RunningReportDate]]) -> 5 | CZ42: =181-Table_ExternalData_14[[#This Row],[DaysOD]] -> 5 | DA42: =IF(Table_ExternalData_14[[#This Row],[Status]]="PU-WC",0,Table_ExternalData_14[[#This Row],[Amount_CWO]]/1000000) -> 121.19206 | DB42: =IF(Table_ExternalData_14[[#This Row],[Status]]="PU-WC",0,IF(Table_ExternalData_14[[#This Row],[Keterangan_Sukses-new]]="RB",1,IF(Table_ExternalData_14[[#This Row],[Keterangan_Sukses-new]]="STAY",1,IF(Table_ExternalData_14[[#This Row],[Keterangan_Sukses-new]]="BTC",1,IF(ISERROR(FIND("SEBELUM",Table_ExternalData_14[[#This Row],[Keterangan_Sukses-new]],1)),0,1))))) -> 0 | DC42: =IF(Table_ExternalData_14[[#This Row],[Status]]="PU-WC",0,IF(Table_ExternalData_14[[#This Row],[Success CWO]]=1,Table_ExternalData_14[[#This Row],[CWO Amt]],0)) -> 0 | DD42: =IF(AND(Table_ExternalData_14[[#This Row],[Status]]="InsuranceClaim",Table_ExternalData_14[[#This Row],[TglTarik]]>0),0,IF(Table_ExternalData_14[[#This Row],[ContractID]]="1547220000067",0,IF(Table_ExternalData_14[[#This Row],[Status]]="PU-WC",0,IF(Table_ExternalData_14[[#This Row],[Tgl WO-in]]<= DAY(Table_ExternalData_14[[#This Row],[Period]]),Table_ExternalData_14[[#This Row],[Amount_WO]]/1000000,0)))) -> 121.19206 | DE42: =DAY(Table_ExternalData_14[[#This Row],[Tanggal_Sukses-new]]) -> 0 | DF42: =IF(Table_ExternalData_14[[#This Row],[Status]]="PU-WC",0,IF(SUM(Table_ExternalData_14[[#This Row],[Success CWO]:[WO-In-Amt]])=0,1,0)) -> 0 | DG42: =IF(AND(Table_ExternalData_14[[#This Row],[Status]]="InsuranceClaim",Table_ExternalData_14[[#This Row],[TglTarik]]>0),0,IF(Table_ExternalData_14[[#This Row],[Status]]="PU-WC",0,IF(Table_ExternalData_14[[#This Row],[Potensi WO]]=1,Table_ExternalData_14[[#This Row],[CWO Amt]],0))) -> 0 | DH42: =VLOOKUP(Table_ExternalData_14[[#This Row],[BranchID]],KC!$A:$K,5,0) -> 4W | DI42: =VLOOKUP(Table_ExternalData_14[[#This Row],[BranchID]],KC!$A:$K,8,0) -> 05. Kalimantan | DJ42: =VLOOKUP(Table_ExternalData_14[[#This Row],[BranchID]],KC!$A:$K,9,0) -> SAMARINDA | DK42: =IF(Table_ExternalData_14[[#This Row],[Tanggal_Sukses]]=" ",Table_ExternalData_14[[#This Row],[Tanggal_Sukses]],VLOOKUP(Table_ExternalData_14[[#This Row],[ContractID]],Bantuan!$A:$C,2,0)) -> 0 | DL42: =IF(Table_ExternalData_14[[#This Row],[Keterangan_Sukses]]=" ",Table_ExternalData_14[[#This Row],[Keterangan_Sukses]],VLOOKUP(Table_ExternalData_14[[#This Row],[ContractID]],Bantuan!$A:$C,3,0)) -> 0
A43: 1511 | B43: SAMARINDA | C43: 46142 | D43: 45966 | E43: 45412 | F43: 1511C20240400087 | G43: 1511240000076 | H43: ELIS FARIDA AYU | I43: JL. MT. HARYONO RT 037 RW 000 Kel.API-API Kec. BONTANG UTARA Kota BONTANG 75311 | J43: 75311 | L43: 75311 | M43: API-API | N43: BONTANG UTARA | O43: BONTANG | P43: 15110002 | Q43: Sangatta | V43: 08125******* | W43: MOBIL Baru | X43: SUZUKI | Y43: CARRY PU 1.5 | Z43: NEW CARRY PU WD AC PS | AA43: MHYHDC61TRJ210433 | AB43: K15BT1594527 | AC43: KT 8942 DM | AD43: 182750000 | AE43: 1.3059077e+08 | AF43: 157250000 | AG43: 25500000 | AH43: 13843750 | AI43: 0 | AJ43: 4250000 | AK43: 176 | AL43: 6 | AM43: 18 | AN43: 60 | AO43: 06.151-180 | AP43: 06.151-180 | AQ43: 03.RO | AR43: 159021 | AS43: 20120912996 | AT43: AGUS TRI ANDIKA | AU43: 1511ARC001 | AV43: 00000000000 | AW43: TIDAK ADA | AX43: RMC | AY43: 152179 | AZ43: 20220923433 | BA43: ANDY PRIHADY | BB43: RMH | BC43: 1511CH0001 | BD43: 00000000000 | BE43: TIDAK ADA | BF43: Coll-Head | BG43: Collectible | BH43: 7 | BI43: 29750000 | BN43: 46173 | BO43: 1 | BP43: 46149 | BQ43: Coll Harian | BR43: 183 | BS43: 45966 | BT43: 182750000 | BU43: 0 | BV43: 1 | BW43: 0 | BX43: 0 | BY43: 0 | BZ43: 0 | CA43: 0 | CB43: 0 | CD43: 0 | CF43: 0 | CH43: 0 | CJ43: 0 | CL43: 0 | CM43: 46149 | CN43: 4W | CO43: 1.3059077e+08 | CP43: 1.3059077e+08 | CQ43: 5 | CT43: 0 | CU43: SAMARINDA - MBL | CV43: 09. Kalimantan | CW43: 46149 | CX43: Last Month | CY43: =MONTH(Table_ExternalData_14[[#This Row],[RunningReportDate]]) -> 5 | CZ43: =181-Table_ExternalData_14[[#This Row],[DaysOD]] -> 5 | DA43: =IF(Table_ExternalData_14[[#This Row],[Status]]="PU-WC",0,Table_ExternalData_14[[#This Row],[Amount_CWO]]/1000000) -> 130.59077 | DB43: =IF(Table_ExternalData_14[[#This Row],[Status]]="PU-WC",0,IF(Table_ExternalData_14[[#This Row],[Keterangan_Sukses-new]]="RB",1,IF(Table_ExternalData_14[[#This Row],[Keterangan_Sukses-new]]="STAY",1,IF(Table_ExternalData_14[[#This Row],[Keterangan_Sukses-new]]="BTC",1,IF(ISERROR(FIND("SEBELUM",Table_ExternalData_14[[#This Row],[Keterangan_Sukses-new]],1)),0,1))))) -> 0 | DC43: =IF(Table_ExternalData_14[[#This Row],[Status]]="PU-WC",0,IF(Table_ExternalData_14[[#This Row],[Success CWO]]=1,Table_ExternalData_14[[#This Row],[CWO Amt]],0)) -> 0 | DD43: =IF(AND(Table_ExternalData_14[[#This Row],[Status]]="InsuranceClaim",Table_ExternalData_14[[#This Row],[TglTarik]]>0),0,IF(Table_ExternalData_14[[#This Row],[ContractID]]="1547220000067",0,IF(Table_ExternalData_14[[#This Row],[Status]]="PU-WC",0,IF(Table_ExternalData_14[[#This Row],[Tgl WO-in]]<= DAY(Table_ExternalData_14[[#This Row],[Period]]),Table_ExternalData_14[[#This Row],[Amount_WO]]/1000000,0)))) -> 130.59077 | DE43: =DAY(Table_ExternalData_14[[#This Row],[Tanggal_Sukses-new]]) -> 0 | DF43: =IF(Table_ExternalData_14[[#This Row],[Status]]="PU-WC",0,IF(SUM(Table_ExternalData_14[[#This Row],[Success CWO]:[WO-In-Amt]])=0,1,0)) -> 0 | DG43: =IF(AND(Table_ExternalData_14[[#This Row],[Status]]="InsuranceClaim",Table_ExternalData_14[[#This Row],[TglTarik]]>0),0,IF(Table_ExternalData_14[[#This Row],[Status]]="PU-WC",0,IF(Table_ExternalData_14[[#This Row],[Potensi WO]]=1,Table_ExternalData_14[[#This Row],[CWO Amt]],0))) -> 0 | DH43: =VLOOKUP(Table_ExternalData_14[[#This Row],[BranchID]],KC!$A:$K,5,0) -> 4W | DI43: =VLOOKUP(Table_ExternalData_14[[#This Row],[BranchID]],KC!$A:$K,8,0) -> 05. Kalimantan | DJ43: =VLOOKUP(Table_ExternalData_14[[#This Row],[BranchID]],KC!$A:$K,9,0) -> SAMARINDA | DK43: =IF(Table_ExternalData_14[[#This Row],[Tanggal_Sukses]]=" ",Table_ExternalData_14[[#This Row],[Tanggal_Sukses]],VLOOKUP(Table_ExternalData_14[[#This Row],[ContractID]],Bantuan!$A:$C,2,0)) -> 0 | DL43: =IF(Table_ExternalData_14[[#This Row],[Keterangan_Sukses]]=" ",Table_ExternalData_14[[#This Row],[Keterangan_Sukses]],VLOOKUP(Table_ExternalData_14[[#This Row],[ContractID]],Bantuan!$A:$C,3,0)) -> 0
A44: 1511 | B44: SAMARINDA | C44: 46142 | D44: 45974 | E44: 45120 | F44: 1511C20230600067 | G44: 1511230000113 | H44: SYAHRANI | I44: JL. MURAI BATU BLOK L (SP3) RT 027 RW 000 Kel.SIDO MUKTI Kec. MUARA KAMAN Kota KUTAI KARTANEGARA 75553 | J44: 75553 | L44: 75553 | M44: SIDO MUKTI | N44: MUARA KAMAN | O44: KUTAI KARTANEGARA | P44: 15110000 | Q44: Samarinda | V44: 08135******* | W44: MOBIL Baru | X44: SUZUKI | Y44: CARRY PU 1.5 | Z44: NEW CARRY PU FD | AA44: MHYHDC61TPJ212565 | AB44: K15BT1496181 | AC44: KT 8775 UP | AD44: 92400000 | AE44: 78616041 | AF44: 66000000 | AG44: 26400000 | AH44: 29360400 | AI44: 0 | AJ44: 4400000 | AK44: 168 | AL44: 6 | AM44: 28 | AN44: 48 | AO44: 06.151-180 | AP44: 06.151-180 | AQ44: 03.RO | AR44: 159021 | AS44: 20120912996 | AT44: AGUS TRI ANDIKA | AU44: 1511ARC001 | AV44: 00000000000 | AW44: TIDAK ADA | AX44: RMC | AY44: 152179 | AZ44: 20220923433 | BA44: ANDY PRIHADY | BB44: RMH | BC44: 1511CH0001 | BD44: 00000000000 | BE44: TIDAK ADA | BF44: Coll-Head | BG44: Collectible | BH44: 7 | BI44: 30800000 | BN44: 46173 | BO44: 1 | BP44: 46149 | BQ44: Coll Harian | BR44: 175 | BS44: 45974 | BT44: 92400000 | BU44: 0 | BV44: 1 | BW44: 0 | BX44: 0 | BY44: 0 | BZ44: 0 | CA44: 0 | CB44: 0 | CD44: 0 | CF44: 0 | CH44: 0 | CJ44: 0 | CL44: 0 | CM44: 46149 | CN44: 4W | CO44: 78616041 | CP44: 78616041 | CQ44: 13 | CT44: 0 | CU44: SAMARINDA - MBL | CV44: 09. Kalimantan | CW44: 46149 | CX44: Last Month | CY44: =MONTH(Table_ExternalData_14[[#This Row],[RunningReportDate]]) -> 5 | CZ44: =181-Table_ExternalData_14[[#This Row],[DaysOD]] -> 13 | DA44: =IF(Table_ExternalData_14[[#This Row],[Status]]="PU-WC",0,Table_ExternalData_14[[#This Row],[Amount_CWO]]/1000000) -> 78.616041 | DB44: =IF(Table_ExternalData_14[[#This Row],[Status]]="PU-WC",0,IF(Table_ExternalData_14[[#This Row],[Keterangan_Sukses-new]]="RB",1,IF(Table_ExternalData_14[[#This Row],[Keterangan_Sukses-new]]="STAY",1,IF(Table_ExternalData_14[[#This Row],[Keterangan_Sukses-new]]="BTC",1,IF(ISERROR(FIND("SEBELUM",Table_ExternalData_14[[#This Row],[Keterangan_Sukses-new]],1)),0,1))))) -> 0 | DC44: =IF(Table_ExternalData_14[[#This Row],[Status]]="PU-WC",0,IF(Table_ExternalData_14[[#This Row],[Success CWO]]=1,Table_ExternalData_14[[#This Row],[CWO Amt]],0)) -> 0 | DD44: =IF(AND(Table_ExternalData_14[[#This Row],[Status]]="InsuranceClaim",Table_ExternalData_14[[#This Row],[TglTarik]]>0),0,IF(Table_ExternalData_14[[#This Row],[ContractID]]="1547220000067",0,IF(Table_ExternalData_14[[#This Row],[Status]]="PU-WC",0,IF(Table_ExternalData_14[[#This Row],[Tgl WO-in]]<= DAY(Table_ExternalData_14[[#This Row],[Period]]),Table_ExternalData_14[[#This Row],[Amount_WO]]/1000000,0)))) -> 0 | DE44: =DAY(Table_ExternalData_14[[#This Row],[Tanggal_Sukses-new]]) -> 0 | DF44: =IF(Table_ExternalData_14[[#This Row],[Status]]="PU-WC",0,IF(SUM(Table_ExternalData_14[[#This Row],[Success CWO]:[WO-In-Amt]])=0,1,0)) -> 1 | DG44: =IF(AND(Table_ExternalData_14[[#This Row],[Status]]="InsuranceClaim",Table_ExternalData_14[[#This Row],[TglTarik]]>0),0,IF(Table_ExternalData_14[[#This Row],[Status]]="PU-WC",0,IF(Table_ExternalData_14[[#This Row],[Potensi WO]]=1,Table_ExternalData_14[[#This Row],[CWO Amt]],0))) -> 78.616041 | DH44: =VLOOKUP(Table_ExternalData_14[[#This Row],[BranchID]],KC!$A:$K,5,0) -> 4W | DI44: =VLOOKUP(Table_ExternalData_14[[#This Row],[BranchID]],KC!$A:$K,8,0) -> 05. Kalimantan | DJ44: =VLOOKUP(Table_ExternalData_14[[#This Row],[BranchID]],KC!$A:$K,9,0) -> SAMARINDA | DK44: =IF(Table_ExternalData_14[[#This Row],[Tanggal_Sukses]]=" ",Table_ExternalData_14[[#This Row],[Tanggal_Sukses]],VLOOKUP(Table_ExternalData_14[[#This Row],[ContractID]],Bantuan!$A:$C,2,0)) -> 0 | DL44: =IF(Table_ExternalData_14[[#This Row],[Keterangan_Sukses]]=" ",Table_ExternalData_14[[#This Row],[Keterangan_Sukses]],VLOOKUP(Table_ExternalData_14[[#This Row],[ContractID]],Bantuan!$A:$C,3,0)) -> 0
A45: 1511 | B45: SAMARINDA | C45: 46142 | D45: 45970 | E45: 44663 | F45: 1511C20220400015 | G45: 1511220000056 | H45: YONATHAN ARRANG BALATAU | I45: KAMPUNG BUDAYA KERAITAN JL METROWALI RT 002 RW 000 Kel.SEPASO TIMUR Kec. BENGALON Kota KUTAI TIMUR 75618 | J45: 75618 | L45: 75618 | M45: SEPASO TIMUR | N45: BENGALON | O45: KUTAI TIMUR | P45: 15110002 | Q45: Sangatta | V45: 08154******* | W45: MOBIL Baru | X45: SUZUKI | Y45: CARRY PU 1.5 | Z45: NEW CARRY PU FD | AA45: MHYHDC61TNJ222272 | AB45: K15BT1379816 | AC45: KT 8938 RS | AD45: 17736000 | AE45: 17082022 | AF45: 0 | AG45: 17736000 | AH45: 23227090 | AI45: 0 | AJ45: 4434000 | AK45: 172 | AL45: 4 | AM45: 43 | AN45: 46 | AO45: 06.151-180 | AP45: 06.151-180 | AQ45: 03.RO | AR45: 159021 | AS45: 20120912996 | AT45: AGUS TRI ANDIKA | AU45: 1511ARC001 | AV45: 00000000000 | AW45: TIDAK ADA | AX45: RMC | AY45: 152179 | AZ45: 20220923433 | BA45: ANDY PRIHADY | BB45: RMH | BC45: 1511CH0001 | BD45: 00000000000 | BE45: TIDAK ADA | BF45: Coll-Head | BG45: Collectible | BH45: 4 | BI45: 17736000 | BN45: 46173 | BO45: 1 | BP45: 46149 | BQ45: Non Coll Harian | BT45: 0 | BU45: 17736000 | BV45: 0 | BW45: 1 | BX45: 1 | BY45: 4 | BZ45: 4 | CA45: 17736000 | CB45: 17736000 | CD45: 0 | CF45: 0 | CH45: 0 | CJ45: 0 | CL45: 0 | CM45: 46149 | CN45: 4W | CO45: 17082022 | CP45: 0 | CQ45: 0 | CR45: 46148 | CS45: LUNAS SEBELUM WO | CT45: 17082022 | CU45: SAMARINDA - MBL | CV45: 09. Kalimantan | CW45: 46149 | CX45: Last Month | CY45: =MONTH(Table_ExternalData_14[[#This Row],[RunningReportDate]]) -> 5 | CZ45: =181-Table_ExternalData_14[[#This Row],[DaysOD]] -> 9 | DA45: =IF(Table_ExternalData_14[[#This Row],[Status]]="PU-WC",0,Table_ExternalData_14[[#This Row],[Amount_CWO]]/1000000) -> 17.082022 | DB45: =IF(Table_ExternalData_14[[#This Row],[Status]]="PU-WC",0,IF(Table_ExternalData_14[[#This Row],[Keterangan_Sukses-new]]="RB",1,IF(Table_ExternalData_14[[#This Row],[Keterangan_Sukses-new]]="STAY",1,IF(Table_ExternalData_14[[#This Row],[Keterangan_Sukses-new]]="BTC",1,IF(ISERROR(FIND("SEBELUM",Table_ExternalData_14[[#This Row],[Keterangan_Sukses-new]],1)),0,1))))) -> 1 | DC45: =IF(Table_ExternalData_14[[#This Row],[Status]]="PU-WC",0,IF(Table_ExternalData_14[[#This Row],[Success CWO]]=1,Table_ExternalData_14[[#This Row],[CWO Amt]],0)) -> 17.082022 | DD45: =IF(AND(Table_ExternalData_14[[#This Row],[Status]]="InsuranceClaim",Table_ExternalData_14[[#This Row],[TglTarik]]>0),0,IF(Table_ExternalData_14[[#This Row],[ContractID]]="1547220000067",0,IF(Table_ExternalData_14[[#This Row],[Status]]="PU-WC",0,IF(Table_ExternalData_14[[#This Row],[Tgl WO-in]]<= DAY(Table_ExternalData_14[[#This Row],[Period]]),Table_ExternalData_14[[#This Row],[Amount_WO]]/1000000,0)))) -> 0 | DE45: =DAY(Table_ExternalData_14[[#This Row],[Tanggal_Sukses-new]]) -> 6 | DF45: =IF(Table_ExternalData_14[[#This Row],[Status]]="PU-WC",0,IF(SUM(Table_ExternalData_14[[#This Row],[Success CWO]:[WO-In-Amt]])=0,1,0)) -> 0 | DG45: =IF(AND(Table_ExternalData_14[[#This Row],[Status]]="InsuranceClaim",Table_ExternalData_14[[#This Row],[TglTarik]]>0),0,IF(Table_ExternalData_14[[#This Row],[Status]]="PU-WC",0,IF(Table_ExternalData_14[[#This Row],[Potensi WO]]=1,Table_ExternalData_14[[#This Row],[CWO Amt]],0))) -> 0 | DH45: =VLOOKUP(Table_ExternalData_14[[#This Row],[BranchID]],KC!$A:$K,5,0) -> 4W | DI45: =VLOOKUP(Table_ExternalData_14[[#This Row],[BranchID]],KC!$A:$K,8,0) -> 05. Kalimantan | DJ45: =VLOOKUP(Table_ExternalData_14[[#This Row],[BranchID]],KC!$A:$K,9,0) -> SAMARINDA | DK45: =IF(Table_ExternalData_14[[#This Row],[Tanggal_Sukses]]=" ",Table_ExternalData_14[[#This Row],[Tanggal_Sukses]],VLOOKUP(Table_ExternalData_14[[#This Row],[ContractID]],Bantuan!$A:$C,2,0)) -> 46148 | DL45: =IF(Table_ExternalData_14[[#This Row],[Keterangan_Sukses]]=" ",Table_ExternalData_14[[#This Row],[Keterangan_Sukses]],VLOOKUP(Table_ExternalData_14[[#This Row],[ContractID]],Bantuan!$A:$C,3,0)) -> LUNAS SEBELUM WO
A46: 1511 | B46: SAMARINDA | C46: 46142 | D46: 45985 | E46: 44629 | F46: 1511C20220300002 | G46: 1511220000032 | H46: MARGARETHA LUNAU DAVID | I46: JL MERBABU GG SEMANGAT NO 76 B RT 017 RW 000 Kel.JAWA Kec. SAMARINDA ULU Kota SAMARINDA 75122 | J46: 75122 | L46: 75122 | M46: JAWA | N46: SAMARINDA ULU | O46: SAMARINDA | P46: 15110000 | Q46: Samarinda | V46: 08135******* | W46: MOBIL Baru | X46: SUZUKI | Y46: CARRY PU 1.5 | Z46: NEW CARRY PU FD AC PS | AA46: MHYHDC61TNJ211811 | AB46: K15BT1357745 | AC46: KT 8419 NS | AD46: 27060000 | AE46: 25759197 | AF46: 0 | AG46: 27060000 | AH46: 41882250 | AI46: 0 | AJ46: 4510000 | AK46: 157 | AL46: 6 | AM46: 44 | AN46: 49 | AO46: 06.151-180 | AP46: 06.151-180 | AQ46: 03.RO | AR46: 159021 | AS46: 20120912996 | AT46: AGUS TRI ANDIKA | AU46: 1511ARC001 | AV46: 00000000000 | AW46: TIDAK ADA | AX46: RMC | AY46: 152179 | AZ46: 20220923433 | BA46: ANDY PRIHADY | BB46: RMH | BC46: 1511CH0001 | BD46: 00000000000 | BE46: TIDAK ADA | BF46: Coll-Head | BG46: Collectible | BH46: 6 | BI46: 27060000 | BN46: 46173 | BO46: 1 | BP46: 46149 | BQ46: Coll Harian | BR46: 164 | BS46: 45985 | BT46: 27060000 | BU46: 0 | BV46: 1 | BW46: 0 | BX46: 0 | BY46: 0 | BZ46: 0 | CA46: 0 | CB46: 0 | CD46: 0 | CF46: 0 | CH46: 0 | CJ46: 0 | CL46: 0 | CM46: 46149 | CN46: 4W | CO46: 25759197 | CP46: 25759197 | CQ46: 24 | CT46: 0 | CU46: SAMARINDA - MBL | CV46: 09. Kalimantan | CW46: 46149 | CX46: Last Month | CY46: =MONTH(Table_ExternalData_14[[#This Row],[RunningReportDate]]) -> 5 | CZ46: =181-Table_ExternalData_14[[#This Row],[DaysOD]] -> 24 | DA46: =IF(Table_ExternalData_14[[#This Row],[Status]]="PU-WC",0,Table_ExternalData_14[[#This Row],[Amount_CWO]]/1000000) -> 25.759197 | DB46: =IF(Table_ExternalData_14[[#This Row],[Status]]="PU-WC",0,IF(Table_ExternalData_14[[#This Row],[Keterangan_Sukses-new]]="RB",1,IF(Table_ExternalData_14[[#This Row],[Keterangan_Sukses-new]]="STAY",1,IF(Table_ExternalData_14[[#This Row],[Keterangan_Sukses-new]]="BTC",1,IF(ISERROR(FIND("SEBELUM",Table_ExternalData_14[[#This Row],[Keterangan_Sukses-new]],1)),0,1))))) -> 0 | DC46: =IF(Table_ExternalData_14[[#This Row],[Status]]="PU-WC",0,IF(Table_ExternalData_14[[#This Row],[Success CWO]]=1,Table_ExternalData_14[[#This Row],[CWO Amt]],0)) -> 0 | DD46: =IF(AND(Table_ExternalData_14[[#This Row],[Status]]="InsuranceClaim",Table_ExternalData_14[[#This Row],[TglTarik]]>0),0,IF(Table_ExternalData_14[[#This Row],[ContractID]]="1547220000067",0,IF(Table_ExternalData_14[[#This Row],[Status]]="PU-WC",0,IF(Table_ExternalData_14[[#This Row],[Tgl WO-in]]<= DAY(Table_ExternalData_14[[#This Row],[Period]]),Table_ExternalData_14[[#This Row],[Amount_WO]]/1000000,0)))) -> 0 | DE46: =DAY(Table_ExternalData_14[[#This Row],[Tanggal_Sukses-new]]) -> 0 | DF46: =IF(Table_ExternalData_14[[#This Row],[Status]]="PU-WC",0,IF(SUM(Table_ExternalData_14[[#This Row],[Success CWO]:[WO-In-Amt]])=0,1,0)) -> 1 | DG46: =IF(AND(Table_ExternalData_14[[#This Row],[Status]]="InsuranceClaim",Table_ExternalData_14[[#This Row],[TglTarik]]>0),0,IF(Table_ExternalData_14[[#This Row],[Status]]="PU-WC",0,IF(Table_ExternalData_14[[#This Row],[Potensi WO]]=1,Table_ExternalData_14[[#This Row],[CWO Amt]],0))) -> 25.759197 | DH46: =VLOOKUP(Table_ExternalData_14[[#This Row],[BranchID]],KC!$A:$K,5,0) -> 4W | DI46: =VLOOKUP(Table_ExternalData_14[[#This Row],[BranchID]],KC!$A:$K,8,0) -> 05. Kalimantan | DJ46: =VLOOKUP(Table_ExternalData_14[[#This Row],[BranchID]],KC!$A:$K,9,0) -> SAMARINDA | DK46: =IF(Table_ExternalData_14[[#This Row],[Tanggal_Sukses]]=" ",Table_ExternalData_14[[#This Row],[Tanggal_Sukses]],VLOOKUP(Table_ExternalData_14[[#This Row],[ContractID]],Bantuan!$A:$C,2,0)) -> 0 | DL46: =IF(Table_ExternalData_14[[#This Row],[Keterangan_Sukses]]=" ",Table_ExternalData_14[[#This Row],[Keterangan_Sukses]],VLOOKUP(Table_ExternalData_14[[#This Row],[ContractID]],Bantuan!$A:$C,3,0)) -> 0
A47: 1510 | B47: SEMARANG | C47: 46142 | D47: 45966 | E47: 44895 | F47: 1510C20221100060 | G47: 1510220000316 | H47: MUSLEH | I47: JL SOEKARNO HATTA RT 002 RW 008 Kel.KALICARI Kec. PEDURUNGAN Kota SEMARANG 50198 | J47: 50198 | L47: 50198 | M47: KALICARI | N47: PEDURUNGAN | O47: SEMARANG | P47: 15100000 | Q47: Semarang | V47: 08783******* | W47: MOBIL Baru | X47: SUZUKI | Y47: CARRY PU 1.5 | Z47: NEW CARRY PU FD AC PS | AA47: MHYHDC61TNJ251575 | AB47: K15BT1447819 | AC47: H 9282 EA | AD47: 87880000 | AE47: 74098583 | AF47: 67600000 | AG47: 20280000 | AH47: 19085700 | AI47: 0 | AJ47: 3380000 | AK47: 176 | AL47: 6 | AM47: 35 | AN47: 60 | AO47: 06.151-180 | AP47: 06.151-180 | AQ47: 03.RO | BF47: Coll-Head | BG47: Collectible | BH47: 7 | BI47: 23660000 | BN47: 46173 | BO47: 1 | BP47: 46149 | BQ47: Coll Harian | BR47: 183 | BS47: 45966 | BT47: 87880000 | BU47: 0 | BV47: 1 | BW47: 0 | BX47: 0 | BY47: 0 | BZ47: 0 | CA47: 0 | CB47: 0 | CD47: 0 | CF47: 0 | CH47: 0 | CJ47: 0 | CL47: 0 | CM47: 46149 | CN47: 4W | CO47: 74098583 | CP47: 74098583 | CQ47: 5 | CT47: 0 | CU47: SEMARANG - MBL | CV47: 04. Jawa Tengah | CW47: 46149 | CX47: Last Month | CY47: =MONTH(Table_ExternalData_14[[#This Row],[RunningReportDate]]) -> 5 | CZ47: =181-Table_ExternalData_14[[#This Row],[DaysOD]] -> 5 | DA47: =IF(Table_ExternalData_14[[#This Row],[Status]]="PU-WC",0,Table_ExternalData_14[[#This Row],[Amount_CWO]]/1000000) -> 74.098583 | DB47: =IF(Table_ExternalData_14[[#This Row],[Status]]="PU-WC",0,IF(Table_ExternalData_14[[#This Row],[Keterangan_Sukses-new]]="RB",1,IF(Table_ExternalData_14[[#This Row],[Keterangan_Sukses-new]]="STAY",1,IF(Table_ExternalData_14[[#This Row],[Keterangan_Sukses-new]]="BTC",1,IF(ISERROR(FIND("SEBELUM",Table_ExternalData_14[[#This Row],[Keterangan_Sukses-new]],1)),0,1))))) -> 0 | DC47: =IF(Table_ExternalData_14[[#This Row],[Status]]="PU-WC",0,IF(Table_ExternalData_14[[#This Row],[Success CWO]]=1,Table_ExternalData_14[[#This Row],[CWO Amt]],0)) -> 0 | DD47: =IF(AND(Table_ExternalData_14[[#This Row],[Status]]="InsuranceClaim",Table_ExternalData_14[[#This Row],[TglTarik]]>0),0,IF(Table_ExternalData_14[[#This Row],[ContractID]]="1547220000067",0,IF(Table_ExternalData_14[[#This Row],[Status]]="PU-WC",0,IF(Table_ExternalData_14[[#This Row],[Tgl WO-in]]<= DAY(Table_ExternalData_14[[#This Row],[Period]]),Table_ExternalData_14[[#This Row],[Amount_WO]]/1000000,0)))) -> 74.098583 | DE47: =DAY(Table_ExternalData_14[[#This Row],[Tanggal_Sukses-new]]) -> 0 | DF47: =IF(Table_ExternalData_14[[#This Row],[Status]]="PU-WC",0,IF(SUM(Table_ExternalData_14[[#This Row],[Success CWO]:[WO-In-Amt]])=0,1,0)) -> 0 | DG47: =IF(AND(Table_ExternalData_14[[#This Row],[Status]]="InsuranceClaim",Table_ExternalData_14[[#This Row],[TglTarik]]>0),0,IF(Table_ExternalData_14[[#This Row],[Status]]="PU-WC",0,IF(Table_ExternalData_14[[#This Row],[Potensi WO]]=1,Table_ExternalData_14[[#This Row],[CWO Amt]],0))) -> 0 | DH47: =VLOOKUP(Table_ExternalData_14[[#This Row],[BranchID]],KC!$A:$K,5,0) -> 4W | DI47: =VLOOKUP(Table_ExternalData_14[[#This Row],[BranchID]],KC!$A:$K,8,0) -> 03. Jawa Tengah | DJ47: =VLOOKUP(Table_ExternalData_14[[#This Row],[BranchID]],KC!$A:$K,9,0) -> SEMARANG | DK47: =IF(Table_ExternalData_14[[#This Row],[Tanggal_Sukses]]=" ",Table_ExternalData_14[[#This Row],[Tanggal_Sukses]],VLOOKUP(Table_ExternalData_14[[#This Row],[ContractID]],Bantuan!$A:$C,2,0)) -> 0 | DL47: =IF(Table_ExternalData_14[[#This Row],[Keterangan_Sukses]]=" ",Table_ExternalData_14[[#This Row],[Keterangan_Sukses]],VLOOKUP(Table_ExternalData_14[[#This Row],[ContractID]],Bantuan!$A:$C,3,0)) -> 0
A48: 1509 | B48: YOGYAKARTA | C48: 46142 | D48: 45981 | E48: 45828 | F48: 1509C20181000088 | G48: 1509250000045 | H48: SLAMET NURYANTO | I48: DUSUN NGLAWISAN RT 001 RW 012 Kel.TAMANAGUNG Kec. MUNTILAN Kota MAGELANG 56413 | J48: 56413 | L48: 56413 | M48: TAMANAGUNG | N48: MUNTILAN | O48: MAGELANG | P48: 15090000 | Q48: Yogyakarta | T48: 2856**** | U48: 2856**** | V48: 08122******* | W48: MOBIL Baru | X48: SUZUKI | Y48: CARRY PU 1.5 | Z48: NEW CARRY PU FD | AA48: MHYHDC61TRJ273780 | AB48: K15BT1662026 | AC48: AA 9036 K | AD48: 226800000 | AE48: 1.4646807e+08 | AF48: 202500000 | AG48: 24300000 | AH48: 10489500 | AI48: 0 | AJ48: 4050000 | AK48: 161 | AL48: 6 | AM48: 5 | AN48: 60 | AO48: 06.151-180 | AP48: 06.151-180 | AQ48: 03.RO | BF48: Coll-Head | BG48: Collectible | BH48: 7 | BI48: 28350000 | BN48: 46173 | BO48: 1 | BP48: 46149 | BQ48: Coll Harian | BR48: 168 | BS48: 45981 | BT48: 226800000 | BU48: 0 | BV48: 1 | BW48: 0 | BX48: 0 | BY48: 0 | BZ48: 0 | CA48: 0 | CB48: 0 | CD48: 0 | CF48: 0 | CH48: 0 | CJ48: 0 | CL48: 0 | CM48: 46149 | CN48: 4W | CO48: 1.4646807e+08 | CP48: 1.4646807e+08 | CQ48: 20 | CT48: 0 | CU48: YOGYAKARTA - MBL | CV48: 04. Jawa Tengah | CW48: 46149 | CX48: Last Month | CY48: =MONTH(Table_ExternalData_14[[#This Row],[RunningReportDate]]) -> 5 | CZ48: =181-Table_ExternalData_14[[#This Row],[DaysOD]] -> 20 | DA48: =IF(Table_ExternalData_14[[#This Row],[Status]]="PU-WC",0,Table_ExternalData_14[[#This Row],[Amount_CWO]]/1000000) -> 146.46807 | DB48: =IF(Table_ExternalData_14[[#This Row],[Status]]="PU-WC",0,IF(Table_ExternalData_14[[#This Row],[Keterangan_Sukses-new]]="RB",1,IF(Table_ExternalData_14[[#This Row],[Keterangan_Sukses-new]]="STAY",1,IF(Table_ExternalData_14[[#This Row],[Keterangan_Sukses-new]]="BTC",1,IF(ISERROR(FIND("SEBELUM",Table_ExternalData_14[[#This Row],[Keterangan_Sukses-new]],1)),0,1))))) -> 0 | DC48: =IF(Table_ExternalData_14[[#This Row],[Status]]="PU-WC",0,IF(Table_ExternalData_14[[#This Row],[Success CWO]]=1,Table_ExternalData_14[[#This Row],[CWO Amt]],0)) -> 0 | DD48: =IF(AND(Table_ExternalData_14[[#This Row],[Status]]="InsuranceClaim",Table_ExternalData_14[[#This Row],[TglTarik]]>0),0,IF(Table_ExternalData_14[[#This Row],[ContractID]]="1547220000067",0,IF(Table_ExternalData_14[[#This Row],[Status]]="PU-WC",0,IF(Table_ExternalData_14[[#This Row],[Tgl WO-in]]<= DAY(Table_ExternalData_14[[#This Row],[Period]]),Table_ExternalData_14[[#This Row],[Amount_WO]]/1000000,0)))) -> 0 | DE48: =DAY(Table_ExternalData_14[[#This Row],[Tanggal_Sukses-new]]) -> 0 | DF48: =IF(Table_ExternalData_14[[#This Row],[Status]]="PU-WC",0,IF(SUM(Table_ExternalData_14[[#This Row],[Success CWO]:[WO-In-Amt]])=0,1,0)) -> 1 | DG48: =IF(AND(Table_ExternalData_14[[#This Row],[Status]]="InsuranceClaim",Table_ExternalData_14[[#This Row],[TglTarik]]>0),0,IF(Table_ExternalData_14[[#This Row],[Status]]="PU-WC",0,IF(Table_ExternalData_14[[#This Row],[Potensi WO]]=1,Table_ExternalData_14[[#This Row],[CWO Amt]],0))) -> 146.46807 | DH48: =VLOOKUP(Table_ExternalData_14[[#This Row],[BranchID]],KC!$A:$K,5,0) -> 4W | DI48: =VLOOKUP(Table_ExternalData_14[[#This Row],[BranchID]],KC!$A:$K,8,0) -> 03. Jawa Tengah | DJ48: =VLOOKUP(Table_ExternalData_14[[#This Row],[BranchID]],KC!$A:$K,9,0) -> YOGYAKARTA | DK48: =IF(Table_ExternalData_14[[#This Row],[Tanggal_Sukses]]=" ",Table_ExternalData_14[[#This Row],[Tanggal_Sukses]],VLOOKUP(Table_ExternalData_14[[#This Row],[ContractID]],Bantuan!$A:$C,2,0)) -> 0 | DL48: =IF(Table_ExternalData_14[[#This Row],[Keterangan_Sukses]]=" ",Table_ExternalData_14[[#This Row],[Keterangan_Sukses]],VLOOKUP(Table_ExternalData_14[[#This Row],[ContractID]],Bantuan!$A:$C,3,0)) -> 0
A49: 1509 | B49: YOGYAKARTA | C49: 46142 | D49: 45992 | E49: 45016 | F49: 1509C20230300088 | G49: 1509230000072 | H49: EFA RAHAYU | I49: DUSUN GLAPANSARI RT 005 RW 002 Kel.GLAPANSARI Kec. PARAKAN Kota TEMANGGUNG 56254 | J49: 56254 | L49: 56254 | M49: GLAPANSARI | N49: PARAKAN | O49: TEMANGGUNG | P49: 15090000 | Q49: Yogyakarta | T49: 1430**** | U49: 1430**** | V49: 08231******* | W49: MOBIL Baru | X49: SUZUKI | Y49: CARRY PU 1.5 | Z49: NEW CARRY PU FD AC PS | AA49: MHYHDC61TPJ214750 | AB49: K15BT1501816 | AC49: AA 9465 EE | AD49: 113100000 | AE49: 92035874 | AF49: 93600000 | AG49: 19500000 | AH49: 38422500 | AI49: 0 | AJ49: 3900000 | AK49: 150 | AL49: 5 | AM49: 32 | AN49: 60 | AO49: 05.121-150 | AP49: 05.121-150 | AQ49: 03.RO | BF49: Coll-Head | BG49: Collectible | BH49: 6 | BI49: 23400000 | BN49: 46173 | BO49: 1 | BP49: 46149 | BQ49: Coll Harian | BR49: 157 | BS49: 45992 | BT49: 113100000 | BU49: 0 | BV49: 1 | BW49: 0 | BX49: 0 | BY49: 0 | BZ49: 0 | CA49: 0 | CB49: 0 | CD49: 0 | CF49: 0 | CH49: 0 | CJ49: 0 | CL49: 0 | CM49: 46149 | CN49: 4W | CO49: 92035874 | CP49: 92035874 | CQ49: 31 | CT49: 0 | CU49: YOGYAKARTA - MBL | CV49: 04. Jawa Tengah | CW49: 46149 | CX49: Last Month | CY49: =MONTH(Table_ExternalData_14[[#This Row],[RunningReportDate]]) -> 5 | CZ49: =181-Table_ExternalData_14[[#This Row],[DaysOD]] -> 31 | DA49: =IF(Table_ExternalData_14[[#This Row],[Status]]="PU-WC",0,Table_ExternalData_14[[#This Row],[Amount_CWO]]/1000000) -> 92.035874 | DB49: =IF(Table_ExternalData_14[[#This Row],[Status]]="PU-WC",0,IF(Table_ExternalData_14[[#This Row],[Keterangan_Sukses-new]]="RB",1,IF(Table_ExternalData_14[[#This Row],[Keterangan_Sukses-new]]="STAY",1,IF(Table_ExternalData_14[[#This Row],[Keterangan_Sukses-new]]="BTC",1,IF(ISERROR(FIND("SEBELUM",Table_ExternalData_14[[#This Row],[Keterangan_Sukses-new]],1)),0,1))))) -> 0 | DC49: =IF(Table_ExternalData_14[[#This Row],[Status]]="PU-WC",0,IF(Table_ExternalData_14[[#This Row],[Success CWO]]=1,Table_ExternalData_14[[#This Row],[CWO Amt]],0)) -> 0 | DD49: =IF(AND(Table_ExternalData_14[[#This Row],[Status]]="InsuranceClaim",Table_ExternalData_14[[#This Row],[TglTarik]]>0),0,IF(Table_ExternalData_14[[#This Row],[ContractID]]="1547220000067",0,IF(Table_ExternalData_14[[#This Row],[Status]]="PU-WC",0,IF(Table_ExternalData_14[[#This Row],[Tgl WO-in]]<= DAY(Table_ExternalData_14[[#This Row],[Period]]),Table_ExternalData_14[[#This Row],[Amount_WO]]/1000000,0)))) -> 0 | DE49: =DAY(Table_ExternalData_14[[#This Row],[Tanggal_Sukses-new]]) -> 0 | DF49: =IF(Table_ExternalData_14[[#This Row],[Status]]="PU-WC",0,IF(SUM(Table_ExternalData_14[[#This Row],[Success CWO]:[WO-In-Amt]])=0,1,0)) -> 1 | DG49: =IF(AND(Table_ExternalData_14[[#This Row],[Status]]="InsuranceClaim",Table_ExternalData_14[[#This Row],[TglTarik]]>0),0,IF(Table_ExternalData_14[[#This Row],[Status]]="PU-WC",0,IF(Table_ExternalData_14[[#This Row],[Potensi WO]]=1,Table_ExternalData_14[[#This Row],[CWO Amt]],0))) -> 92.035874 | DH49: =VLOOKUP(Table_ExternalData_14[[#This Row],[BranchID]],KC!$A:$K,5,0) -> 4W | DI49: =VLOOKUP(Table_ExternalData_14[[#This Row],[BranchID]],KC!$A:$K,8,0) -> 03. Jawa Tengah | DJ49: =VLOOKUP(Table_ExternalData_14[[#This Row],[BranchID]],KC!$A:$K,9,0) -> YOGYAKARTA | DK49: =IF(Table_ExternalData_14[[#This Row],[Tanggal_Sukses]]=" ",Table_ExternalData_14[[#This Row],[Tanggal_Sukses]],VLOOKUP(Table_ExternalData_14[[#This Row],[ContractID]],Bantuan!$A:$C,2,0)) -> 0 | DL49: =IF(Table_ExternalData_14[[#This Row],[Keterangan_Sukses]]=" ",Table_ExternalData_14[[#This Row],[Keterangan_Sukses]],VLOOKUP(Table_ExternalData_14[[#This Row],[ContractID]],Bantuan!$A:$C,3,0)) -> 0
A50: 1509 | B50: YOGYAKARTA | C50: 46142 | D50: 45967 | E50: 44782 | F50: 1509C20220800014 | G50: 1509220000132 | H50: WAHYONO | I50: WONOROTO RT 002 RW 001 Kel.WONOROTO Kec. NGOMBOL Kota PURWOREJO 54172 | J50: 54172 | L50: 54172 | M50: WONOROTO | N50: NGOMBOL | O50: PURWOREJO | P50: 15090000 | Q50: Yogyakarta | T50: 4384**** | U50: 4384**** | V50: 08564******* | W50: MOBIL Baru | X50: SUZUKI | Y50: CARRY PU 1.5 | Z50: NEW CARRY PU FD | AA50: MHYHDC61TNJ235603 | AB50: K15BT1408802 | AC50: AA 8139 ZC | AD50: 76450000 | AE50: 65073465 | AF50: 55600000 | AG50: 20850000 | AH50: 56853500 | AI50: 150000 | AJ50: 3475000 | AK50: 175 | AL50: 6 | AM50: 39 | AN50: 60 | AO50: 06.151-180 | AP50: 06.151-180 | AQ50: 03.RO | BF50: Coll-Head | BG50: PU-WC | BH50: 7 | BI50: 24325000 | BK50: 46120 | BN50: 46173 | BO50: 1 | BP50: 46149 | BQ50: Coll Harian | BR50: 182 | BS50: 45967 | BT50: 76450000 | BU50: 0 | BV50: 1 | BW50: 0 | BX50: 0 | BY50: 0 | BZ50: 0 | CA50: 0 | CB50: 0 | CD50: 0 | CF50: 0 | CH50: 0 | CJ50: 0 | CL50: 0 | CM50: 46149 | CN50: 4W | CO50: 64923465 | CP50: 0 | CQ50: 0 | CR50: 46120 | CS50: REPO SEBELUM WO | CT50: 64923465 | CU50: YOGYAKARTA - MBL | CV50: 04. Jawa Tengah | CW50: 46149 | CX50: Last Month | CY50: =MONTH(Table_ExternalData_14[[#This Row],[RunningReportDate]]) -> 5 | CZ50: =181-Table_ExternalData_14[[#This Row],[DaysOD]] -> 6 | DA50: =IF(Table_ExternalData_14[[#This Row],[Status]]="PU-WC",0,Table_ExternalData_14[[#This Row],[Amount_CWO]]/1000000) -> 0 | DB50: =IF(Table_ExternalData_14[[#This Row],[Status]]="PU-WC",0,IF(Table_ExternalData_14[[#This Row],[Keterangan_Sukses-new]]="RB",1,IF(Table_ExternalData_14[[#This Row],[Keterangan_Sukses-new]]="STAY",1,IF(Table_ExternalData_14[[#This Row],[Keterangan_Sukses-new]]="BTC",1,IF(ISERROR(FIND("SEBELUM",Table_ExternalData_14[[#This Row],[Keterangan_Sukses-new]],1)),0,1))))) -> 0 | DC50: =IF(Table_ExternalData_14[[#This Row],[Status]]="PU-WC",0,IF(Table_ExternalData_14[[#This Row],[Success CWO]]=1,Table_ExternalData_14[[#This Row],[CWO Amt]],0)) -> 0 | DD50: =IF(AND(Table_ExternalData_14[[#This Row],[Status]]="InsuranceClaim",Table_ExternalData_14[[#This Row],[TglTarik]]>0),0,IF(Table_ExternalData_14[[#This Row],[ContractID]]="1547220000067",0,IF(Table_ExternalData_14[[#This Row],[Status]]="PU-WC",0,IF(Table_ExternalData_14[[#This Row],[Tgl WO-in]]<= DAY(Table_ExternalData_14[[#This Row],[Period]]),Table_ExternalData_14[[#This Row],[Amount_WO]]/1000000,0)))) -> 0 | DE50: =DAY(Table_ExternalData_14[[#This Row],[Tanggal_Sukses-new]]) -> 8 | DF50: =IF(Table_ExternalData_14[[#This Row],[Status]]="PU-WC",0,IF(SUM(Table_ExternalData_14[[#This Row],[Success CWO]:[WO-In-Amt]])=0,1,0)) -> 0 | DG50: =IF(AND(Table_ExternalData_14[[#This Row],[Status]]="InsuranceClaim",Table_ExternalData_14[[#This Row],[TglTarik]]>0),0,IF(Table_ExternalData_14[[#This Row],[Status]]="PU-WC",0,IF(Table_ExternalData_14[[#This Row],[Potensi WO]]=1,Table_ExternalData_14[[#This Row],[CWO Amt]],0))) -> 0 | DH50: =VLOOKUP(Table_ExternalData_14[[#This Row],[BranchID]],KC!$A:$K,5,0) -> 4W | DI50: =VLOOKUP(Table_ExternalData_14[[#This Row],[BranchID]],KC!$A:$K,8,0) -> 03. Jawa Tengah | DJ50: =VLOOKUP(Table_ExternalData_14[[#This Row],[BranchID]],KC!$A:$K,9,0) -> YOGYAKARTA | DK50: =IF(Table_ExternalData_14[[#This Row],[Tanggal_Sukses]]=" ",Table_ExternalData_14[[#This Row],[Tanggal_Sukses]],VLOOKUP(Table_ExternalData_14[[#This Row],[ContractID]],Bantuan!$A:$C,2,0)) -> 46120 | DL50: =IF(Table_ExternalData_14[[#This Row],[Keterangan_Sukses]]=" ",Table_ExternalData_14[[#This Row],[Keterangan_Sukses]],VLOOKUP(Table_ExternalData_14[[#This Row],[ContractID]],Bantuan!$A:$C,3,0)) -> REPO SEBELUM WO
A51: 1508 | B51: KARAWANG | C51: 46142 | D51: 45966 | E51: 44561 | F51: 1508C20211200148 | G51: 1508210000492 | H51: PT GEMMA TRAIDING MANDIRI | I51: KAMPUNG KAMURANG RT 004 RW 002 Kel.PASIRSARI Kec. CIKARANG SELATAN Kota BEKASI 17530 | J51: 17530 | L51: 17530 | M51: PASIRSARI | N51: CIKARANG SELATAN | O51: BEKASI | P51: 10080000 | Q51: Karawang | T51: 129*** | U51: 129*** | W51: MOBIL Baru | X51: SUZUKI | Y51: CARRY PU 1.5 | Z51: NEW CARRY PU FD AC PS | AA51: MHYHDC61TMJ262002 | AB51: K15BT1352071 | AC51: B9722FAY | AD51: 10500000 | AE51: 10225233 | AF51: 0 | AG51: 10500000 | AH51: 21260000 | AI51: 0 | AJ51: 3500000 | AK51: 176 | AL51: 3 | AM51: 46 | AN51: 48 | AO51: 06.151-180 | AP51: 06.151-180 | AQ51: 03.RO | BF51: Coll-Head | BG51: Collectible | BH51: 3 | BI51: 10500000 | BN51: 46173 | BO51: 1 | BP51: 46149 | BQ51: Coll Harian | BR51: 183 | BS51: 45966 | BT51: 10500000 | BU51: 0 | BV51: 1 | BW51: 0 | BX51: 0 | BY51: 0 | BZ51: 0 | CA51: 0 | CB51: 0 | CD51: 0 | CF51: 0 | CH51: 0 | CJ51: 0 | CL51: 0 | CM51: 46149 | CN51: 4W | CO51: 10225233 | CP51: 10225233 | CQ51: 5 | CT51: 0 | CU51: KARAWANG - MBL | CV51: 03. Jawa Barat | CW51: 46149 | CX51: Last Month | CY51: =MONTH(Table_ExternalData_14[[#This Row],[RunningReportDate]]) -> 5 | CZ51: =181-Table_ExternalData_14[[#This Row],[DaysOD]] -> 5 | DA51: =IF(Table_ExternalData_14[[#This Row],[Status]]="PU-WC",0,Table_ExternalData_14[[#This Row],[Amount_CWO]]/1000000) -> 10.225233 | DB51: =IF(Table_ExternalData_14[[#This Row],[Status]]="PU-WC",0,IF(Table_ExternalData_14[[#This Row],[Keterangan_Sukses-new]]="RB",1,IF(Table_ExternalData_14[[#This Row],[Keterangan_Sukses-new]]="STAY",1,IF(Table_ExternalData_14[[#This Row],[Keterangan_Sukses-new]]="BTC",1,IF(ISERROR(FIND("SEBELUM",Table_ExternalData_14[[#This Row],[Keterangan_Sukses-new]],1)),0,1))))) -> 0 | DC51: =IF(Table_ExternalData_14[[#This Row],[Status]]="PU-WC",0,IF(Table_ExternalData_14[[#This Row],[Success CWO]]=1,Table_ExternalData_14[[#This Row],[CWO Amt]],0)) -> 0 | DD51: =IF(AND(Table_ExternalData_14[[#This Row],[Status]]="InsuranceClaim",Table_ExternalData_14[[#This Row],[TglTarik]]>0),0,IF(Table_ExternalData_14[[#This Row],[ContractID]]="1547220000067",0,IF(Table_ExternalData_14[[#This Row],[Status]]="PU-WC",0,IF(Table_ExternalData_14[[#This Row],[Tgl WO-in]]<= DAY(Table_ExternalData_14[[#This Row],[Period]]),Table_ExternalData_14[[#This Row],[Amount_WO]]/1000000,0)))) -> 10.225233 | DE51: =DAY(Table_ExternalData_14[[#This Row],[Tanggal_Sukses-new]]) -> 0 | DF51: =IF(Table_ExternalData_14[[#This Row],[Status]]="PU-WC",0,IF(SUM(Table_ExternalData_14[[#This Row],[Success CWO]:[WO-In-Amt]])=0,1,0)) -> 0 | DG51: =IF(AND(Table_ExternalData_14[[#This Row],[Status]]="InsuranceClaim",Table_ExternalData_14[[#This Row],[TglTarik]]>0),0,IF(Table_ExternalData_14[[#This Row],[Status]]="PU-WC",0,IF(Table_ExternalData_14[[#This Row],[Potensi WO]]=1,Table_ExternalData_14[[#This Row],[CWO Amt]],0))) -> 0 | DH51: =VLOOKUP(Table_ExternalData_14[[#This Row],[BranchID]],KC!$A:$K,5,0) -> 4W | DI51: =VLOOKUP(Table_ExternalData_14[[#This Row],[BranchID]],KC!$A:$K,8,0) -> 02. Jawa Barat | DJ51: =VLOOKUP(Table_ExternalData_14[[#This Row],[BranchID]],KC!$A:$K,9,0) -> KARAWANG | DK51: =IF(Table_ExternalData_14[[#This Row],[Tanggal_Sukses]]=" ",Table_ExternalData_14[[#This Row],[Tanggal_Sukses]],VLOOKUP(Table_ExternalData_14[[#This Row],[ContractID]],Bantuan!$A:$C,2,0)) -> 0 | DL51: =IF(Table_ExternalData_14[[#This Row],[Keterangan_Sukses]]=" ",Table_ExternalData_14[[#This Row],[Keterangan_Sukses]],VLOOKUP(Table_ExternalData_14[[#This Row],[ContractID]],Bantuan!$A:$C,3,0)) -> 0
