Workbook

Sheet Parameter
A1: Payment Type-1 | B1: Payment Type-2 | C1: Payment Type-3 | D1: Review | E1: Final | H1: Pendapatan Denda | J1: % Pengali | K1: Grup Denda | N1: PaymentType | O1: Note | Q1: PaymentType
A2: T-ATM | B2: T-ATM | C2: Non Pick UP | E2: Non Pick UP | H2: 0 | I2: 500000 | J2: 0.05 | K2: 500,000 < | N2: ALFAMRT | O2: 0 | Q2: CASH
A3: T-Pick Up (ARO) | B3: T-PICK UP (ARO) | C3: Pick UP | E3: Pick UP | H3: 500000 | I3: 1000000 | J3: 0.075 | K3: 1,000,000 < | N3: ARJAS | O3: 0 | Q3: PICKUP
A4: T-Kas | B4: T-KAS | C4: Cashier | D4: WINPAY | E4: WINPAY | H4: 1000000 | I4: 2000000 | J4: 0.1 | K4: 2,000,000 < | N4: BANK | O4: 0 | Q4: PREPAID
A5: T-Bank | B5: T-BANK | C5: Non Pick UP | E5: Non Pick UP | H5: 2000000 | I5: 1000000000 | J5: 0.15 | K5: 2,000,000 > | N5: BLIBLI | O5: 0 | Q5: WINPAY
A6: T-ARTA JASA | B6: T-ARTA JASA | C6: Non Pick UP | D6: Online Payment | E6: Payment Online | N6: BUKALAPAK | O6: 0
A7: T-Dealer | B7: T-DEALER | C7: Non Pick UP | E7: Non Pick UP | H7: PIC | I7: Grup PIC | N7: CASH | O7: 1
A8: T-DCS | B8: T-DCS | C8: Non Pick UP | E8: Non Pick UP | H8: ARO 1 | I8: 01. STAFF | N8: DANA | O8: 0
A9: T-EDC | B9: T-EDC | C9: Non Pick UP | E9: Non Pick UP | H9: ARO 2 | I9: 01. STAFF | N9: GOJEK | O9: 0
A10: T-Titipan | B10: T-TITIPAN | C10: Non Pick UP | E10: Non Pick UP | H10: REM OFF | I10: 01. STAFF | N10: INDOMRT | O10: 0
A11: T-Kas SYB | B11: T-KAS SYB | C11: Non Pick UP | E11: Non Pick UP | H11: AR COORD | I11: 02. COORD | N11: LINKAJA | O11: 0
A12: T-PDC | B12: T-PDC | C12: Non Pick UP | E12: Non Pick UP | H12: REM COORD | I12: 02. COORD | N12: PICKUP | O12: 1
A13: T-INDOMARET | B13: T-INDOMARET | C13: Payment Online | D13: Online Payment | E13: Payment Online | H13: AR HEAD | I13: 03. HEAD | N13: PMTA | O13: 0
A14: T-Alfamart | B14: T-ALFAMART | C14: Payment Online | D14: Online Payment | E14: Payment Online | H14: PSO HEAD | I14: 03. HEAD | N14: PREPAID | O14: 1
A15: Dealer | B15: T-DEALER | C15: Non Pick UP | E15: Non Pick UP | H15: REM HEAD | I15: 03. HEAD | N15: SHOPEE | O15: 0
A16: DCS | B16: T-DCS | C16: Non Pick UP | E16: Non Pick UP | H16: REC HEAD | I16: 04. RECOVERY | N16: SYBMANDIRI | O16: 0
A17: Pick Up (ARO) | B17: T-PICK UP (ARO) | C17: Pick UP | E17: Pick UP | H17: REC COORD | I17: 04. RECOVERY | N17: TOKOPEDIA | O17: 0
A18: Titipan | B18: T-TITIPAN | C18: Non Pick UP | E18: Non Pick UP | H18: ADD INS | I18: 05. ADD INS | N18: WINPAY | O18: 1
A19: Kas | B19: T-KAS | C19: Cashier | D19: WINPAY | E19: WINPAY | H19: REWARD ENTRANT | I19: 05. ADD INS
A20: Alfamrt | B20: T-ALFAMART | C20: Payment Online | D20: Online Payment | E20: Payment Online | H20: OUTSOURCE | I20: 07. OUTSOURCE
A21: Artha Jasa | B21: T-ARTA JASA | C21: Non Pick UP | D21: Online Payment | E21: Payment Online
A22: Bank | B22: T-BANK | C22: Non Pick UP | E22: Non Pick UP
A23: Cash | B23: T-KAS | C23: Cashier | D23: WINPAY | E23: WINPAY
A24: INDOMRT | B24: T-INDOMARET | C24: Payment Online | D24: Online Payment | E24: Payment Online
A25: PDC | B25: T-PDC | C25: Non Pick UP | E25: Non Pick UP
A26: Permata | B26: T-BANK | C26: Non Pick UP | D26: Online Payment | E26: Payment Online
A27: Pickup | B27: T-PICK UP (ARO) | C27: Pick UP | E27: Pick UP
A28: Suspend | B28: T-TITIPAN | C28: Non Pick UP | E28: Non Pick UP
A29: PREPAID | B29: PREPAID | C29: WINPAY | E29: WINPAY
A30: ARJAS | B30: T-ARTA JASA | C30: Non Pick UP | D30: Online Payment | E30: Payment Online
A31: ADIKP | B31: T-ARTA JASA | C31: Non Pick UP | E31: Non Pick UP
A32: PMTA | B32: T-PMTA | C32: Non Pick UP | D32: Online Payment | E32: Payment Online
A33: TOKOPEDIA | B33: T-TOKOPEDIA | C33: Payment Online | D33: Online Payment | E33: Payment Online
A34: GOJEK | B34: T-GOJEK | C34: Payment Online | D34: Online Payment | E34: Payment Online
A35: BUKALAPAK | B35: T-BUKALAPAK | C35: Payment Online | D35: Online Payment | E35: Payment Online
A36: SHOPEE | B36: T-SHOPEE | C36: Payment Online | D36: Online Payment | E36: Payment Online
A37: LINKAJA | B37: T-LINKAJA | C37: Payment Online | D37: Online Payment | E37: Payment Online
A38: DANA | B38: T-DANA | C38: Payment Online | D38: Online Payment | E38: Payment Online
A39: BLIBLI | B39: T-BLIBLI | C39: Payment Online | D39: Online Payment | E39: Payment Online
A40: SYBMANDIRI | B40: T-BANK | C40: Non Pick UP | D40: Online Payment | E40: Payment Online
A41: WINPAY | B41: WINPAY | C41: WINPAY | E41: WINPAY
A42: BRILINK | B42: BRILINK | C42: Payment Online | D42: Online Payment | E42: Payment Online
A43: BRIMO | B43: BRIMO | C43: Payment Online | D43: Online Payment | E43: Payment Online
A44: OVO | B44: OVO | C44: Payment Online | D44: Online Payment | E44: Payment Online
A45: BNI | B45: T-BANK | C45: Non Pick UP | D45: Online Payment | E45: Payment Online
A46: AUTODEBETBRI2 | B46: T-BANK | C46: Non Pick UP | D46: Online Payment | E46: Payment Online
A47: AUTODEBETBCA | B47: T-BANK | C47: Non Pick UP | D47: Online Payment | E47: Payment Online
A48: BCA | B48: T-BANK | C48: Non Pick UP | D48: Online Payment | E48: Payment Online

Sheet New KC
A1: BranchID | B1: BranchName | C1: BranchName- | D1: New Area | E1: Code | F1: New Area_Old | G1: BranchName_Old | H1: New Area_New | I1: BranchName_New | J1: Status | K1: Unit | M1: -10000 | N1: 0 | O1: 00.Not Ovd | P1: 00.Not OD | Q1: ARO
A2: 1001 | B2: BANJARMASIN | C2: BANJARMASIN | D2: 08. Kalselteng | E2: 2W | F2: 05. Kalimantan | G2: BANJARMASIN | H2: 05. Kalimantan | I2: BANJARMASIN | J2: BRANCH | K2: 1 | M2: 1 | N2: 30 | O2: 01.1-30 | P2: 01.1-30 | Q2: ARO
A3: 1002 | B3: MAKASAR | C3: MAKASAR | D3: 09. SulbagSel | E3: 2W | F3: 06. Sulawesi | G3: MAKASSAR | H3: 06. Sulawesi | I3: MAKASSAR | J3: BRANCH | K3: 1 | M3: 31 | N3: 60 | O3: 02.31-60 | P3: 02.31-60 | Q3: PSO
A4: 1003 | B4: BALIKPAPAN | C4: BALIKPAPAN | D4: 07. KalTimBar | E4: 2W | F4: 05. Kalimantan | G4: BALIKPAPAN | H4: 05. Kalimantan | I4: BALIKPAPAN | J4: BRANCH | K4: 1 | M4: 61 | N4: 90 | O4: 03.61-90 | P4: 03.61-90 | Q4: PSO
A5: 1004 | B5: SAMARINDA | C5: SAMARINDA | D5: 07. KalTimBar | E5: 2W | F5: 05. Kalimantan | G5: SAMARINDA | H5: 05. Kalimantan | I5: SAMARINDA | J5: BRANCH | K5: 1 | M5: 91 | N5: 120 | O5: 04.91-120 | P5: 04.91-120 | Q5: REMOFF
A6: 1005 | B6: BOGOR | C6: BOGOR | D6: 02. Jabotabek | E6: 2W | F6: 01. Jabodetabekser | G6: BOGOR | H6: 01. Jabodetabekser | I6: BOGOR | J6: BRANCH | K6: 1 | M6: 121 | N6: 150 | O6: 05.121-150 | P6: 05.121-150 | Q6: REMOFF
A7: 1006 | B7: BEKASI | C7: BEKASI | D7: 02. Jabotabek | E7: 2W | F7: 01. Jabodetabekser | G7: BEKASI | H7: 01. Jabodetabekser | I7: BEKASI | J7: BRANCH | K7: 1 | M7: 151 | N7: 180 | O7: 06.151-180 | P7: 06.151-180 | Q7: REMOFF
A8: 1007 | B8: KEDIRI | C8: KEDIRI | D8: 05. JatimSel | E8: 2W | F8: 04. Jawa Timur | G8: KEDIRI | H8: 04. Jawa Timur | I8: KEDIRI | J8: BRANCH | K8: 1 | M8: 181 | N8: 10000000 | O8: 07.>180 | P8: 07.>180 | Q8: PC
A9: 1008 | B9: KARAWANG | C9: KARAWANG | D9: 01. Jabar | E9: 2W | F9: 02. Jawa Barat | G9: KARAWANG | H9: 02. Jawa Barat | I9: KARAWANG | J9: BRANCH | K9: 1
A10: 1009 | B10: MADIUN | C10: MADIUN | D10: 06. JatimUt | E10: 2W | F10: 04. Jawa Timur | G10: KEDIRI | H10: 04. Jawa Timur | I10: KEDIRI | J10: DCSM MIX | K10: 1
A11: 1010 | B11: MEDAN | C11: MEDAN | D11: 13. SumbagUt | E11: 2W | F11: 08. Sumbaguteng | G11: MEDAN | H11: 08. Sumbaguteng | I11: MEDAN | J11: BRANCH | K11: 1
A12: 1011 | B12: KELAPA GADING | C12: KELAPA GADING | D12: 02. Jabotabek | E12: 2W | F12: 01. Jabodetabekser | G12: KELAPA GADING / SUNTER | H12: 01. Jabodetabekser | I12: SUNTER | J12: BRANCH | K12: 1
A13: 1012 | B13: BANDUNG | C13: BANDUNG | D13: 01. Jabar | E13: 2W | F13: 02. Jawa Barat | G13: BANDUNG | H13: 02. Jawa Barat | I13: BANDUNG | J13: BRANCH | K13: 1
A14: 1013 | B14: YOGYA | C14: YOGYA | D14: 03. JatengSel | E14: 2W | F14: 03. Jawa Tengah | G14: YOGYAKARTA | H14: 03. Jawa Tengah | I14: YOGYAKARTA | J14: BRANCH | K14: 1
A15: 1014 | B15: SOLO | C15: SOLO | D15: 03. JatengSel | E15: 2W | F15: 03. Jawa Tengah | G15: SOLO | H15: 03. Jawa Tengah | I15: SOLO | J15: BRANCH | K15: 1
A16: 1015 | B16: SEMARANG | C16: SEMARANG | D16: 04. Jatengut | E16: 2W | F16: 03. Jawa Tengah | G16: SEMARANG | H16: 03. Jawa Tengah | I16: SEMARANG | J16: BRANCH | K16: 1
A17: 1016 | B17: SURABAYA | C17: SURABAYA | D17: 06. JatimUt | E17: 2W | F17: 04. Jawa Timur | G17: SURABAYA | H17: 04. Jawa Timur | I17: SURABAYA | J17: BRANCH | K17: 1
A18: 1017 | B18: MALANG | C18: MALANG | D18: 05. JatimSel | E18: 2W | F18: 04. Jawa Timur | G18: MALANG | H18: 04. Jawa Timur | I18: MALANG | J18: BRANCH | K18: 1
A19: 1018 | B19: SIDOARJO | C19: SIDOARJO | D19: 06. JatimUt | E19: 2W | F19: 04. Jawa Timur | G19: SURABAYA | H19: 04. Jawa Timur | I19: SURABAYA | J19: DCSM MIX | K19: 1
A20: 1019 | B20: GRESIK | C20: GRESIK | D20: 06. JatimUt | E20: 2W | F20: 04. Jawa Timur | G20: GRESIK | H20: 04. Jawa Timur | I20: GRESIK | J20: BRANCH | K20: 1
... A84: 1082 | B84: UJUNG BATU | C84: PEKAN BARU | D84: 12. SumbagTeng | E84: 2W | F84: 08. Sumbaguteng | G84: PEKANBARU | H84: 08. Sumbaguteng | I84: PEKANBARU | J84: BRANCH | K84: 1
A85: 1083 | B85: LUBUK LINGGAU | C85: PALEMBANG | D85: 11. SumbagSel | E85: 2W | F85: 07. Sumbagsel | G85: BENGKULU | H85: 07. Sumbagsel | I85: PALEMBANG | J85: BRANCH | K85: 1 | L85: PALEMBANG 1-4
A86: 1086 | B86: MAKASSAR 2 | C86: MAKASAR | D86: 09. SulbagSel | E86: 2W | F86: 06. Sulawesi | G86: MAKASSAR | H86: 06. Sulawesi | I86: MAKASSAR | J86: BRANCH | K86: 1
A87: 1087 | B87: SAMPIT | C87: SAMPIT | D87: 08. Kalselteng | E87: 2W | F87: 05. Kalimantan | G87: SAMPIT | H87: 05. Kalimantan | I87: SAMPIT | J87: BRANCH | K87: 1
A88: 1088 | B88: BANDAR JAYA | C88: BANDAR JAYA | D88: 11. SumbagSel | E88: 2W | F88: 07. Sumbagsel | G88: BANDAR LAMPUNG | H88: 07. Sumbagsel | I88: BANDAR LAMPUNG | J88: DCSM MIX | K88: 1
A89: 1089 | B89: KUPANG | C89: KUPANG | D89: 14. IBT | E89: 2W | F89: 09. IBT | G89: KUPANG | H89: 09. IBT | I89: KUPANG | J89: BRANCH | K89: 1
A90: 1090 | B90: BUKITTINGGI | C90: PADANG | D90: 12. SumbagTeng | E90: 2W | F90: 08. Sumbaguteng | G90: PADANG | H90: 08. Sumbaguteng | I90: PADANG | J90: BRANCH | K90: 1
A91: 1094 | B91: MEDAN 2 | C91: MEDAN | D91: 13. SumbagUt | E91: 2W | F91: 08. Sumbaguteng | G91: MEDAN | H91: 08. Sumbaguteng | I91: MEDAN | J91: BRANCH | K91: 1
A92: 1095 | B92: MEDAN 3 | C92: MEDAN | D92: 13. SumbagUt | E92: 2W | F92: 08. Sumbaguteng | G92: MEDAN | H92: 08. Sumbaguteng | I92: MEDAN | J92: BRANCH | K92: 1
A93: 1301 | B93: BANJARMASIN Syariah | C93: BANJARMASIN | D93: 08. Kalselteng | E93: 2W | F93: 05. Kalimantan | G93: BANJARMASIN | H93: 05. Kalimantan | I93: BANJARMASIN | J93: BRANCH | K93: 1
A94: 1302 | B94: MAKASAR Syariah | C94: MAKASAR | D94: 09. SulbagSel | E94: 2W | F94: 06. Sulawesi | G94: MAKASSAR | H94: 06. Sulawesi | I94: MAKASSAR | J94: BRANCH | K94: 1
A95: 1303 | B95: BALIKPAPAN Syariah | C95: BALIKPAPAN | D95: 07. KalTimBar | E95: 2W | F95: 05. Kalimantan | G95: BALIKPAPAN | H95: 05. Kalimantan | I95: BALIKPAPAN | J95: BRANCH | K95: 1
A96: 1304 | B96: SAMARINDA Syariah | C96: SAMARINDA | D96: 07. KalTimBar | E96: 2W | F96: 05. Kalimantan | G96: SAMARINDA | H96: 05. Kalimantan | I96: SAMARINDA | J96: BRANCH | K96: 1
A97: 1305 | B97: BOGOR Syariah | C97: BOGOR | D97: 02. Jabotabek | E97: 2W | F97: 01. Jabodetabekser | G97: BOGOR | H97: 01. Jabodetabekser | I97: BOGOR | J97: BRANCH | K97: 1
... A226: 1805 | B226: OBM - TERNATE | C226: OBM - TERNATE | D226: 15. OBM | E226: OBM | F226: 10. OBM | G226: OBM - TERNATE | H226: 06. Sulawesi | I226: TERNATE | J226: BRANCH | K226: 1

Sheet DB N-1
A1: AREA | B1: BRANCHID | C1: CABANG_MERGER | D1: CABANG | E1: BUSINESS_UNIT | F1: NOMOR_KONTRAK | G1: NAMA_DEBITUR | H1: GO_LIVE_DATE | I1: TANGGAL_BAYAR_ANGS_TERAKHIR | J1: MERK_KENDARAAN | K1: TYPE_KENDARAAN | L1: TAHUN_KENDARAAN | M1: NO_HP_1 | N1: NO_HP_2 | O1: RESIDENCE_ADDRESS | P1: LEGAL_ADDRESS | Q1: JOB_ADDRESS | R1: EMERGENCY_ADDRESS | S1: OS_PRINCIPAL_AMT | T1: OS_LC_INST_AMT | U1: OS_CHARGE_RCV_AMT | V1: TOTAL_AMOUNT_TO_BE_PAID_1 | W1: PREPAID | X1: TOTAL_KEWAJIBAN | Y1: CONTRACT_STAT | Z1: TOTAL_AMOUNT_TO_BE_PAID_2 | AA1: TGL_PEMBAYARAN | AB1: AMOUNT_PEMBAYARAN_1 | AC1: AMOUNT_PEMBAYARAN | AD1: WOP | AE1: AMOUNT_WOP | AF1: WAIVE_AMOUNT_1 | AG1: REVERSAL | AH1: TGL_RRD | AI1: STATUS_BPKB | AJ1: WAIVE_AMOUNT_2 | AK1: WAIVE_PCTG_MIN_TOTAL_AMOUNT_TO_BE_PAID | AL1: WAIVE_PCTG_MIN_TOTAL_KEWAJIBAN | AM1: VERIFIKASI_MIN_TOTAL_AMOUNT_TO_BE_PAID | AN1: VERIFIKASI_MIN_TOTAL_KEWAJIBAN | AO1: New Area | AP1: New Cabang | AQ1: Tgl ( TGL_PEMBAYARAN ) | AR1: Periode ( TGL_PEMBAYARAN ) | AS1: Periode ( TANGGAL_BAYAR_ANGS_TERAKHIR ) | AT1: Flag Alda / Aktif | AU1: Cek Alda / Aktif | AV1: Unit Pakai As of | AW1: Unit Pakai As of
A2: IBT | B2: 1503 | C2: Denpasar | D2: DENPASAR - MBL | E2: 4W | F2: 1503130000206 | G2: I NYOMAN SUDI ASRINTAWA | H2: 41354 | I2: 43220 | J2: SUZUKI | K2: ERTIGA | L2: 2013 | M2: 081338614050 | O2: BANJAR PERANCAK RT - /RW -, PERANCAK, NEGARA, JEMBRANA, 82251 | P2: BANJAR PERANCAK RT - /RW -, PERANCAK , JEMBRANA , JEMBRANA, 82251 | S2: 0 | T2: 17658936 | U2: 0 | V2: 17658936 | W2: 0 | X2: 17658936 | Y2: EXP | Z2: 0 | AA2: 46167 | AB2: 13500000 | AC2: 13500000 | AD2: WINPAY | AE2: 0 | AF2: 4158936.4 | AG2: 0 | AH2: 46168 | AI2: Release | AJ2: 4158936.4 | AK2: 0.24 | AL2: 0.24 | AM2: 0 | AN2: 0 | AO2: 09. IBT | AP2: DENPASAR | AQ2: 25 | AR2: 26-05 | AS2: 18-04 | AT2: ALDA | AU2: FALSE | AV2: =IF(AQ2<=DAY(TODAY()),1,0) -> 0 | AW2: =IF(AQ2=DAY(TODAY()),1,0) -> 0
A3: Sumatera | B3: 1520 | C3: Pekan Baru | D3: PEKANBARU - MBL | E3: 4W | F3: 1520160000056 | G3: HENDRI YANTES | H3: 42590 | I3: 44067 | J3: SUZUKI | K3: CARRY PU 1.5 WD | L3: 2016 | M3: 085271509719 | O3: JL SWAKARYA NO 20 RT 001 /RW 026, TUAH KARYA, TAMPAN, PEKANBARU, 28291 | P3: JL MELATI PERUM PONDOK MAYANG BLOK B-16 RT 003 /RW 016, SAIL, TENAYAN RAYA, PEKANBARU, 28285 | Q3: JL SWAKARYA NO 20 RT 001 /RW 026, TUAH KARYA, TAMPAN, PEKANBARU, 28291 | S3: 0 | T3: 5894680 | U3: 0 | V3: 5894680 | W3: 1000 | X3: 5893680 | Y3: RRD | Z3: 0 | AA3: 46171 | AB3: 4715000 | AC3: 4715000 | AD3: WINPAY | AE3: 0 | AF3: 1178736 | AG3: 0 | AH3: 46171 | AI3: On Hand | AJ3: 1178736 | AK3: 0.2 | AL3: 0.2 | AM3: 944 | AN3: -56 | AO3: 08. Sumbaguteng | AP3: PEKANBARU | AQ3: 29 | AR3: 26-05 | AS3: 20-08 | AT3: ALDA | AU3: FALSE | AV3: =IF(AQ3<=DAY(TODAY()),1,0) -> 0 | AW3: =IF(AQ3=DAY(TODAY()),1,0) -> 0
A4: Jateng | B4: 1524 | C4: Tegal | D4: TEGAL - MBL | E4: 4W | F4: 1524170000173 | G4: AKHMAD YASIN | H4: 43099 | I4: 44874 | J4: SUZUKI | K4: CARRY PU 1.5 | L4: 2017 | M4: 082199712299 | N4: 085226186063 | O4: GROBOG KULON RT 002 /RW 002, GROBOG KULON, PANGKAH, TEGAL, 52471 | P4: GROBOG KULON RT 002 /RW 002, GROBOG KULON, PANGKAH, TEGAL, 52471 | Q4: GROBOG KULON RT 002 /RW 002, GROBOG KULON, PANGKAH, TEGAL, 52471 | S4: 0 | T4: 17168000 | U4: 10000 | V4: 17178000 | W4: 0 | X4: 17178000 | Y4: EXP | Z4: 0 | AA4: 46146 | AB4: 12100000 | AC4: 12100000 | AD4: BANK | AE4: 0 | AF4: 5078000 | AG4: 0 | AH4: 46146 | AI4: Release | AJ4: 5078000 | AK4: 0.3 | AL4: 0.3 | AM4: 0 | AN4: 0 | AO4: 03. Jawa Tengah | AP4: TEGAL | AQ4: 4 | AR4: 26-05 | AS4: 22-11 | AT4: ALDA | AU4: FALSE | AV4: =IF(AQ4<=DAY(TODAY()),1,0) -> 1 | AW4: =IF(AQ4=DAY(TODAY()),1,0) -> 0
A5: Jabodetabekser | B5: 1507 | C5: Tangerang | D5: TANGERANG - MBL | E5: 4W | F5: 1507180001362 | G5: SAPARI | H5: 43404 | I5: 44923 | J5: SUZUKI | K5: CARRY PU 1.5 | L5: 2018 | M5: 082310581011 | O5: KP. PABUARAN RT 001 /RW 004, CIKANDE, CIKANDE, SERANG, 42186 | P5: KP. PABUARAN RT 001 /RW 004, CIKANDE, CIKANDE, SERANG, 42186 | Q5: GRIYA ASRI CENDANA A1/07 RT 000 /RW 000, CIKANDE, CIKANDE, SERANG, 42186 | S5: 0 | T5: 8678590 | U5: 0 | V5: 8678590 | W5: 0 | X5: 8678590 | Y5: EXP | Z5: 0 | AA5: 46157 | AB5: 6943000 | AC5: 6943000 | AD5: WINPAY | AE5: 0 | AF5: 1735590 | AG5: 0 | AH5: 46160 | AI5: Release | AJ5: 1735590 | AK5: 0.2 | AL5: 0.2 | AM5: 0 | AN5: 0 | AO5: 01. Jabodetabekser | AP5: TANGERANG | AQ5: 15 | AR5: 26-05 | AS5: 22-12 | AT5: ALDA | AU5: FALSE | AV5: =IF(AQ5<=DAY(TODAY()),1,0) -> 0 | AW5: =IF(AQ5=DAY(TODAY()),1,0) -> 0
A6: Sulawesi | B6: 1541 | C6: Kendari | D6: KENDARI - MBL | E6: 4W | F6: 1541190000141 | G6: DEDDY JALAL S PD | H6: 43676 | I6: 45114 | J6: SUZUKI | K6: CARRY PU 1.5 | L6: 2019 | M6: 085130333379 | O6: DESA LANGGEA RT 00 /RW 00, LANGGEA, RANOMEETO, KONAWE SELATAN, 93871 | P6: DESA LANGGEA RT 00 /RW 00, LANGGEA, RANOMEETO, KONAWE SELATAN, 93871 | Q6: SMPN 29 KONAWE SELATAN RT 00 /RW 00, LAMERURU (LAMEURU), RANOMEETO BARAT, KONAWE SELATAN, 93871 | S6: 0 | T6: 2380195 | U6: 0 | V6: 2380195 | W6: 0 | X6: 2380195 | Y6: EXP | Z6: 0 | AA6: 46158 | AB6: 2380195 | AC6: 2380195 | AD6: WINPAY | AE6: 0 | AF6: 0 | AG6: 0 | AH6: 46160 | AI6: Release | AK6: 0 | AL6: 0 | AM6: 0 | AN6: 0 | AO6: 06. Sulawesi | AP6: KENDARI | AQ6: 16 | AR6: 26-05 | AS6: 23-07 | AT6: ALDA | AU6: FALSE | AV6: =IF(AQ6<=DAY(TODAY()),1,0) -> 0 | AW6: =IF(AQ6=DAY(TODAY()),1,0) -> 0
A7: Jabodetabekser | B7: 1518 | C7: Dewi Sartika | D7: DEWI SARTIKA - MBL | E7: 4W | F7: 1518190000630 | G7: SYUHYAR EFENDI | H7: 43838 | I7: 45329 | J7: SUZUKI | K7: CARRY PU 1.5 | L7: 2019 | M7: 081384719872 | O7: VILLA PERTIWI BLOK F-6 NO 17 RT 004 /RW 013, SUKAMAJU, CILODONG, DEPOK, 16410 | P7: VILLA PERTIWI BLOK F-6 NO 17 RT 004 /RW 013, SUKAMAJU, CILODONG, DEPOK, 16410 | Q7: VILLA PERTIWI BLOK F-16 NO.17 RT 004 /RW 013, SUKAMAJU, CILODONG, DEPOK, 16410 | S7: 0 | T7: 4461250 | U7: 0 | V7: 4461250 | W7: 0 | X7: 4461250 | Y7: EXP | Z7: 0 | AA7: 46153 | AB7: 4462000 | AC7: 4462000 | AD7: WINPAY | AE7: 0 | AF7: 0 | AG7: 0 | AH7: 46153 | AI7: Release | AK7: 0 | AL7: 0 | AM7: -750 | AN7: -750 | AO7: 01. Jabodetabekser | AP7: DEWI SARTIKA | AQ7: 11 | AR7: 26-05 | AS7: 24-02 | AT7: ALDA | AU7: FALSE | AV7: =IF(AQ7<=DAY(TODAY()),1,0) -> 0 | AW7: =IF(AQ7=DAY(TODAY()),1,0) -> 0
A8: Sumatera | B8: 1520 | C8: Pekan Baru | D8: PEKANBARU - MBL | E8: 4W | F8: 1520200000475 | G8: SANTI ANGGREINI | H8: 44062 | I8: 45525 | J8: SUZUKI | K8: CARRY PU 1.5 | L8: 2020 | M8: 081361290957 | O8: DUSUN II SUKA MAKMUR RT 002 /RW 002, KEPAU JAYA, SIAK HULU, KAMPAR, 28452 | P8: DUSUN II SUKA MAKMUR RT 002 /RW 002, KEPAU JAYA, SIAK HULU, KAMPAR, 28452 | Q8: KEPAU JAYA RT 000 /RW 000, KEPAU JAYA, SIAK HULU, KAMPAR, 28452 | S8: 0 | T8: 1754200 | U8: 0 | V8: 1754200 | W8: 0 | X8: 1754200 | Y8: EXP | Z8: 0 | AA8: 46160 | AB8: 1755000 | AC8: 1755000 | AD8: WINPAY | AE8: 0 | AF8: 0 | AG8: 0 | AH8: 46160 | AI8: Release | AK8: 0 | AL8: 0 | AM8: -800 | AN8: -800 | AO8: 08. Sumbaguteng | AP8: PEKANBARU | AQ8: 18 | AR8: 26-05 | AS8: 24-08 | AT8: ALDA | AU8: FALSE | AV8: =IF(AQ8<=DAY(TODAY()),1,0) -> 0 | AW8: =IF(AQ8=DAY(TODAY()),1,0) -> 0
A9: Sulawesi | B9: 1514 | C9: Makassar | D9: MAKASSAR - MBL | E9: 4W | F9: 1514210000148 | G9: M RADIMAN | H9: 44358 | I9: 45548 | J9: SUZUKI | K9: ERTIGA | L9: 2021 | M9: 081241325566 | N9: 085343877727 | O9: JL KANDEA POROS KANAL MAKASSAR RT 000 /RW 000, BUNGA EJA BERU, TALLO, MAKASSAR, 90211 | P9: JL. KUBIS NO.48 RT 001 /RW 004, WAJO BARU, BONTOALA, MAKASSAR, 90151 | Q9: JL KUBIS NO 48 RT 001 /RW 004, WAJO BARU, BONTOALA, MAKASSAR, 90151 | S9: 0 | T9: 45297127 | U9: 0 | V9: 45297127 | W9: 0 | X9: 45297127 | Y9: ICP | Z9: 45297127 | AA9: 46163 | AB9: 0 | AC9: 0 | AD9: WINPAY | AE9: 0 | AF9: 0 | AG9: 0 | AI9: On Hand | AK9: 0 | AL9: 0 | AM9: 45272127 | AN9: 45272127 | AO9: 06. Sulawesi | AP9: MAKASSAR | AQ9: 21 | AR9: 26-05 | AS9: 24-09 | AT9: ALDA | AU9: FALSE | AV9: =IF(AQ9<=DAY(TODAY()),1,0) -> 0 | AW9: =IF(AQ9=DAY(TODAY()),1,0) -> 0
A10: Sumatera | B10: 1520 | C10: Pekan Baru | D10: PEKANBARU - MBL | E10: 4W | F10: 1520200000605 | G10: MUSARYADI | H10: 44125 | I10: 45626 | J10: SUZUKI | K10: CARRY PU 1.5 | L10: 2020 | M10: 085272700736 | O10: JL.DATUK ANGKASA RT 006 /RW 003, ANGKASA, BANDAR PETALANGAN, PELALAWAN, 28384 | P10: JL.DATUK ANGKASA RT 006 /RW 003, ANGKASA, BANDAR PETALANGAN, PELALAWAN, 28384 | Q10: DESA ANGKASA RT 006 /RW 003, ANGKASA, BANDAR PETALANGAN, PELALAWAN, 28384 | S10: 0 | T10: 26264980 | U10: 0 | V10: 26264980 | W10: 0 | X10: 26264980 | Y10: EXP | Z10: 0 | AA10: 46154 | AB10: 17073000 | AC10: 17073000 | AD10: WINPAY | AE10: 0 | AF10: 9192743 | AG10: 0 | AH10: 46154 | AI10: Release | AJ10: 9192743 | AK10: 0.35 | AL10: 0.35 | AM10: -763 | AN10: -763 | AO10: 08. Sumbaguteng | AP10: PEKANBARU | AQ10: 12 | AR10: 26-05 | AS10: 24-11 | AT10: ALDA | AU10: FALSE | AV10: =IF(AQ10<=DAY(TODAY()),1,0) -> 0 | AW10: =IF(AQ10=DAY(TODAY()),1,0) -> 0
A11: Kalimantan | B11: 1521 | C11: Banjarmasin | D11: BANJARMASIN - MBL | E11: 4W | F11: 1521200000390 | G11: SITI FATIMAH | H11: 44165 | I11: 45657 | J11: SUZUKI | K11: CARRY PU 1.5 | L11: 2020 | M11: 081349302375 | O11: JL. SWADAYA RT 001 /RW 000, SUNGAI TABUK KERAMAT, SUNGAI TABUK, BANJAR, 70653 | P11: JL. SWADAYA RT 001 /RW 000, SUNGAI TABUK KERAMAT, SUNGAI TABUK, BANJAR, 70653 | Q11: JL. SWADAYA RT 001 /RW 000, SUNGAI TABUK KERAMAT, SUNGAI TABUK, BANJAR, 70653 | S11: 0 | T11: 24420010 | U11: 30000 | V11: 24450010 | W11: 4000 | X11: 24446010 | Y11: ICP | Z11: 20946010 | AA11: 46164 | AB11: 2975000 | AC11: 2975000 | AD11: WINPAY | AE11: 0 | AF11: 0 | AG11: 0 | AI11: On Hand | AK11: 0 | AL11: 0 | AM11: 20925010 | AN11: 20921010 | AO11: 05. Kalimantan | AP11: BANJARMASIN | AQ11: 22 | AR11: 26-05 | AS11: 24-12 | AT11: ALDA | AU11: FALSE | AV11: =IF(AQ11<=DAY(TODAY()),1,0) -> 0 | AW11: =IF(AQ11=DAY(TODAY()),1,0) -> 0
A12: Jateng | B12: 1510 | C12: Semarang | D12: SEMARANG - MBL | E12: 4W | F12: 1510210000030 | G12: SITI AMBARWATI | H12: 44218 | I12: 45678 | J12: SUZUKI | K12: CARRY PU 1.5 | L12: 2020 | M12: 083827937390 | O12: DSN GAYAM RT 006 /RW 002, KADIREJO, PABELAN, SEMARANG, 50771 | P12: DSN GAYAM RT 006 /RW 002, KADIREJO, PABELAN, SEMARANG, 50771 | Q12: DSN GAYAM RT 006 /RW 002, KADIREJO, PABELAN, SEMARANG, 50771 | S12: 0 | T12: 7434000 | U12: 220000 | V12: 7654000 | W12: 0 | X12: 7654000 | Y12: EXP | Z12: 0 | AA12: 46165 | AB12: 6123200 | AC12: 6123200 | AD12: WINPAY | AE12: 0 | AF12: 1530800 | AG12: 0 | AH12: 46167 | AI12: Release | AJ12: 1530800 | AK12: 0.2 | AL12: 0.2 | AM12: 0 | AN12: 0 | AO12: 03. Jawa Tengah | AP12: SEMARANG | AQ12: 23 | AR12: 26-05 | AS12: 25-01 | AT12: ALDA | AU12: FALSE | AV12: =IF(AQ12<=DAY(TODAY()),1,0) -> 0 | AW12: =IF(AQ12=DAY(TODAY()),1,0) -> 0
A13: Sulawesi | B13: 1547 | C13: Ternate | D13: TERNATE - MBL | E13: 4W | F13: 1547200000090 | G13: ROBERT E GARAWAI | H13: 44146 | I13: 45692 | J13: SUZUKI | K13: CARRY PU 1.5 | L13: 2020 | M13: 081223808699 | N13: 085731363100 | O13: SOAMAETEK RT 001 /RW 001, SOAMAETEK, KAO BARAT, HALMAHERA UTARA, 97764 | P13: SOAMAETEK RT 001 /RW 001, SOAMAETEK, KAO BARAT, HALMAHERA UTARA, 97764 | Q13: DESA SOAMAETEK RT 001 /RW 001, SOAMAETEK, KAO BARAT, HALMAHERA UTARA, 97764 | S13: 0 | T13: 0 | U13: 17340600 | V13: 17340600 | W13: 0 | X13: 17340600 | Y13: ICP | Z13: 13340600 | AA13: 46172 | AB13: 500000 | AC13: 500000 | AD13: WINPAY | AE13: 0 | AF13: 0 | AG13: 0 | AI13: On Hand | AK13: 0 | AL13: 0 | AM13: 13340600 | AN13: 13340600 | AO13: 06. Sulawesi | AP13: TERNATE | AQ13: 30 | AR13: 26-05 | AS13: 25-02 | AT13: ALDA | AU13: FALSE | AV13: =IF(AQ13<=DAY(TODAY()),1,0) -> 0 | AW13: =IF(AQ13=DAY(TODAY()),1,0) -> 0
A14: Jateng | B14: 1517 | C14: Purwokerto | D14: PURWOKERTO - MBL | E14: 4W | F14: 1517210000035 | G14: SUKATMAN | H14: 44242 | I14: 45699 | J14: SUZUKI | K14: CARRY PU 1.5 | L14: 2020 | M14: 081289819094 | O14: BEDANA RT 003 /RW 002, BEDANA, KALIBENING, BANJARNEGARA, 53458 | P14: BEDANA RT 003 /RW 002, BEDANA, KALIBENING, BANJARNEGARA, 53458 | Q14: BEDANA RT 003 /RW 002, BEDANA, KALIBENING, BANJARNEGARA, 53458 | S14: 0 | T14: 27933022 | U14: 0 | V14: 27933022 | W14: 0 | X14: 27933022 | Y14: ICP | Z14: 27633022 | AA14: 46167 | AB14: 300000 | AC14: 300000 | AD14: WINPAY | AE14: 0 | AF14: 0 | AG14: 0 | AI14: On Hand | AK14: 0 | AL14: 0 | AM14: 27608022 | AN14: 27608022 | AO14: 03. Jawa Tengah | AP14: PURWOKERTO | AQ14: 25 | AR14: 26-05 | AS14: 25-02 | AT14: ALDA | AU14: FALSE | AV14: =IF(AQ14<=DAY(TODAY()),1,0) -> 0 | AW14: =IF(AQ14=DAY(TODAY()),1,0) -> 0
A15: Sulawesi | B15: 1533 | C15: Manado | D15: MANADO - MBL | E15: 4W | F15: 1533200000308 | G15: MARSELLUS NAJOAN S PD | H15: 44205 | I15: 45701 | J15: SUZUKI | K15: ERTIGA | L15: 2020 | M15: 085298401416 | O15: JAGA V DESA KOKA KEC TOMBULU KAB MINAHASA RT 000 /RW 000, KOKA, TOMBULU, MINAHASA, 95661 | P15: JAGA V DESA KOKA KEC TOMBULU KAB MINAHASA RT 000 /RW 000, KOKA, TOMBULU, MINAHASA, 95661 | Q15: DESA KOKA KEC TOMBULU KAB MINAHASA RT 000 /RW 000, KOKA, TOMBULU, MINAHASA, 95661 | S15: 0 | T15: 11864342 | U15: 0 | V15: 11864342 | W15: 0 | X15: 11864342 | Y15: EXP | Z15: 0 | AA15: 46144 | AB15: 8306000 | AC15: 8306000 | AD15: WINPAY | AE15: 0 | AF15: 3558342.5 | AG15: 0 | AH15: 46144 | AI15: Release | AJ15: 3558342.5 | AK15: 0.3 | AL15: 0.3 | AM15: 0 | AN15: 0 | AO15: 06. Sulawesi | AP15: MANADO | AQ15: 2 | AR15: 26-05 | AS15: 25-02 | AT15: ALDA | AU15: FALSE | AV15: =IF(AQ15<=DAY(TODAY()),1,0) -> 1 | AW15: =IF(AQ15=DAY(TODAY()),1,0) -> 0
A16: Sulawesi | B16: 1540 | C16: Palu | D16: PALU - MOBIL | E16: 4W | F16: 1540200000235 | G16: MOHAMMAD WAHYU | H16: 44186 | I16: 45736 | J16: SUZUKI | K16: CARRY PU 1.5 | L16: 2020 | M16: 085241391226 | O16: DUSUN I KAMONJI RT 001 /RW 001, KAMONJI, BALAESANG, DONGGALA, 94355 | P16: DUSUN I KAMONJI RT 001 /RW 001, KAMONJI, BALAESANG, DONGGALA, 94355 | Q16: DESA KAMONJI RT 000 /RW 000, KAMONJI, BALAESANG, DONGGALA, 94355 | S16: 0 | T16: 25195125 | U16: 0 | V16: 25195125 | W16: 55000 | X16: 25140125 | Y16: EXP | Z16: 0 | AA16: 46147 | AB16: 17000000 | AC16: 17000000 | AD16: WINPAY | AE16: 0 | AF16: 8140125 | AG16: 0 | AH16: 46148 | AI16: Release | AJ16: 8140125 | AK16: 0.32 | AL16: 0.32 | AM16: 55000 | AN16: 0 | AO16: 06. Sulawesi | AP16: PALU | AQ16: 5 | AR16: 26-05 | AS16: 25-03 | AT16: ALDA | AU16: FALSE | AV16: =IF(AQ16<=DAY(TODAY()),1,0) -> 1 | AW16: =IF(AQ16=DAY(TODAY()),1,0) -> 1
A17: Jabodetabekser | B17: 1501 | C17: Kedoya | D17: KEDOYA - MBL | E17: 4W | F17: 1501210000107 | G17: SUTRISNO | H17: 44281 | I17: 45742 | J17: SUZUKI | K17: CARRY PU 1.5 | L17: 2021 | M17: 08129493843 | N17: 085945194884 | O17: JL MANGGA UBI NO 137 RT 006 /RW 007, KAPUK, CENGKARENG, JAKARTA BARAT, 11720 | P17: JL MANGGA UBI RT 006 /RW 007, KAPUK, CENGKARENG, JAKARTA BARAT, 11720 | Q17: JL MANGGA UBI RT 006 /RW 007, KAPUK, CENGKARENG, JAKARTA BARAT, 11720 | S17: 0 | T17: 17000 | U17: 0 | V17: 17000 | W17: 0 | X17: 17000 | Y17: EXP | Z17: 0 | AA17: 46154 | AB17: 17000 | AC17: 17000 | AD17: WINPAY | AE17: 0 | AF17: 0 | AG17: 0 | AH17: 46157 | AI17: Release | AK17: 0 | AL17: 0 | AM17: 0 | AN17: 0 | AO17: 01. Jabodetabekser | AP17: KEDOYA | AQ17: 12 | AR17: 26-05 | AS17: 25-03 | AT17: ALDA | AU17: FALSE | AV17: =IF(AQ17<=DAY(TODAY()),1,0) -> 0 | AW17: =IF(AQ17=DAY(TODAY()),1,0) -> 0
A18: Kalimantan | B18: 1553 | C18: Pontianak | D18: PONTIANAK - MBL | E18: 4W | F18: 1553210000006 | G18: MARKUS KARTONO | H18: 44221 | I18: 45762 | J18: SUZUKI | K18: CARRY PU 1.5 | L18: 2020 | M18: 081348768481 | O18: DUSUN ENTUBAH RT 004 /RW 000, ENGKAHAN, SEKAYAM, SANGGAU, 78556 | P18: DUSUN ENTUBAH RT 004 /RW 000, ENGKAHAN, SEKAYAM, SANGGAU, 78556 | Q18: DUSUN ENTUBAH RT 004 /RW 000, ENGKAHAN, SEKAYAM, SANGGAU, 78556 | S18: 0 | T18: 1462100 | U18: 4516635 | V18: 5978735 | W18: 0 | X18: 5978735 | Y18: EXP | Z18: 0 | AA18: 46151 | AB18: 4783000 | AC18: 4783000 | AD18: BANK | AE18: 0 | AF18: 1195735 | AG18: 0 | AH18: 46151 | AI18: Release | AJ18: 1195735 | AK18: 0.2 | AL18: 0.2 | AM18: 0 | AN18: 0 | AO18: 05. Kalimantan | AP18: PONTIANAK | AQ18: 9 | AR18: 26-05 | AS18: 25-04 | AT18: ALDA | AU18: FALSE | AV18: =IF(AQ18<=DAY(TODAY()),1,0) -> 0 | AW18: =IF(AQ18=DAY(TODAY()),1,0) -> 0
A19: Jateng | B19: 1524 | C19: Tegal | D19: TEGAL - MBL | E19: 4W | F19: 1524200000168 | G19: TARJANI | H19: 44062 | I19: 45803 | J19: SUZUKI | K19: CARRY PU 1.5 | L19: 2020 | M19: 081902119255 | O19: KETANGGUNGAN RT 03 /RW 05, KETANGGUNGAN, KETANGGUNGAN, BREBES, 52263 | P19: KETANGGUNGAN RT 03 /RW 05, KETANGGUNGAN, KETANGGUNGAN, BREBES, 52263 | Q19: KETANGGUNGAN RT 0 /RW 0, KETANGGUNGAN, KETANGGUNGAN, BREBES, 52263 | S19: 0 | T19: 1026500 | U19: 20429285 | V19: 21455785 | W19: 20000 | X19: 21435785 | Y19: ICP | Z19: 21135785 | AA19: 46172 | AB19: 200000 | AC19: 200000 | AD19: WINPAY | AE19: 0 | AF19: 0 | AG19: 0 | AI19: On Hand | AK19: 0 | AL19: 0 | AM19: 21155785 | AN19: 21135785 | AO19: 03. Jawa Tengah | AP19: TEGAL | AQ19: 30 | AR19: 26-05 | AS19: 25-05 | AT19: ALDA | AU19: FALSE | AV19: =IF(AQ19<=DAY(TODAY()),1,0) -> 0 | AW19: =IF(AQ19=DAY(TODAY()),1,0) -> 0
A20: Jateng | B20: 1515 | C20: Kudus | D20: KUDUS - MBL | E20: 4W | F20: 1515210000133 | G20: SUMARTONO | H20: 44327 | I20: 45807 | J20: SUZUKI | K20: CARRY PU 1.5 | L20: 2021 | M20: 085229563827 | N20: 082322929278 | O20: DUSUN GADUNGAN RT 010 /RW 001, SEJOMULYO, JUWANA, PATI, 59185 | P20: DUSUN GADUNGAN RT 010 /RW 001, SEJOMULYO, JUWANA, PATI, 59185 | Q20: DUAUN GADUNGAN RT 000 /RW 000, SEJOMULYO, JUWANA, PATI, 59185 | S20: 0 | T20: 12077000 | U20: 0 | V20: 12077000 | W20: 0 | X20: 12077000 | Y20: ICP | Z20: 12077000 | AA20: 46150 | AB20: 0 | AC20: 0 | AD20: WINPAY | AE20: 0 | AF20: 0 | AG20: 0 | AI20: On Hand | AK20: 0 | AL20: 0 | AM20: 12052000 | AN20: 12052000 | AO20: 03. Jawa Tengah | AP20: KUDUS | AQ20: 8 | AR20: 26-05 | AS20: 25-05 | AT20: ALDA | AU20: FALSE | AV20: =IF(AQ20<=DAY(TODAY()),1,0) -> 0 | AW20: =IF(AQ20=DAY(TODAY()),1,0) -> 0
A21: Jabar | B21: 1508 | C21: Karawang | D21: KARAWANG - MBL | E21: 4W | F21: 1508210000205 | G21: NIMIN | H21: 44302 | I21: 45824 | J21: SUZUKI | K21: CARRY PU 1.5 | L21: 2021 | M21: 088214520227 | O21: DUSUN RAWAINDAH RT 005 /RW 001, SEGARAN, BATUJAYA, KARAWANG, 41354 | P21: DUSUN RAWAINDAH RT 005 /RW 001, SEGARAN, BATUJAYA, KARAWANG, 41354 | Q21: DUSUN RAWAINDAH RT 005 /RW 001, SEGARAN, BATUJAYA, KARAWANG, 41354 | S21: 0 | T21: 0 | U21: 15787962 | V21: 15787962 | W21: 610000 | X21: 15177962 | Y21: EXP | Z21: 0 | AA21: 46161 | AB21: 11500000 | AC21: 11500000 | AD21: BANK | AE21: 0 | AF21: 3677962.5 | AG21: -11500000 | AH21: 46162 | AI21: Release | AJ21: 3677962.5 | AK21: 0.23 | AL21: 0.24 | AM21: 610000 | AN21: 0 | AO21: 02. Jawa Barat | AP21: KARAWANG | AQ21: 19 | AR21: 26-05 | AS21: 25-06 | AT21: ALDA | AU21: FALSE | AV21: =IF(AQ21<=DAY(TODAY()),1,0) -> 0 | AW21: =IF(AQ21=DAY(TODAY()),1,0) -> 0
A22: Jabodetabekser | B22: 1507 | C22: Tangerang | D22: TANGERANG - MBL | E22: 4W | F22: 1507210000221 | G22: AHMAD RUDI | H22: 44336 | I22: 45838 | J22: SUZUKI | K22: CARRY PU 1.5 | L22: 2021 | M22: 089513382086 | O22: JL.AKSES UI GG AMALIYAH RT 002 /RW 001, SRENGSENG SAWAH, JAGAKARSA, JAKARTA SELATAN, 12640 | P22: JL PINDING RT 02 /RW 01, CIPEDAK, JAGAKARSA, JAKARTA SELATAN, 12630 | Q22: JL AKSES UI GG HJ ALI RT 002 /RW 001, SRENGSENG SAWAH, JAGAKARSA, JAKARTA SELATAN, 12640 | S22: 0 | T22: 12483200 | U22: 0 | V22: 12483200 | W22: 0 | X22: 12483200 | Y22: ICP | Z22: 12483200 | AA22: 46149 | AB22: 0 | AC22: 0 | AD22: WINPAY | AE22: 0 | AF22: 0 | AG22: 0 | AI22: On Hand | AK22: 0 | AL22: 0 | AM22: 12458200 | AN22: 12458200 | AO22: 01. Jabodetabekser | AP22: TANGERANG | AQ22: 7 | AR22: 26-05 | AS22: 25-06 | AT22: ALDA | AU22: FALSE | AV22: =IF(AQ22<=DAY(TODAY()),1,0) -> 0 | AW22: =IF(AQ22=DAY(TODAY()),1,0) -> 0
A23: Jabodetabekser | B23: 1501 | C23: Kedoya | D23: KEDOYA - MBL | E23: 4W | F23: 1501210000232 | G23: SIRAT BIN AMAT | H23: 44376 | I23: 45859 | J23: SUZUKI | K23: CARRY PU 1.5 | L23: 2021 | M23: 087782266130 | O23: KOMP DEPAG NO 21 RT 004 /RW 003, KEDAUNG KALI ANGKE, CENGKARENG, JAKARTA BARAT, 11710 | P23: KOMP DEPAG NO 21 RT 004 /RW 003, KEDAUNG KALI ANGKE, CENGKARENG, JAKARTA BARAT, 11710 | Q23: KOMP DEPAG NO 21 RT 004 /RW 003, KEDAUNG KALI ANGKE, CENGKARENG, JAKARTA BARAT, 11710 | S23: 0 | T23: 124355 | U23: 6231665.2 | V23: 6356020.2 | W23: 0 | X23: 6356020.2 | Y23: ICP | Z23: 5456020.2 | AA23: 46168 | AB23: 100000 | AC23: 100000 | AD23: BANK | AE23: 0 | AF23: 0 | AG23: 0 | AI23: On Hand | AK23: 0 | AL23: 0 | AM23: 5429020.2 | AN23: 5429020.2 | AO23: 01. Jabodetabekser | AP23: KEDOYA | AQ23: 26 | AR23: 26-05 | AS23: 25-07 | AT23: ALDA | AU23: FALSE | AV23: =IF(AQ23<=DAY(TODAY()),1,0) -> 0 | AW23: =IF(AQ23=DAY(TODAY()),1,0) -> 0
A24: Jatim | B24: 1519 | C24: Gresik | D24: GRESIK - MBL | E24: 4W | F24: 1519220000158 | G24: HARI SUSANTO | H24: 44742 | I24: 45868 | J24: SUZUKI | K24: CARRY PU 1.5 | L24: 2022 | M24: 082143750984 | O24: DSN LAMONGAN RT 015 /RW 003, KALIPURO, PUNGGING, MOJOKERTO, 61384 | P24: DSN JANTI RT 002 /RW 002, JATILANGKUNG, PUNGGING, MOJOKERTO, 61384 | Q24: JLN MOJOSARI PACET KM 4 RT 000 /RW 000, PESANGGRAHAN, KUTOREJO, MOJOKERTO, 61383 | S24: 0 | T24: 31876300 | U24: 0 | V24: 31876300 | W24: 0 | X24: 31876300 | Y24: EXP | Z24: 0 | AA24: 46157 | AB24: 23908000 | AC24: 23908000 | AD24: WINPAY | AE24: 0 | AF24: 7969075 | AG24: 0 | AH24: 46160 | AI24: Release | AJ24: 7969075 | AK24: 0.25 | AL24: 0.25 | AM24: -775 | AN24: -775 | AO24: 04. Jawa Timur | AP24: GRESIK | AQ24: 15 | AR24: 26-05 | AS24: 25-07 | AT24: ALDA | AU24: FALSE | AV24: =IF(AQ24<=DAY(TODAY()),1,0) -> 0 | AW24: =IF(AQ24=DAY(TODAY()),1,0) -> 0
A25: Jabodetabekser | B25: 1506 | C25: Bekasi | D25: BEKASI - MBL | E25: 4W | F25: 1506240000202 | G25: RIZKI AKBAR | H25: 45534 | I25: 45876 | J25: SUZUKI | K25: JIMNY 5 DOOR | L25: 2024 | M25: 0817111080 | O25: SAFIRA RESIDENCE B/25 RT 005 /RW 005, PALUMBONSARI, KARAWANG TIMUR, KARAWANG, 41314 | P25: SAFIRA RESIDENCE B/25 RT 005 /RW 005, PALUMBONSARI, KARAWANG TIMUR, KARAWANG, 41314 | Q25: SAFIRA RESIDENCE B/25 RT 005 /RW 005, PALUMBONSARI, KARAWANG TIMUR, KARAWANG, 41314 | S25: 0 | T25: 1212560 | U25: 0 | V25: 1212560 | W25: 0 | X25: 1212560 | Y25: EXP | Z25: 0 | AA25: 46163 | AB25: 1212560 | AC25: 1212560 | AD25: WINPAY | AE25: 0 | AF25: 0 | AG25: 0 | AH25: 46163 | AI25: Release | AK25: 0 | AL25: 0 | AM25: 0 | AN25: 0 | AO25: 01. Jabodetabekser | AP25: BEKASI | AQ25: 21 | AR25: 26-05 | AS25: 25-08 | AT25: ALDA | AU25: FALSE | AV25: =IF(AQ25<=DAY(TODAY()),1,0) -> 0 | AW25: =IF(AQ25=DAY(TODAY()),1,0) -> 0
A26: Sumatera | B26: 1536 | C26: Bandar Lampung | D26: BANDAR LAMPUNG - MBL | E26: 4W | F26: 1536200000162 | G26: ALIN SYURYANA | H26: 44193 | I26: 45892 | J26: SUZUKI | K26: CARRY PU 1.5 | L26: 2020 | M26: 082378578648 | O26: JL. BERINGIN I BLOK.A2 NO.26 LK.III RT 000 /RW 000, BERINGIN RAYA, KEMILING, BANDAR LAMPUNG, 35158 | P26: JL.BERINGIN 1 BLOK A2 NO.26 LK.III RT 001 /RW 000, BERINGIN RAYA, KEMILING, BANDAR LAMPUNG, 35158 | Q26: JL BERINGIN I BLOK A2 NO.26 LK.III RT 001 /RW 000, BERINGIN RAYA, KEMILING, BANDAR LAMPUNG, 35158 | S26: 0 | T26: 6824500 | U26: 18830175 | V26: 25654675 | W26: 163000 | X26: 25491675 | Y26: EXP | Z26: 0 | AA26: 46161 | AB26: 17696402 | AC26: 17696402 | AD26: BANK | AE26: 0 | AF26: 7933273 | AG26: -17696402 | AH26: 46162 | AI26: Release | AJ26: 7933273 | AK26: 0.31 | AL26: 0.31 | AM26: 0 | AN26: -163000 | AO26: 07. Sumbagsel | AP26: BANDAR LAMPUNG | AQ26: 19 | AR26: 26-05 | AS26: 25-08 | AT26: ALDA | AU26: FALSE | AV26: =IF(AQ26<=DAY(TODAY()),1,0) -> 0 | AW26: =IF(AQ26=DAY(TODAY()),1,0) -> 0
A27: Kalimantan | B27: 1521 | C27: Banjarmasin | D27: BANJARMASIN - MBL | E27: 4W | F27: 1521210000210 | G27: SALEHAH | H27: 44474 | I27: 45895 | J27: SUZUKI | K27: CARRY PU 1.5 | L27: 2021 | M27: 082151356596 | O27: KARANG INDAH RT 001 /RW 001, KARANG INDAH, ANGSANA, TANAH BUMBU, 72275 | P27: KARANG INDAH RT 001 /RW 001, KARANG INDAH, ANGSANA, TANAH BUMBU, 72275 | Q27: KARANG INDAH RT 000 /RW 000, KARANG INDAH, ANGSANA, TANAH BUMBU, 72275 | S27: 0 | T27: 14427420 | U27: 0 | V27: 14427420 | W27: 0 | X27: 14427420 | Y27: ICP | Z27: 13277420 | AA27: 46170 | AB27: 600000 | AC27: 600000 | AD27: WINPAY | AE27: 0 | AF27: 0 | AG27: 0 | AI27: On Hand | AK27: 0 | AL27: 0 | AM27: 13277420 | AN27: 13277420 | AO27: 05. Kalimantan | AP27: BANJARMASIN | AQ27: 28 | AR27: 26-05 | AS27: 25-08 | AT27: ALDA | AU27: FALSE | AV27: =IF(AQ27<=DAY(TODAY()),1,0) -> 0 | AW27: =IF(AQ27=DAY(TODAY()),1,0) -> 0
A28: IBT | B28: 1531 | C28: Kupang | D28: KUPANG - MBL | E28: 4W | F28: 1531210000176 | G28: MARTEN MANTOLAS | H28: 44415 | I28: 45895 | J28: SUZUKI | K28: CARRY PU 1.5 | L28: 2021 | M28: 085216610989 | O28: JLN PERINTIS KEMERDEKAAN RT 020 /RW 006, KAYA PUTIH, OEBOBO, KUPANG, 85111 | P28: JL LAKBANU II RT 045 /RW 001, LILIBA, OEBOBO, KUPANG, 85111 | Q28: JLN PERINTIS KEMERDEKAAN RT 020 /RW 006, KAYU PUTIH , OEBOBO, KUPANG , 85111 | S28: 0 | T28: 4518792 | U28: 0 | V28: 4518792 | W28: 920 | X28: 4517872 | Y28: EXP | Z28: 0 | AA28: 46160 | AB28: 3616000 | AC28: 3616000 | AD28: WINPAY | AE28: 0 | AF28: 902792 | AG28: 0 | AH28: 46160 | AI28: Release | AJ28: 902792 | AK28: 0.2 | AL28: 0.2 | AM28: 0 | AN28: -920 | AO28: 09. IBT | AP28: KUPANG | AQ28: 18 | AR28: 26-05 | AS28: 25-08 | AT28: ALDA | AU28: FALSE | AV28: =IF(AQ28<=DAY(TODAY()),1,0) -> 0 | AW28: =IF(AQ28=DAY(TODAY()),1,0) -> 0
A29: Kalimantan | B29: 1521 | C29: Banjarmasin | D29: BANJARMASIN - MBL | E29: 4W | F29: 1521210000106 | G29: H KASPUL ANWAR | H29: 44347 | I29: 45930 | J29: SUZUKI | K29: CARRY PU 1.5 | L29: 2021 | M29: 082154123227 | O29: JL.A.YANI RT 003 /RW 001, KINTAPURA, KINTAP, TANAH LAUT, 70883 | P29: JL.A.YANI RT 003 /RW 001, KINTAPURA, KINTAP, TANAH LAUT, 70883 | Q29: JL.A.YANI RT 003 /RW 001, KINTAPURA, KINTAP, TANAH LAUT, 70883 | S29: 0 | T29: 6824750 | U29: 11762569 | V29: 18587319 | W29: 0 | X29: 18587319 | Y29: ICP | Z29: 17562319 | AA29: 46160 | AB29: 1025000 | AC29: 1025000 | AD29: WINPAY | AE29: 0 | AF29: 0 | AG29: 0 | AI29: On Hand | AK29: 0 | AL29: 0 | AM29: 17562319 | AN29: 17562319 | AO29: 05. Kalimantan | AP29: BANJARMASIN | AQ29: 18 | AR29: 26-05 | AS29: 25-09 | AT29: ALDA | AU29: FALSE | AV29: =IF(AQ29<=DAY(TODAY()),1,0) -> 0 | AW29: =IF(AQ29=DAY(TODAY()),1,0) -> 0
A30: Jabodetabekser | B30: 1507 | C30: Tangerang | D30: TANGERANG - MBL | E30: 4W | F30: 1507220000426 | G30: SOHIBI | H30: 44839 | I30: 45945 | J30: SUZUKI | K30: CARRY PU 1.5 | L30: 2022 | M30: 081991709337 | O30: JL OSCAR 2 NO 96 RT 01 /RW 02, BAMBU APUS, PAMULANG, TANGERANG SELATAN, 15415 | P30: CENDANA RESIDENCE BLOK E7 NO.12 RT 008 /RW 004, SERUA, CIPUTAT, TANGERANG SELATAN, 15414 | Q30: JL SUMUR WATU DESA KEBOCORAN NO 21 RT 04 /RW 01, KEDUNGGEDE, BANYUMAS, BANYUMAS, 53192 | S30: 0 | T30: 9633000 | U30: 0 | V30: 9633000 | W30: 0 | X30: 9633000 | Y30: EXP | Z30: 0 | AA30: 46153 | AB30: 7707000 | AC30: 7707000 | AD30: WINPAY | AE30: 0 | AF30: 1926000 | AG30: 0 | AH30: 46154 | AI30: Release | AJ30: 1926000 | AK30: 0.2 | AL30: 0.2 | AM30: 0 | AN30: 0 | AO30: 01. Jabodetabekser | AP30: TANGERANG | AQ30: 11 | AR30: 26-05 | AS30: 25-10 | AT30: ALDA | AU30: FALSE | AV30: =IF(AQ30<=DAY(TODAY()),1,0) -> 0 | AW30: =IF(AQ30=DAY(TODAY()),1,0) -> 0
A31: Kalimantan | B31: 1511 | C31: Samarinda | D31: SAMARINDA - MBL | E31: 4W | F31: 1511210000203 | G31: FITRIANSYAH | H31: 44500 | I31: 45947 | J31: SUZUKI | K31: CARRY PU 1.5 | L31: 2021 | M31: 081347900213 | O31: JL. ERLIAN RT 001 /RW 000, SANGGULAN, SEBULU, KUTAI KARTANEGARA, 75552 | P31: JL. ERLIAN RT 001 /RW 000, SANGGULAN, SEBULU, KUTAI KARTANEGARA, 75552 | Q31: JL.ERLIAN RT 001 /RW 000, SANGGULAN, SEBULU, KUTAI KARTANEGARA, 75552 | S31: 0 | T31: 11712978 | U31: 0 | V31: 11712978 | W31: 100000 | X31: 11612978 | Y31: RRD | Z31: 0 | AA31: 46167 | AB31: 10000000 | AC31: 10000000 | AD31: WINPAY | AE31: 0 | AF31: 1612978 | AG31: 0 | AH31: 46167 | AI31: On Hand | AJ31: 1612978 | AK31: 0.14 | AL31: 0.14 | AM31: 100000 | AN31: 0 | AO31: 05. Kalimantan | AP31: SAMARINDA | AQ31: 25 | AR31: 26-05 | AS31: 25-10 | AT31: ALDA | AU31: FALSE | AV31: =IF(AQ31<=DAY(TODAY()),1,0) -> 0 | AW31: =IF(AQ31=DAY(TODAY()),1,0) -> 0
A32: Sumatera | B32: 1520 | C32: Pekan Baru | D32: PEKANBARU - MBL | E32: 4W | F32: 1520210000325 | G32: EVITRI HANDAYANI | H32: 44488 | I32: 45950 | J32: SUZUKI | K32: CARRY PU 1.5 | L32: 2021 | M32: 082386034436 | O32: JL.SUKUN RT 001 /RW 003, RANTAU BERTUAH, MINAS, SIAK, 28685 | P32: JL.SUKUN RT 001 /RW 003, RANTAU BERTUAH, MINAS, SIAK, 28685 | Q32: JL.SUKUN RT 001 /RW 003, RANTAU BERTUAH, MINAS, SIAK, 28685 | S32: 0 | T32: 106640 | U32: 0 | V32: 106640 | W32: 470 | X32: 106170 | Y32: EXP | Z32: 0 | AA32: 46146 | AB32: 106640 | AC32: 106640 | AD32: WINPAY | AE32: 0 | AF32: 0 | AG32: 0 | AH32: 46146 | AI32: Release | AK32: 0 | AL32: 0 | AM32: 0 | AN32: -470 | AO32: 08. Sumbaguteng | AP32: PEKANBARU | AQ32: 4 | AR32: 26-05 | AS32: 25-10 | AT32: ALDA | AU32: FALSE | AV32: =IF(AQ32<=DAY(TODAY()),1,0) -> 1 | AW32: =IF(AQ32=DAY(TODAY()),1,0) -> 0
A33: Jabodetabekser | B33: 1501 | C33: Kedoya | D33: KEDOYA - MBL | E33: 4W | F33: 1501210000358 | G33: FERI FADLI | H33: 44462 | I33: 45954 | J33: SUZUKI | K33: CARRY PU 1.5 | L33: 2021 | M33: 089662536610 | O33: KP PERIGI KOONG RT 005 /RW 007, BEDAHAN, SAWANGAN, DEPOK, 16519 | P33: KP PERIGI KOONG RT 005 /RW 007, BEDAHAN, SAWANGAN, DEPOK, 16519 | Q33: KP PERIGI KOONG RT 005 /RW 007, BEDAHAN, SAWANGAN, DEPOK, 16519 | S33: 0 | T33: 2002805 | U33: 0 | V33: 2002805 | W33: 0 | X33: 2002805 | Y33: EXP | Z33: 0 | AA33: 46149 | AB33: 2002805 | AC33: 2002805 | AD33: WINPAY | AE33: 0 | AF33: 0 | AG33: 0 | AH33: 46150 | AI33: Release | AK33: 0 | AL33: 0 | AM33: 0 | AN33: 0 | AO33: 01. Jabodetabekser | AP33: KEDOYA | AQ33: 7 | AR33: 26-05 | AS33: 25-10 | AT33: ALDA | AU33: FALSE | AV33: =IF(AQ33<=DAY(TODAY()),1,0) -> 0 | AW33: =IF(AQ33=DAY(TODAY()),1,0) -> 0
A34: Kalimantan | B34: 1537 | C34: Palangkaraya | D34: PALANGKARAYA - MBL | E34: 4W | F34: 1537210000175 | G34: BERLIAGO | H34: 44498 | I34: 45965 | J34: SUZUKI | K34: CARRY PU 1.5 | L34: 2021 | M34: 085388740068 | O34: JL DAMANG EITHEL RABU RT 006 /RW 0, PUJON, KAPUAS TENGAH, KAPUAS, 73555 | P34: JL DAMANG EITHEL RABU RT 006 /RW 0, PUJON, KAPUAS TENGAH, KAPUAS, 73555 | Q34: JL. DAMANG EITHEL RABU RT 006 /RW 00, PUJON, KAPUAS TENGAH, KAPUAS, 73555 | S34: 0 | T34: 5195480 | U34: 0 | V34: 5195480 | W34: 0 | X34: 5195480 | Y34: EXP | Z34: 0 | AA34: 46147 | AB34: 5196000 | AC34: 5196000 | AD34: WINPAY | AE34: 0 | AF34: 0 | AG34: 0 | AH34: 46147 | AI34: Release | AK34: 0 | AL34: 0 | AM34: -520 | AN34: -520 | AO34: 05. Kalimantan | AP34: PALANGKARAYA | AQ34: 5 | AR34: 26-05 | AS34: 25-11 | AT34: ALDA | AU34: FALSE | AV34: =IF(AQ34<=DAY(TODAY()),1,0) -> 1 | AW34: =IF(AQ34=DAY(TODAY()),1,0) -> 1
A35: Kalimantan | B35: 1521 | C35: Banjarmasin | D35: BANJARMASIN - MBL | E35: 4W | F35: 1521200000279 | G35: ARYA DANY | H35: 44076 | I35: 45967 | J35: SUZUKI | K35: ERTIGA | L35: 2020 | M35: 087753626920 | N35: 081943651300 | O35: JL. PROPINSI RT 001 /RW 002, SEI/SUNGAI CUKA, SATUI, TANAH BUMBU, 72275 | P35: JL. PROPINSI RT 001 /RW 002, SEI/SUNGAI CUKA, SATUI, TANAH BUMBU, 72275 | Q35: JL. PROPINSI RT 001 /RW 002, SEI/SUNGAI CUKA, SATUI, TANAH BUMBU, 72275 | S35: 0 | T35: 0 | U35: 17774425 | V35: 17774425 | W35: 950000 | X35: 16824425 | Y35: ICP | Z35: 15849425 | AA35: 46172 | AB35: 500000 | AC35: 500000 | AD35: WINPAY | AE35: 0 | AF35: 0 | AG35: 0 | AI35: On Hand | AK35: 0 | AL35: 0 | AM35: 16774425 | AN35: 15824425 | AO35: 05. Kalimantan | AP35: BANJARMASIN | AQ35: 30 | AR35: 26-05 | AS35: 25-11 | AT35: ALDA | AU35: FALSE | AV35: =IF(AQ35<=DAY(TODAY()),1,0) -> 0 | AW35: =IF(AQ35=DAY(TODAY()),1,0) -> 0
A36: Sumatera | B36: 1535 | C36: Palembang | D36: PALEMBANG 4 - MBL | E36: 4W | F36: 1535210000055 | G36: EDI DERIYANTO | H36: 44284 | I36: 45978 | J36: SUZUKI | K36: CARRY PU 1.5 | L36: 2021 | M36: 081271469777 | O36: JL.ANGGREK UJUNG NO 2023 RT 17 /RW 4, 5 ILIR, ILIR TIMUR II, PALEMBANG, 30115 | P36: JL ANGGREK UJUNG NO 2023 RT 017 /RW 004, 5 ILIR, ILIR TIMUR II, PALEMBANG, 30115 | Q36: JL ANGGREK UJUNG NO 2023 RT 017 /RW 004, 5 ILIR, ILIR TIMUR II, PALEMBANG, 30115 | S36: 0 | T36: 13480170 | U36: 4603901 | V36: 18084071 | W36: 40390 | X36: 18043681 | Y36: ICP | Z36: 17943681 | AA36: 46168 | AB36: 100000 | AC36: 100000 | AD36: BANK | AE36: 0 | AF36: 0 | AG36: 0 | AI36: On Hand | AK36: 0 | AL36: 0 | AM36: 17984071 | AN36: 17943681 | AO36: 07. Sumbagsel | AP36: PALEMBANG | AQ36: 26 | AR36: 26-05 | AS36: 25-11 | AT36: ALDA | AU36: FALSE | AV36: =IF(AQ36<=DAY(TODAY()),1,0) -> 0 | AW36: =IF(AQ36=DAY(TODAY()),1,0) -> 0
A37: Sumatera | B37: 1522 | C37: Medan | D37: MEDAN - MBL | E37: 4W | F37: 1522210000161 | G37: ALBOINTA PANDIA | H37: 44500 | I37: 45991 | J37: SUZUKI | K37: CARRY PU 1.5 | L37: 2021 | M37: 082177445557 | O37: JL SIMPANG KONGSI GG SINABUNG II DUSUN III RT 00 /RW 00, BARU (DESA BARU), PANCUR BATU, DELI SERDANG, 20353 | P37: JL JAMIN GINTING GG SWADAYA MEDAN RT 000 /RW 000, MANGGA, MEDAN TUNTUNGAN, MEDAN, 20141 | Q37: JL WILLIAM ISKANDAR PAJAK MMTC RT 000 /RW 000, TEMBUNG, MEDAN TEMBUNG, MEDAN, 20225 | S37: 0 | T37: 7527955 | U37: 3385615 | V37: 10913570 | W37: 0 | X37: 10913570 | Y37: EXP | Z37: 0 | AA37: 46162 | AB37: 7650000 | AC37: 7650000 | AD37: WINPAY | AE37: 0 | AF37: 3263570 | AG37: 0 | AH37: 46163 | AI37: Release | AJ37: 3263570 | AK37: 0.3 | AL37: 0.3 | AM37: 0 | AN37: 0 | AO37: 08. Sumbaguteng | AP37: MEDAN | AQ37: 20 | AR37: 26-05 | AS37: 25-11 | AT37: ALDA | AU37: FALSE | AV37: =IF(AQ37<=DAY(TODAY()),1,0) -> 0 | AW37: =IF(AQ37=DAY(TODAY()),1,0) -> 0
A38: Sulawesi | B38: 1514 | C38: Makassar | D38: MAKASSAR - MBL | E38: 4W | F38: 1514200000322 | G38: ISA | H38: 44125 | I38: 45991 | J38: SUZUKI | K38: CARRY PU 1.5 | L38: 2020 | M38: 081356004813 | N38: 082395864799 | O38: BALANG LOE RT 002 /RW 002, BALANG BERU, BINAMU, JENEPONTO, 92316 | P38: BALANG LOE RT 002 /RW 002, BALANG BERU, BINAMU, JENEPONTO, 92316 | Q38: BARANG LOE RT 000 /RW 000, BALANG BERU, BINAMU, JENEPONTO, 92316 | S38: 0 | T38: 27855125 | U38: 13635660 | V38: 41490785 | W38: 0 | X38: 41490785 | Y38: RRD | Z38: 0 | AA38: 46170 | AB38: 26971000 | AC38: 26971000 | AD38: WINPAY | AE38: 0 | AF38: 14519785 | AG38: 0 | AH38: 46171 | AI38: On Hand | AJ38: 14519785 | AK38: 0.35 | AL38: 0.35 | AM38: 0 | AN38: 0 | AO38: 06. Sulawesi | AP38: MAKASSAR | AQ38: 28 | AR38: 26-05 | AS38: 25-11 | AT38: ALDA | AU38: FALSE | AV38: =IF(AQ38<=DAY(TODAY()),1,0) -> 0 | AW38: =IF(AQ38=DAY(TODAY()),1,0) -> 0
A39: Jatim | B39: 1519 | C39: Gresik | D39: GRESIK - MBL | E39: 4W | F39: 1519210000290 | G39: GITA RATNA ANUGRAINI | H39: 44538 | I39: 46007 | J39: SUZUKI | K39: CARRY PU 1.5 | L39: 2021 | M39: 085259229855 | O39: DUSUN BARAT RT 001 /RW 002, KLOTOK, BALONG PANGGANG, GRESIK, 61173 | P39: DUSUN BARAT RT 001 /RW 002, KLOTOK, BALONG PANGGANG, GRESIK, 61173 | Q39: DSN BARAT RT 001 /RW 002, KLOTOK, BALONG PANGGANG, GRESIK, 61173 | S39: 0 | T39: 92000 | U39: 0 | V39: 92000 | W39: 0 | X39: 92000 | Y39: EXP | Z39: 0 | AA39: 46146 | AB39: 0 | AC39: 0 | AD39: WINPAY | AE39: 0 | AF39: 0 | AG39: -3750000 | AH39: 46014 | AI39: Release | AK39: 0 | AL39: 0 | AM39: -309500 | AN39: -309500 | AO39: 04. Jawa Timur | AP39: GRESIK | AQ39: 4 | AR39: 26-05 | AS39: 25-12 | AT39: ALDA | AU39: FALSE | AV39: =IF(AQ39<=DAY(TODAY()),1,0) -> 1 | AW39: =IF(AQ39=DAY(TODAY()),1,0) -> 0
A40: Sulawesi | B40: 1533 | C40: Manado | D40: MANADO - MBL | E40: 4W | F40: 1533210000081 | G40: DJELITA RAHEL LOMBOAN | H40: 44310 | I40: 46022 | J40: SUZUKI | K40: CARRY PU 1.5 | L40: 2021 | M40: 082188793907 | N40: 085240045745 | O40: LINGK I KEL MASARANG KEC TONDANO BARAT KAB MINAHASA RT 0 /RW 0, MASARANG, TONDANO BARAT, MINAHASA, 95616 | P40: LINGK II KEL TUMATANGTANG SATU KEC TOMOHON SELATAN KOTA TOMOHON RT 0 /RW 0, TUMATANGTANG SATU , TOMOHON SELATAN, TOMOHON, 95439 | Q40: PASAR TONDANO KEL WAWALINTOUAN KEC TONDANO BARAT KAB MINAHASA RT 000 /RW 000, WAWALINTOUAN, TONDANO BARAT, MINAHASA, 95616 | S40: 0 | T40: 13892650 | U40: 39246950 | V40: 53139600 | W40: 0 | X40: 53139600 | Y40: EXP | Z40: 0 | AA40: 46167 | AB40: 34541000 | AC40: 34541000 | AD40: WINPAY | AE40: 0 | AF40: 18598600 | AG40: -25000 | AH40: 46167 | AI40: Release | AJ40: 18598600 | AK40: 0.35 | AL40: 0.35 | AM40: -25000 | AN40: -25000 | AO40: 06. Sulawesi | AP40: MANADO | AQ40: 25 | AR40: 26-05 | AS40: 25-12 | AT40: ALDA | AU40: FALSE | AV40: =IF(AQ40<=DAY(TODAY()),1,0) -> 0 | AW40: =IF(AQ40=DAY(TODAY()),1,0) -> 0
A41: Kalimantan | B41: 1529 | C41: Balikpapan | D41: BALIKPAPAN - MBL | E41: 4W | F41: 1529210000150 | G41: YULIADI KHOLID | H41: 44393 | I41: 46032 | J41: SUZUKI | K41: CARRY PU 1.5 | L41: 2021 | M41: 085390314088 | O41: SEKUROU JAYA RT 006 /RW 000, SEKUROU JAYA, LONG IKIS, PASER, 76282 | P41: SEKUROU JAYA RT 006 /RW 000, SEKUROU JAYA, LONG IKIS, PASER, 76282 | Q41: SEKUROU JAYA RT 000 /RW 000, SEKUROU JAYA, LONG IKIS, PASER, 76282 | S41: 0 | T41: 26327000 | U41: 0 | V41: 26327000 | W41: 0 | X41: 26327000 | Y41: RRD | Z41: 0 | AA41: 46170 | AB41: 18428900 | AC41: 18428900 | AD41: WINPAY | AE41: 0 | AF41: 7898100 | AG41: 0 | AH41: 46171 | AI41: On Hand | AJ41: 7898100 | AK41: 0.3 | AL41: 0.3 | AM41: 0 | AN41: 0 | AO41: 05. Kalimantan | AP41: BALIKPAPAN | AQ41: 28 | AR41: 26-05 | AS41: 26-01 | AT41: ALDA | AU41: FALSE | AV41: =IF(AQ41<=DAY(TODAY()),1,0) -> 0 | AW41: =IF(AQ41=DAY(TODAY()),1,0) -> 0
A42: Jatim | B42: 1525 | C42: Kediri | D42: KEDIRI - MBL | E42: 4W | F42: 1525210000072 | G42: BETI NURCAHYANI | H42: 44315 | I42: 46041 | J42: SUZUKI | K42: XL7 | L42: 2021 | M42: 085791255947 | O42: DUSUN BANGGLE RT 001 /RW 001, POJOK, NGANTRU, TULUNGAGUNG, 66252 | P42: DUSUN BANGGLE RT 001 /RW 001, POJOK, NGANTRU, TULUNGAGUNG, 66252 | Q42: DUSUN BANGGLE RT 001 /RW 001, POJOK, NGANTRU, TULUNGAGUNG, 66252 | S42: 0 | T42: 4636490 | U42: 0 | V42: 4636490 | W42: 0 | X42: 4636490 | Y42: EXP | Z42: 0 | AA42: 46150 | AB42: 3800000 | AC42: 3800000 | AD42: WINPAY | AE42: 0 | AF42: 836490 | AG42: 0 | AH42: 46153 | AI42: Release | AJ42: 836490 | AK42: 0.18 | AL42: 0.18 | AM42: 0 | AN42: 0 | AO42: 04. Jawa Timur | AP42: KEDIRI | AQ42: 8 | AR42: 26-05 | AS42: 26-01 | AT42: ALDA | AU42: FALSE | AV42: =IF(AQ42<=DAY(TODAY()),1,0) -> 0 | AW42: =IF(AQ42=DAY(TODAY()),1,0) -> 0
A43: Sumatera | B43: 1538 | C43: Pangkal Pinang | D43: PANGKALPINANG | E43: 4W | F43: 1538210000001 | G43: ALMORIA | H43: 44202 | I43: 46052 | J43: SUZUKI | K43: IGNIS | L43: 2020 | M43: 087778384607 | O43: DSN LIRING RT 13 /RW 03, RENGGIANG, SIMPANG RENGGIANG, BELITUNG TIMUR, 33562 | P43: DSN LIRING RT 13 /RW 03, RENGGIANG, SIMPANG RENGGIANG, BELITUNG TIMUR, 33562 | Q43: RENGGIANG RT 000 /RW 000, RENGGIANG, GANTUNG, BELITUNG TIMUR, 33562 | S43: 0 | T43: 13141434 | U43: 0 | V43: 13141434 | W43: 102000 | X43: 13039434 | Y43: RRD | Z43: 0 | AA43: 46168 | AB43: 9200000 | AC43: 9200000 | AD43: WINPAY | AE43: 0 | AF43: 3839434.5 | AG43: 0 | AH43: 46170 | AI43: Borrow | AJ43: 3839434.5 | AK43: 0.29 | AL43: 0.29 | AM43: 102000 | AN43: 0 | AO43: 07. Sumbagsel | AP43: PANGKAL PINANG | AQ43: 26 | AR43: 26-05 | AS43: 26-01 | AT43: ALDA | AU43: FALSE | AV43: =IF(AQ43<=DAY(TODAY()),1,0) -> 0 | AW43: =IF(AQ43=DAY(TODAY()),1,0) -> 0
A44: Jabar | B44: 1508 | C44: Karawang | D44: KARAWANG - MBL | E44: 4W | F44: 1508230000053 | G44: HJ TITIN AFIAH | H44: 44966 | I44: 46058 | J44: SUZUKI | K44: BALENO | L44: 2022 | M44: 081511067266 | O44: DUSUN KARAJAN B RT 005 /RW 002, JAYAKERTA, JAYAKERTA, KARAWANG, 41352 | P44: DUSUN KARAJAN B RT 005 /RW 002, JAYAKERTA, JAYAKERTA, KARAWANG, 41352 | Q44: DUSUN KARAJAN B RT 005 /RW 002, JAYAKERTA, JAYAKERTA, KARAWANG, 41352 | S44: 0 | T44: 2186750 | U44: 0 | V44: 2186750 | W44: 0 | X44: 2186750 | Y44: EXP | Z44: 0 | AA44: 46171 | AB44: 0 | AC44: 0 | AD44: BANK | AE44: 0 | AF44: 0 | AG44: 0 | AH44: 46062 | AI44: Release | AK44: 0 | AL44: 0 | AM44: -150000 | AN44: -150000 | AO44: 02. Jawa Barat | AP44: KARAWANG | AQ44: 29 | AR44: 26-05 | AS44: 26-02 | AT44: ALDA | AU44: FALSE | AV44: =IF(AQ44<=DAY(TODAY()),1,0) -> 0 | AW44: =IF(AQ44=DAY(TODAY()),1,0) -> 0
A45: Sulawesi | B45: 1533 | C45: Manado | D45: MANADO - MBL | E45: 4W | F45: 1533220000018 | G45: DARWIN LATALA | H45: 44620 | I45: 46059 | J45: SUZUKI | K45: CARRY PU 1.5 | L45: 2022 | M45: 085798661669 | N45: 081355085365 | O45: JL AT TAQWA KEL MOGOLAING KEC KOTAMOBAGU BARAT KOTA KOTAMOBAGU RT 010 /RW 002, MOGOLAING, KOTAMOBAGU BARAT, KOTAMOBAGU, 95716 | P45: JL AT TAQWA KEL MOGOLAING KEC KOTAMOBAGU BARAT KOTA KOTAMOBAGU RT 010 /RW 002, MOGOLAING, KOTAMOBAGU BARAT, KOTAMOBAGU, 95716 | Q45: PASAR 23 MARET KEL GOGAGOMAN KEC KOTAMOBAGU BARAT KOTA KOTAMOBAGU RT 000 /RW 000, GOGAGOMAN, KOTAMOBAGU BARAT, KOTAMOBAGU, 95715 | S45: 0 | T45: 0 | U45: 3975772.5 | V45: 3975772.5 | W45: 443775 | X45: 3531997.5 | Y45: EXP | Z45: 0 | AA45: 46162 | AB45: 2826000 | AC45: 2826000 | AD45: WINPAY | AE45: 0 | AF45: 705997.5 | AG45: 0 | AH45: 46162 | AI45: Release | AJ45: 705997.5 | AK45: 0.18 | AL45: 0.2 | AM45: 443775 | AN45: 0 | AO45: 06. Sulawesi | AP45: MANADO | AQ45: 20 | AR45: 26-05 | AS45: 26-02 | AT45: ALDA | AU45: FALSE | AV45: =IF(AQ45<=DAY(TODAY()),1,0) -> 0 | AW45: =IF(AQ45=DAY(TODAY()),1,0) -> 0
A46: Jatim | B46: 1504 | C46: Surabaya | D46: SURABAYA - MBL | E46: 4W | F46: 1504210000259 | G46: ALFEUS NEHEMIA ANANTHO | H46: 44336 | I46: 46078 | J46: SUZUKI | K46: ERTIGA | L46: 2021 | M46: 08113459005 | N46: 03129710900 | O46: PERUM THE TAMAN DHIKA CLUSTER ARGOPURO BLOK B7/17 RT 059 /RW 015, PAGERWOJO, BUDURAN, SIDOARJO, 61252 | P46: NIAS 8 RT 007 /RW 004, GUBENG, GUBENG, SURABAYA, 60281 | Q46: JL. MAYJEN HR. MUHAMMAD NO.31 RT 000 /RW 000, PRADAH KALI KENDAL, DUKUH PAKIS, SURABAYA, 60226 | S46: 0 | T46: 3260180 | U46: 0 | V46: 3260180 | W46: 0 | X46: 3260180 | Y46: EXP | Z46: 0 | AA46: 46154 | AB46: 2609000 | AC46: 2609000 | AD46: BANK | AE46: 0 | AF46: 651180 | AG46: 0 | AH46: 46154 | AI46: Release | AJ46: 651180 | AK46: 0.2 | AL46: 0.2 | AM46: 0 | AN46: 0 | AO46: 04. Jawa Timur | AP46: SURABAYA | AQ46: 12 | AR46: 26-05 | AS46: 26-02 | AT46: ALDA | AU46: FALSE | AV46: =IF(AQ46<=DAY(TODAY()),1,0) -> 0 | AW46: =IF(AQ46=DAY(TODAY()),1,0) -> 0
A47: Jatim | B47: 1504 | C47: Surabaya | D47: SURABAYA - MBL | E47: 4W | F47: 1504220000083 | G47: AMRU S SOS MSI | H47: 44618 | I47: 46079 | J47: SUZUKI | K47: CARRY PU 1.5 | L47: 2022 | M47: 082131941609 | N47: 082233104499 | O47: GUNUNGSARI 1/37 RT 008 /RW 007, SAWUNGGALING, WONOKROMO, SURABAYA, 60242 | P47: GUNUNGSARI 1/37 RT 008 /RW 007, SAWUNGGALING, WONOKROMO, SURABAYA, 60242 | Q47: JL RAYA MENGANTI NO 26 RT 000 /RW 000, MENGANTI, MENGANTI, GRESIK, 61174 | S47: 0 | T47: 53618 | U47: 0 | V47: 53618 | W47: 0 | X47: 53618 | Y47: EXP | Z47: 0 | AA47: 46163 | AB47: 0 | AC47: 0 | AD47: BANK | AE47: 0 | AF47: 0 | AG47: 0 | AH47: 46122 | AI47: Release | AK47: 0 | AL47: 0 | AM47: -50000 | AN47: -50000 | AO47: 04. Jawa Timur | AP47: SURABAYA | AQ47: 21 | AR47: 26-05 | AS47: 26-02 | AT47: ALDA | AU47: FALSE | AV47: =IF(AQ47<=DAY(TODAY()),1,0) -> 0 | AW47: =IF(AQ47=DAY(TODAY()),1,0) -> 0
A48: Sulawesi | B48: 1547 | C48: Ternate | D48: TERNATE - MBL | E48: 4W | F48: 1547220000039 | G48: ABDULLAH | H48: 44658 | I48: 46080 | J48: SUZUKI | K48: CARRY PU 1.5 | L48: 2022 | M48: 081245995035 | N48: 082188324615 | O48: GALALA RT 001 /RW 001, GALALA, OBA UTARA, TIDORE KEPULAUAN, 97852 | P48: GALALA RT 001 /RW 001, GALALA, OBA UTARA, TIDORE KEPULAUAN, 97852 | Q48: GALALA RT 001 /RW 001, GALALA, OBA UTARA, TIDORE KEPULAUAN, 97852 | S48: 0 | T48: 2729300 | U48: 0 | V48: 2729300 | W48: 0 | X48: 2729300 | Y48: EXP | Z48: 0 | AA48: 46167 | AB48: 2730000 | AC48: 2730000 | AD48: WINPAY | AE48: 0 | AF48: 0 | AG48: 0 | AH48: 46167 | AI48: Release | AK48: 0 | AL48: 0 | AM48: -700 | AN48: -700 | AO48: 06. Sulawesi | AP48: TERNATE | AQ48: 25 | AR48: 26-05 | AS48: 26-02 | AT48: ALDA | AU48: FALSE | AV48: =IF(AQ48<=DAY(TODAY()),1,0) -> 0 | AW48: =IF(AQ48=DAY(TODAY()),1,0) -> 0
A49: Kalimantan | B49: 1521 | C49: Banjarmasin | D49: BANJARMASIN - MBL | E49: 4W | F49: 1521220000079 | G49: AHMAD RIADI | H49: 44681 | I49: 46085 | J49: SUZUKI | K49: CARRY PU 1.5 | L49: 2022 | M49: 082251696966 | N49: 0895362530901 | O49: JL. UNTUNG SURAPATI NO. 43 RT 018 /RW 000, SELAT HILIR, SELAT, KAPUAS, 73513 | P49: JL. UNTUNG SURAPATI NO. 43 RT 018 /RW 000, SELAT HILIR, SELAT, KAPUAS, 73513 | Q49: SELAT HILIR RT 018 /RW 000, SELAT HILIR, SELAT, KAPUAS, 73513 | S49: 0 | T49: 0 | U49: 997835 | V49: 997835 | W49: 338000 | X49: 659835 | Y49: EXP | Z49: 0 | AA49: 46146 | AB49: 659900 | AC49: 659900 | AD49: WINPAY | AE49: 0 | AF49: 0 | AG49: 0 | AH49: 46146 | AI49: Release | AK49: 0 | AL49: 0 | AM49: 337935 | AN49: -65 | AO49: 05. Kalimantan | AP49: BANJARMASIN | AQ49: 4 | AR49: 26-05 | AS49: 26-03 | AT49: ALDA | AU49: FALSE | AV49: =IF(AQ49<=DAY(TODAY()),1,0) -> 1 | AW49: =IF(AQ49=DAY(TODAY()),1,0) -> 0
A50: Sulawesi | B50: 1533 | C50: Manado | D50: MANADO - MBL | E50: 4W | F50: 1533230000066 | G50: RECKY STEVEN MOKALU | H50: 44985 | I50: 46086 | J50: SUZUKI | K50: CARRY PU 1.5 | L50: 2022 | M50: 08114305604 | N50: 08124446454 | O50: PERUM GLORY LAND KEL WANGURER BARAT KEC MADIDIR KOTA BITUNG RT 000 /RW 000, WANGURER BARAT, MADIDIR (BITUNG TENGAH), BITUNG, 95541 | P50: LINGK II KEL MADIDIR WERU KEC MADIDIR KOTA BITUNG RT 009 /RW 002, MADIDIR WERU, MADIDIR (BITUNG TENGAH), BITUNG, 95514 | Q50: JL SH SARUNDAJANG LINGK VI KEL GIRIAN ATAS KEC GIRIAN KOTA BITUNG RT 000 /RW 000, GIRIAN ATAS, GIRIAN, BITUNG, 95544 | S50: 0 | T50: 481000 | U50: 1170000 | V50: 1651000 | W50: 0 | X50: 1651000 | Y50: EXP | Z50: 0 | AA50: 46148 | AB50: 1651000 | AC50: 1651000 | AD50: WINPAY | AE50: 0 | AF50: 0 | AG50: 0 | AH50: 46148 | AI50: Release | AK50: 0 | AL50: 0 | AM50: 0 | AN50: 0 | AO50: 06. Sulawesi | AP50: MANADO | AQ50: 6 | AR50: 26-05 | AS50: 26-03 | AT50: ALDA | AU50: FALSE | AV50: =IF(AQ50<=DAY(TODAY()),1,0) -> 0 | AW50: =IF(AQ50=DAY(TODAY()),1,0) -> 0
A51: Sumatera | B51: 1535 | C51: Palembang | D51: PALEMBANG 4 - MBL | E51: 4W | F51: 1535220000033 | G51: GUNADI | H51: 44620 | I51: 46088 | J51: SUZUKI | K51: CARRY PU 1.5 | L51: 2022 | M51: 082374433436 | O51: JLN PERINTIS NO 12 RT 038 /RW 008, SUKAMORO, TALANG KELAPA, BANYUASIN, 30961 | P51: JLN PERINTIS NO 12 RT 038 /RW 008, SUKAMORO, TALANG KELAPA, BANYUASIN, 30961 | Q51: JL PERINTIS NO 12 RT 038 /RW 008, SUKAMORO, TALANG KELAPA, BANYUASIN, 30961 | S51: 0 | T51: 3097050 | U51: 3925300 | V51: 7022350 | W51: 0 | X51: 7022350 | Y51: RRD | Z51: 0 | AA51: 46164 | AB51: 5620000 | AC51: 5620000 | AD51: BANK | AE51: 0 | AF51: 1402350 | AG51: 0 | AH51: 46164 | AI51: On Hand | AJ51: 1402350 | AK51: 0.2 | AL51: 0.2 | AM51: 0 | AN51: 0 | AO51: 07. Sumbagsel | AP51: PALEMBANG | AQ51: 22 | AR51: 26-05 | AS51: 26-03 | AT51: ALDA | AU51: FALSE | AV51: =IF(AQ51<=DAY(TODAY()),1,0) -> 0 | AW51: =IF(AQ51=DAY(TODAY()),1,0) -> 0
A52: Jabodetabekser | B52: 1516 | C52: Serang | D52: SERANG - MBL | E52: 4W | F52: 1516220000049 | G52: WASIMAN | H52: 44602 | I52: 46095 | J52: SUZUKI | K52: CARRY PU 1.5 | L52: 2021 | M52: 085313230977 | O52: BCP BLOK B 26 NO 12 RT 021 /RW 004, RANJENG, CIRUAS, SERANG, 42182 | P52: BCP BLOK B 26 NO 12 RT 021 /RW 004, RANJENG, CIRUAS, SERANG, 42182 | Q52: BCP BLOK B 26 NO 12 RT 021 /RW 004, RANJENG, CIRUAS, SERANG, 42182 | S52: 0 | T52: 14404675 | U52: 0 | V52: 14404675 | W52: 0 | X52: 14404675 | Y52: ICP | Z52: 9304675 | AA52: 46153 | AB52: 5100000 | AC52: 5100000 | AD52: WINPAY | AE52: 0 | AF52: 0 | AG52: 0 | AI52: On Hand | AK52: 0 | AL52: 0 | AM52: 9304675 | AN52: 9304675 | AO52: 01. Jabodetabekser | AP52: SERANG | AQ52: 11 | AR52: 26-05 | AS52: 26-03 | AT52: ALDA | AU52: FALSE | AV52: =IF(AQ52<=DAY(TODAY()),1,0) -> 0 | AW52: =IF(AQ52=DAY(TODAY()),1,0) -> 0
A53: Sulawesi | B53: 1514 | C53: Makassar | D53: MAKASSAR - MBL | E53: 4W | F53: 1514220000066 | G53: M ILHAM | H53: 44636 | I53: 46097 | J53: SUZUKI | K53: CARRY PU 1.5 | L53: 2022 | M53: 08114124130 | O53: BUMI TAMALANREA PERMAI BLOK M 587 RT 005 /RW 008, TAMALANREA, TAMALANREA, MAKASSAR, 90245 | P53: BUMI TAMALANREA PERMAI BLOK M 587 RT 005 /RW 008, TAMALANREA, TAMALANREA, MAKASSAR, 90245 | Q53: BUMI TAMALANREA PERMAI BLOK M 587 RT 005 /RW 008, TAMALANREA, TAMALANREA, MAKASSAR, 90245 | S53: 0 | T53: 30950 | U53: 0 | V53: 30950 | W53: 0 | X53: 30950 | Y53: EXP | Z53: 0 | AA53: 46148 | AB53: 31000 | AC53: 31000 | AD53: WINPAY | AE53: 0 | AF53: 0 | AG53: 0 | AH53: 46149 | AI53: Release | AK53: 0 | AL53: 0 | AM53: -50 | AN53: -50 | AO53: 06. Sulawesi | AP53: MAKASSAR | AQ53: 6 | AR53: 26-05 | AS53: 26-03 | AT53: ALDA | AU53: FALSE | AV53: =IF(AQ53<=DAY(TODAY()),1,0) -> 0 | AW53: =IF(AQ53=DAY(TODAY()),1,0) -> 0
A54: Sumatera | B54: 1538 | C54: Pangkal Pinang | D54: PANGKALPINANG | E54: 4W | F54: 1538220000022 | G54: KURNIAWAN | H54: 44699 | I54: 46099 | J54: SUZUKI | K54: CARRY PU 1.5 | L54: 2022 | M54: 082110000373 | O54: DUSUN II RT 001 /RW 002, KACE, MENDO BARAT, BANGKA, 33173 | P54: DUSUN II RT 001 /RW 002, KACE, MENDO BARAT, BANGKA, 33173 | Q54: DUSUN II RT 001 /RW 002, KACE, MENDO BARAT, BANGKA, 33173 | S54: 0 | T54: 2838747 | U54: 0 | V54: 2838747 | W54: 0 | X54: 2838747 | Y54: EXP | Z54: 0 | AA54: 46154 | AB54: 2839000 | AC54: 2839000 | AD54: WINPAY | AE54: 0 | AF54: 0 | AG54: 0 | AH54: 46155 | AI54: Release | AK54: 0 | AL54: 0 | AM54: -253 | AN54: -253 | AO54: 07. Sumbagsel | AP54: PANGKAL PINANG | AQ54: 12 | AR54: 26-05 | AS54: 26-03 | AT54: ALDA | AU54: FALSE | AV54: =IF(AQ54<=DAY(TODAY()),1,0) -> 0 | AW54: =IF(AQ54=DAY(TODAY()),1,0) -> 0
A55: Kalimantan | B55: 1552 | C55: Sampit | D55: SAMPIT - MBL | E55: 4W | F55: 1552210000048 | G55: SUPIYANOOR | H55: 44275 | I55: 46099 | J55: SUZUKI | K55: XL7 | L55: 2020 | M55: 085247726550 | O55: JL. WENGGA AGUNG RAYA RT 024 /RW 002, BAAMANG BARAT , BAAMANG , KOTAWARINGIN TIMUR , 74312 | P55: JL. WENGGA AGUNG RAYA RT 024 /RW 002, BAAMANG BARAT , BAAMANG , KOTAWARINGIN TIMUR , 74312 | Q55: JL. CILIK RIWUT RT 000 /RW 000, BAAMANG BARAT , BAAMANG , KOTAWARINGIN TIMUR , 74312 | S55: 0 | T55: 6100000 | U55: 0 | V55: 6100000 | W55: 50500 | X55: 6049500 | Y55: EXP | Z55: 0 | AA55: 46156 | AB55: 4900000 | AC55: 4900000 | AD55: WINPAY | AE55: 0 | AF55: 1200000 | AG55: 0 | AH55: 46157 | AI55: Release | AJ55: 1200000 | AK55: 0.2 | AL55: 0.2 | AM55: 0 | AN55: -50500 | AO55: 05. Kalimantan | AP55: SAMPIT | AQ55: 14 | AR55: 26-05 | AS55: 26-03 | AT55: ALDA | AU55: FALSE | AV55: =IF(AQ55<=DAY(TODAY()),1,0) -> 0 | AW55: =IF(AQ55=DAY(TODAY()),1,0) -> 0
A56: Sulawesi | B56: 1547 | C56: Ternate | D56: TERNATE - MBL | E56: 4W | F56: 1547220000071 | G56: MARYANES JAWADOMO | H56: 44701 | I56: 46101 | J56: SUZUKI | K56: CARRY PU 1.5 | L56: 2022 | M56: 085216357270 | N56: 082187630134 | O56: UPA RT 004 /RW 000, UPA, TOBELO TENGAH, HALMAHERA UTARA, 97762 | P56: UPA RT 004 /RW 000, UPA, TOBELO TENGAH, HALMAHERA UTARA, 97762 | Q56: UPA RT 004 /RW 000, UPA, TOBELO TENGAH, HALMAHERA UTARA, 97762 | S56: 0 | T56: 24800 | U56: 0 | V56: 24800 | W56: 49600 | X56: -24800 | Y56: EXP | Z56: 0 | AA56: 46146 | AB56: 0 | AC56: 0 | AD56: WINPAY | AE56: 0 | AF56: 0 | AG56: 0 | AH56: 46101 | AI56: Release | AK56: 0 | AL56: 0 | AM56: -25200 | AN56: -74800 | AO56: 06. Sulawesi | AP56: TERNATE | AQ56: 4 | AR56: 26-05 | AS56: 26-03 | AT56: ALDA | AU56: FALSE | AV56: =IF(AQ56<=DAY(TODAY()),1,0) -> 1 | AW56: =IF(AQ56=DAY(TODAY()),1,0) -> 0
A57: Sumatera | B57: 1535 | C57: Palembang | D57: PALEMBANG 4 - MBL | E57: 4W | F57: 1535220000051 | G57: DEBI IRAWAN SE | H57: 44646 | I57: 46105 | J57: SUZUKI | K57: CARRY PU 1.5 | L57: 2022 | M57: 082372838660 | O57: LR SINAR BULAN RT 011 /RW 004, SUNGSANG I, BANYUASIN II, BANYUASIN, 30771 | P57: JL TALANG KEPUH KOMPLEK GRAND CITRA MANDIRI BLOK G7 RT 018 /RW 005, GANDUS, GANDUS, PALEMBANG, 30149 | Q57: LR SINAR BULAN RT 011 /RW 004, SUNGSANG I, BANYUASIN II, BANYUASIN, 30771 | S57: 0 | T57: 16350 | U57: 0 | V57: 16350 | W57: 0 | X57: 16350 | Y57: RRD | Z57: 0 | AA57: 46144 | AB57: 16350 | AC57: 16350 | AD57: WINPAY | AE57: 0 | AF57: 0 | AG57: 0 | AH57: 46146 | AI57: On Hand | AK57: 0 | AL57: 0 | AM57: 0 | AN57: 0 | AO57: 07. Sumbagsel | AP57: PALEMBANG | AQ57: 2 | AR57: 26-05 | AS57: 26-03 | AT57: ALDA | AU57: FALSE | AV57: =IF(AQ57<=DAY(TODAY()),1,0) -> 1 | AW57: =IF(AQ57=DAY(TODAY()),1,0) -> 0
A58: Sumatera | B58: 1542 | C58: Jambi | D58: JAMBI - MBL | E58: 4W | F58: 1542220000068 | G58: KHAIRIL ANAM | H58: 44648 | I58: 46105 | J58: SUZUKI | K58: CARRY PU 1.5 | L58: 2022 | M58: 082380960409 | N58: 085349417816 | O58: DESA SOLOK RT 08 /RW 00, SOLOK, KUMPEH ULU, MUARO JAMBI, 36373 | P58: DESA SOLOK RT 08 /RW 00, SOLOK, KUMPEH ULU, MUARO JAMBI, 36373 | Q58: TANJUNG JABUNG BARAT RT 00 /RW 00, SOLOK, KUMPEH ULU, MUARO JAMBI, 36373 | S58: 0 | T58: 776150 | U58: 0 | V58: 776150 | W58: 0 | X58: 776150 | Y58: EXP | Z58: 0 | AA58: 46167 | AB58: 776150 | AC58: 776150 | AD58: BANK | AE58: 0 | AF58: 0 | AG58: 0 | AH58: 46167 | AI58: Release | AK58: 0 | AL58: 0 | AM58: 0 | AN58: 0 | AO58: 07. Sumbagsel | AP58: JAMBI | AQ58: 25 | AR58: 26-05 | AS58: 26-03 | AT58: ALDA | AU58: FALSE | AV58: =IF(AQ58<=DAY(TODAY()),1,0) -> 0 | AW58: =IF(AQ58=DAY(TODAY()),1,0) -> 0
A59: Sulawesi | B59: 1541 | C59: Kendari | D59: KENDARI - MBL | E59: 4W | F59: 1541220000026 | G59: I MADE AGUS DIRGHANTARA | H59: 44651 | I59: 46105 | J59: SUZUKI | K59: CARRY PU 1.5 | L59: 2022 | M59: 082235882181 | O59: DUSUN II MEKAR JAYA, RT 00 /RW 00, PUTEMATA, LADONGI, KOLAKA, 93573 | P59: DUSUN II MEKAR JAYA RT 00 /RW 00, PUTEMATA, LADONGI, KOLAKA, 93573 | Q59: DUSUN II MEKAR JAYA RT 000 /RW 000, PUTEMATA, LADONGI, KOLAKA, 93573 | S59: 0 | T59: 0 | U59: 1776775 | V59: 1776775 | W59: 100000 | X59: 1676775 | Y59: RRD | Z59: 0 | AA59: 46167 | AB59: 1777000 | AC59: 1777000 | AD59: WINPAY | AE59: 0 | AF59: 0 | AG59: 0 | AH59: 46167 | AI59: On Hand | AK59: 0 | AL59: 0 | AM59: -225 | AN59: -100225 | AO59: 06. Sulawesi | AP59: KENDARI | AQ59: 25 | AR59: 26-05 | AS59: 26-03 | AT59: ALDA | AU59: FALSE | AV59: =IF(AQ59<=DAY(TODAY()),1,0) -> 0 | AW59: =IF(AQ59=DAY(TODAY()),1,0) -> 0
A60: Jatim | B60: 1504 | C60: Surabaya | D60: SURABAYA - MBL | E60: 4W | F60: 1504210000084 | G60: JEANNY BUDIONO SE | H60: 44255 | I60: 46109 | J60: SUZUKI | K60: XL7 | L60: 2020 | M60: 085784820588 | N60: 085817791827 | O60: GRIYA KEBRAON SELATAN 8-J/13 RT 004 /RW 012, KEBRAON, KARANGPILANG, SURABAYA, 60222 | P60: GRIYA KEBRAON SELATAN 8-J/13 RT 004 /RW 012, KEBRAON, KARANGPILANG, SURABAYA, 60222 | Q60: TAMAN WISATA REGENCY BLOK E-15, MOJO KOPEK RT 000 /RW 000, GADUNG, DRIYOREJO, GRESIK, 61177 | S60: 0 | T60: 24207270 | U60: 0 | V60: 24207270 | W60: 6105 | X60: 24201165 | Y60: EXP | Z60: 0 | AA60: 46168 | AB60: 15735000 | AC60: 15735000 | AD60: BANK | AE60: 0 | AF60: 8472270 | AG60: 0 | AH60: 46168 | AI60: Release | AJ60: 8472270 | AK60: 0.35 | AL60: 0.35 | AM60: 0 | AN60: -6105 | AO60: 04. Jawa Timur | AP60: SURABAYA | AQ60: 26 | AR60: 26-05 | AS60: 26-03 | AT60: ALDA | AU60: FALSE | AV60: =IF(AQ60<=DAY(TODAY()),1,0) -> 0 | AW60: =IF(AQ60=DAY(TODAY()),1,0) -> 0
A61: Jabodetabekser | B61: 1506 | C61: Bekasi | D61: BEKASI - MBL | E61: 4W | F61: 1506220000091 | G61: MARADEN TAMBUNAN | H61: 44638 | I61: 46111 | J61: SUZUKI | K61: CARRY PU 1.5 | L61: 2022 | M61: 081280679442 | O61: KP. RAWA KALONG RT 001 /RW 003, KARANGSATRIA, TAMBUN UTARA, BEKASI, 17510 | P61: KP. RAWA KALONG RT 001 /RW 003, KARANGSATRIA, TAMBUN UTARA, BEKASI, 17510 | Q61: KP RAWA KALONG KARANGSATRIA RT 000 /RW 000, KARANGSATRIA, TAMBUN UTARA, BEKASI, 17510 | S61: 0 | T61: 160845 | U61: 0 | V61: 160845 | W61: 0 | X61: 160845 | Y61: EXP | Z61: 0 | AA61: 46151 | AB61: 0 | AC61: 0 | AD61: WINPAY | AE61: 0 | AF61: 0 | AG61: 0 | AH61: 46120 | AI61: Release | AK61: 0 | AL61: 0 | AM61: -50000 | AN61: -50000 | AO61: 01. Jabodetabekser | AP61: BEKASI | AQ61: 9 | AR61: 26-05 | AS61: 26-03 | AT61: ALDA | AU61: FALSE | AV61: =IF(AQ61<=DAY(TODAY()),1,0) -> 0 | AW61: =IF(AQ61=DAY(TODAY()),1,0) -> 0
A62: Jabodetabekser | B62: 1516 | C62: Serang | D62: SERANG - MBL | E62: 4W | F62: 1516220000067 | G62: HERMAWAN | H62: 44624 | I62: 46112 | J62: SUZUKI | K62: CARRY PU 1.5 | L62: 2022 | M62: 087773688887 | O62: KP. SAJIR RT 001 /RW 001, CIKAREO, CILELES, LEBAK, 42353 | P62: KP. SAJIR RT 001 /RW 001, CIKAREO, CILELES, LEBAK, 42353 | Q62: PASAR SAJIR RT 001 /RW 001, CIKAREO, CILELES, LEBAK, 42353 | S62: 0 | T62: 16838576 | U62: 0 | V62: 16838576 | W62: 0 | X62: 16838576 | Y62: EXP | Z62: 0 | AA62: 46144 | AB62: 11788000 | AC62: 11788000 | AD62: WINPAY | AE62: 0 | AF62: 5050575.5 | AG62: 0 | AH62: 46147 | AI62: Release | AJ62: 5050575.5 | AK62: 0.3 | AL62: 0.3 | AM62: 0 | AN62: 0 | AO62: 01. Jabodetabekser | AP62: SERANG | AQ62: 2 | AR62: 26-05 | AS62: 26-03 | AT62: ALDA | AU62: FALSE | AV62: =IF(AQ62<=DAY(TODAY()),1,0) -> 1 | AW62: =IF(AQ62=DAY(TODAY()),1,0) -> 0
A63: Sumatera | B63: 1523 | C63: Batam | D63: BATAM - MBL | E63: 4W | F63: 1523220000035 | G63: SALLY ANGGONO | H63: 44662 | I63: 46116 | J63: SUZUKI | K63: XL7 | L63: 2022 | M63: 08117711180 | O63: PERUM BEVERLY PARK BLOK M2 NO 10 RT 004 /RW 028, BELIAN, BATAM KOTA, BATAM, 29464 | P63: PERUM BEVERLY PARK BLOK M2 NO 10 RT 004 /RW 028, BELIAN, BATAM KOTA, BATAM, 29464 | Q63: GEDUNG BATAM POS LT 6 NO 615 RT 000 /RW 000, TELUK TERING, BATAM KOTA, BATAM, 29461 | S63: 0 | T63: 271925 | U63: 0 | V63: 271925 | W63: 0 | X63: 271925 | Y63: EXP | Z63: 0 | AA63: 46155 | AB63: 271925 | AC63: 271925 | AD63: WINPAY | AE63: 0 | AF63: 0 | AG63: 0 | AH63: 46155 | AI63: Release | AK63: 0 | AL63: 0 | AM63: 0 | AN63: 0 | AO63: 08. Sumbaguteng | AP63: BATAM | AQ63: 13 | AR63: 26-05 | AS63: 26-04 | AT63: ALDA | AU63: FALSE | AV63: =IF(AQ63<=DAY(TODAY()),1,0) -> 0 | AW63: =IF(AQ63=DAY(TODAY()),1,0) -> 0
A64: Jabodetabekser | B64: 1512 | C64: Bogor | D64: BOGOR - MBL | E64: 4W | F64: 1512220000115 | G64: AMIRUDIN | H64: 44732 | I64: 46117 | J64: SUZUKI | K64: CARRY PU 1.5 | L64: 2022 | M64: 087884030408 | O64: KP. PABUARAN RT 003 /RW 008, PABUARAN, BOJONGGEDE, BOGOR, 16921 | P64: KP. PABUARAN RT 003 /RW 008, PABUARAN, BOJONGGEDE, BOGOR, 16921 | Q64: KP. PABUARAN RT 003 /RW 008, PABUARAN, BOJONGGEDE, DEPOK, 16920 | S64: 0 | T64: 53470 | U64: 0 | V64: 53470 | W64: 0 | X64: 53470 | Y64: EXP | Z64: 0 | AA64: 46154 | AB64: 0 | AC64: 0 | AD64: BANK | AE64: 0 | AF64: 0 | AG64: 0 | AH64: 46120 | AI64: Release | AK64: 0 | AL64: 0 | AM64: -50000 | AN64: -50000 | AO64: 01. Jabodetabekser | AP64: BOGOR | AQ64: 12 | AR64: 26-05 | AS64: 26-04 | AT64: ALDA | AU64: FALSE | AV64: =IF(AQ64<=DAY(TODAY()),1,0) -> 0 | AW64: =IF(AQ64=DAY(TODAY()),1,0) -> 0
A65: Jatim | B65: 1525 | C65: Kediri | D65: KEDIRI - MBL | E65: 4W | F65: 1525220000109 | G65: MUJIONO | H65: 44712 | I65: 46118 | J65: SUZUKI | K65: CARRY PU 1.5 | L65: 2022 | M65: 081332231337 | O65: DSN TUGUREJO RT 004 /RW 001, MAYANGAN, JOGOROTO, JOMBANG, 61485 | P65: DSN TUGUREJO RT 004 /RW 001, MAYANGAN, JOGOROTO, JOMBANG, 61485 | Q65: DSN TUGUREJO RT 004 /RW 001, MAYANGAN, JOGOROTO, JOMBANG, 61485 | S65: 0 | T65: 14680000 | U65: 0 | V65: 14680000 | W65: 0 | X65: 14680000 | Y65: RRD | Z65: 0 | AA65: 46173 | AB65: 12000000 | AC65: 12000000 | AD65: WINPAY | AE65: 0 | AF65: 2680000 | AG65: 0 | AH65: 46173 | AI65: On Hand | AJ65: 2680000 | AK65: 0.18 | AL65: 0.18 | AM65: 0 | AN65: 0 | AO65: 04. Jawa Timur | AP65: KEDIRI | AQ65: 31 | AR65: 26-05 | AS65: 26-04 | AT65: ALDA | AU65: FALSE | AV65: =IF(AQ65<=DAY(TODAY()),1,0) -> 0 | AW65: =IF(AQ65=DAY(TODAY()),1,0) -> 0
A66: Sumatera | B66: 1523 | C66: Batam | D66: BATAM - MBL | E66: 4W | F66: 1523230000118 | G66: PT ASIA INTI PERKASA | H66: 45076 | I66: 46119 | J66: SUZUKI | K66: CARRY PU 1.5 | L66: 2023 | M66: 02122252585 | O66: KAWASAN KARA INDUSTRIAL PARK BLOK A NO 4 RT 000 /RW 000, BALOI PERMAI, BATAM KOTA, BATAM, 29431 | P66: KAWASAN KARA INDUSTRIAL PARK BLOK A NO 4 RT 000 /RW 000, BALOI PERMAI, BATAM KOTA, BATAM, 29431 | S66: 0 | T66: 29600 | U66: 129895 | V66: 159495 | W66: 292600 | X66: -133105 | Y66: EXP | Z66: 0 | AA66: 46162 | AB66: 0 | AC66: 0 | AD66: WINPAY | AE66: 0 | AF66: 0 | AG66: 0 | AH66: 46125 | AI66: Release | AK66: 0 | AL66: 0 | AM66: 109495 | AN66: -183105 | AO66: 08. Sumbaguteng | AP66: BATAM | AQ66: 20 | AR66: 26-05 | AS66: 26-04 | AT66: ALDA | AU66: FALSE | AV66: =IF(AQ66<=DAY(TODAY()),1,0) -> 0 | AW66: =IF(AQ66=DAY(TODAY()),1,0) -> 0
A67: Sulawesi | B67: 1541 | C67: Kendari | D67: KENDARI - MBL | E67: 4W | F67: 1541220000044 | G67: I WAYAN WINASTRA | H67: 44670 | I67: 46119 | J67: SUZUKI | K67: CARRY PU 1.5 | L67: 2022 | M67: 082190339857 | O67: DUSUN III MEKAR SARI RT 002 /RW 000, PEOHO, WATUMBANGGA (WATUBANGGO), KOLAKA, 93563 | P67: DUSUN III MEKAR SARI RT 002 /RW 000, PEOHO, WATUMBANGGA (WATUBANGGO), KOLAKA, 93563 | Q67: DUSUN III MEKAR JAYA RT 002 /RW 001, PEOHO, WATUMBANGGA (WATUBANGGO), KOLAKA, 93563 | S67: 0 | T67: 216360 | U67: 0 | V67: 216360 | W67: 10700 | X67: 205660 | Y67: EXP | Z67: 0 | AA67: 46147 | AB67: 217000 | AC67: 217000 | AD67: WINPAY | AE67: 0 | AF67: 0 | AG67: 0 | AH67: 46148 | AI67: Release | AK67: 0 | AL67: 0 | AM67: -640 | AN67: -11340 | AO67: 06. Sulawesi | AP67: KENDARI | AQ67: 5 | AR67: 26-05 | AS67: 26-04 | AT67: ALDA | AU67: FALSE | AV67: =IF(AQ67<=DAY(TODAY()),1,0) -> 1 | AW67: =IF(AQ67=DAY(TODAY()),1,0) -> 1
A68: Jatim | B68: 1525 | C68: Kediri | D68: KEDIRI - MBL | E68: 4W | F68: 1525210000055 | G68: NANANG KOSIM | H68: 44301 | I68: 46119 | J68: SUZUKI | K68: ERTIGA | L68: 2021 | M68: 081272992914 | O68: DUSUN KOTES RT 003 /RW 002, KOTES, GANDUSARI, BLITAR, 66187 | P68: DSN SUKOSEWU RT 001 /RW 007, SUKOSEWU, GANDUSARI, BLITAR, 66187 | Q68: DUSUN KOTES RT 003 /RW 002, KOTES, GANDUSARI, BLITAR, 66187 | S68: 0 | T68: 13946310 | U68: 20000 | V68: 13966310 | W68: 0 | X68: 13966310 | Y68: RRD | Z68: 0 | AA68: 46173 | AB68: 9993000 | AC68: 9993000 | AD68: WINPAY | AE68: 0 | AF68: 3973310 | AG68: 0 | AH68: 46173 | AI68: On Hand | AJ68: 3973310 | AK68: 0.28 | AL68: 0.28 | AM68: 0 | AN68: 0 | AO68: 04. Jawa Timur | AP68: KEDIRI | AQ68: 31 | AR68: 26-05 | AS68: 26-04 | AT68: ALDA | AU68: FALSE | AV68: =IF(AQ68<=DAY(TODAY()),1,0) -> 0 | AW68: =IF(AQ68=DAY(TODAY()),1,0) -> 0
A69: Jabodetabekser | B69: 1506 | C69: Bekasi | D69: BEKASI - MBL | E69: 4W | F69: 1506230000139 | G69: HAPPY HESTY | H69: 45026 | I69: 46123 | J69: SUZUKI | K69: CARRY PU 1.5 | L69: 2023 | M69: 081290826517 | O69: PERUMAHAN GRAND MUTIARA GADING BLOK J 14 NO. 9 RT 000 /RW 000, TELAJUNG, CIKARANG BARAT, BEKASI, 17530 | P69: KP. LUBANG BUAYA RT 003 /RW 001, LUBANGBUAYA, SETU, BEKASI, 17320 | Q69: JL CIBUNTU GG MASJID JAMI NIRUL IMAN RT 001 /RW 011, CIBUNTU, CIBITUNG, BEKASI, 17520 | S69: 0 | T69: 26230 | U69: 0 | V69: 26230 | W69: 0 | X69: 26230 | Y69: EXP | Z69: 0 | AA69: 46171 | AB69: 27000 | AC69: 27000 | AD69: BANK | AE69: 0 | AF69: 0 | AG69: 0 | AH69: 46171 | AI69: Release | AK69: 0 | AL69: 0 | AM69: -770 | AN69: -770 | AO69: 01. Jabodetabekser | AP69: BEKASI | AQ69: 29 | AR69: 26-05 | AS69: 26-04 | AT69: ALDA | AU69: FALSE | AV69: =IF(AQ69<=DAY(TODAY()),1,0) -> 0 | AW69: =IF(AQ69=DAY(TODAY()),1,0) -> 0
A70: Jabodetabekser | B70: 1507 | C70: Tangerang | D70: TANGERANG - MBL | E70: 4W | F70: 1507230000158 | G70: ARDI | H70: 45027 | I70: 46124 | J70: SUZUKI | K70: CARRY PU 1.5 | L70: 2023 | M70: 081190071717 | N70: 081932111171 | O70: KP PERUMPUNG RT 002 /RW 003, GUNUNG SINDUR, GUNUNG SINDUR, BOGOR, 16340 | P70: KP MUNCUL RT 011 /RW 003, SETU, SETU, TANGERANG SELATAN, 15314 | Q70: KP PERUMPUNG RT 002 /RW 003, GUNUNG SINDUR, GUNUNG SINDUR, BOGOR, 16340 | S70: 0 | T70: 8175580 | U70: 0 | V70: 8175580 | W70: 0 | X70: 8175580 | Y70: EXP | Z70: 0 | AA70: 46149 | AB70: 6541000 | AC70: 6541000 | AD70: WINPAY | AE70: 0 | AF70: 1634580 | AG70: 0 | AH70: 46150 | AI70: Release | AJ70: 1634580 | AK70: 0.2 | AL70: 0.2 | AM70: 0 | AN70: 0 | AO70: 01. Jabodetabekser | AP70: TANGERANG | AQ70: 7 | AR70: 26-05 | AS70: 26-04 | AT70: ALDA | AU70: FALSE | AV70: =IF(AQ70<=DAY(TODAY()),1,0) -> 0 | AW70: =IF(AQ70=DAY(TODAY()),1,0) -> 0
A71: Sulawesi | B71: 1533 | C71: Manado | D71: MANADO - MBL | E71: 4W | F71: 1533220000055 | G71: HASPILIN HALAA | H71: 44671 | I71: 46127 | J71: SUZUKI | K71: CARRY PU 1.5 | L71: 2022 | M71: 081245121728 | N71: 081355027842 | O71: DUSUN I DESA PINDOL KEC LOLAK KAB BOLAANG MONGONDOW RT 000 /RW 000, PINDOL, LOLAK, BOLAANG MONGONDOW (BOLMONG), 95761 | P71: DUSUN I DESA PINDOL KEC LOLAK KAB BOLAANG MONGONDOW RT 000 /RW 000, PINDOL, LOLAK, BOLAANG MONGONDOW (BOLMONG), 95761 | Q71: DESA PINDOL KEC LOLAK KAB BOLAANG MONGONDOW RT 000 /RW 000, PINDOL, LOLAK, BOLAANG MONGONDOW (BOLMONG), 95761 | S71: 0 | T71: 5528570 | U71: 0 | V71: 5528570 | W71: 0 | X71: 5528570 | Y71: EXP | Z71: 0 | AA71: 46155 | AB71: 4423000 | AC71: 4423000 | AD71: WINPAY | AE71: 0 | AF71: 1105570 | AG71: 0 | AH71: 46155 | AI71: Release | AJ71: 1105570 | AK71: 0.2 | AL71: 0.2 | AM71: 0 | AN71: 0 | AO71: 06. Sulawesi | AP71: MANADO | AQ71: 13 | AR71: 26-05 | AS71: 26-04 | AT71: ALDA | AU71: FALSE | AV71: =IF(AQ71<=DAY(TODAY()),1,0) -> 0 | AW71: =IF(AQ71=DAY(TODAY()),1,0) -> 0
A72: Jateng | B72: 1534 | C72: Solo | D72: SOLO - MBL | E72: 4W | F72: 1534220000068 | G72: HENDRI AHMAD ALAMSYAH | H72: 44714 | I72: 46127 | J72: SUZUKI | K72: CARRY PU 1.5 | L72: 2022 | M72: 081239172796 | O72: SEWUREJO RT 011 /RW 000, MOJOKERTO, KEDAWUNG, SRAGEN, 57292 | P72: SEWUREJO RT 011 /RW 000, MOJOKERTO, KEDAWUNG, SRAGEN, 57292 | Q72: JL. TIMUR RAYA RT 000 /RW 000, BABAU, KUPANG TIMUR, KUPANG, 85362 | S72: 0 | T72: 1382100 | U72: 5782450 | V72: 7164550 | W72: 309250 | X72: 6855300 | Y72: EXP | Z72: 0 | AA72: 46149 | AB72: 5500000 | AC72: 5500000 | AD72: WINPAY | AE72: 0 | AF72: 1355300 | AG72: 0 | AH72: 46149 | AI72: Release | AJ72: 1355300 | AK72: 0.19 | AL72: 0.2 | AM72: 309250 | AN72: 0 | AO72: 03. Jawa Tengah | AP72: SOLO | AQ72: 7 | AR72: 26-05 | AS72: 26-04 | AT72: ALDA | AU72: FALSE | AV72: =IF(AQ72<=DAY(TODAY()),1,0) -> 0 | AW72: =IF(AQ72=DAY(TODAY()),1,0) -> 0
A73: Sumatera | B73: 1520 | C73: Pekan Baru | D73: PEKANBARU - MBL | E73: 4W | F73: 1520220000067 | G73: SAPRIANTO | H73: 44637 | I73: 46128 | J73: SUZUKI | K73: CARRY PU 1.5 | L73: 2022 | M73: 085272409988 | O73: JL.PENDAWA RT 001 /RW 004, BATHIN BETUAH, MANDAU, BENGKALIS, 28884 | P73: JL.PENDAWA RT 001 /RW 004, BATHIN BETUAH, MANDAU, BENGKALIS, 28884 | Q73: JL.PENDAWA RT 001 /RW 004, BATHIN BETUAH, MANDAU, BENGKALIS, 28884 | S73: 0 | T73: 1943935 | U73: 0 | V73: 1943935 | W73: 0 | X73: 1943935 | Y73: RRD | Z73: 0 | AA73: 46173 | AB73: 1943935 | AC73: 1943935 | AD73: WINPAY | AE73: 0 | AF73: 0 | AG73: 0 | AH73: 46173 | AI73: On Hand | AK73: 0 | AL73: 0 | AM73: 0 | AN73: 0 | AO73: 08. Sumbaguteng | AP73: PEKANBARU | AQ73: 31 | AR73: 26-05 | AS73: 26-04 | AT73: ALDA | AU73: FALSE | AV73: =IF(AQ73<=DAY(TODAY()),1,0) -> 0 | AW73: =IF(AQ73=DAY(TODAY()),1,0) -> 0
A74: Kalimantan | B74: 1521 | C74: Banjarmasin | D74: BANJARMASIN - MBL | E74: 4W | F74: 1521220000067 | G74: KARSADI | H74: 44670 | I74: 46129 | J74: SUZUKI | K74: CARRY PU 1.5 | L74: 2022 | M74: 082152121645 | O74: JL.KARANG JAWA RT 004 /RW 000, BAROKAH, SIMPANG EMPAT, TANAH BUMBU, 72211 | P74: JL.KARANG JAWA RT 004 /RW 000, BAROKAH, SIMPANG EMPAT, TANAH BUMBU, 72211 | Q74: JL.KARANG JAWA RT 004 /RW 000, BAROKAH, SIMPANG EMPAT, TANAH BUMBU, 72211 | S74: 0 | T74: 1022083 | U74: 0 | V74: 1022083 | W74: 100000 | X74: 922083 | Y74: EXP | Z74: 0 | AA74: 46154 | AB74: 923000 | AC74: 923000 | AD74: WINPAY | AE74: 0 | AF74: 0 | AG74: 0 | AH74: 46154 | AI74: Release | AK74: 0 | AL74: 0 | AM74: 99083 | AN74: -917 | AO74: 05. Kalimantan | AP74: BANJARMASIN | AQ74: 12 | AR74: 26-05 | AS74: 26-04 | AT74: ALDA | AU74: FALSE | AV74: =IF(AQ74<=DAY(TODAY()),1,0) -> 0 | AW74: =IF(AQ74=DAY(TODAY()),1,0) -> 0
A75: Jabodetabekser | B75: 1501 | C75: Kedoya | D75: KEDOYA - MBL | E75: 4W | F75: 1501220000129 | G75: RUKISIH SE | H75: 44672 | I75: 46132 | J75: SUZUKI | K75: CARRY PU 1.5 | L75: 2022 | M75: 081384420598 | O75: GRIYA CIPEUCANG INDAH BLOK F 3/9 RT 023 /RW 010, CIPEUCANG, CILEUNGSI, BOGOR, 16820 | P75: GRIYA CIPEUCANG INDAH BLOK F 3/9 RT 023 /RW 010, CIPEUCANG, CILEUNGSI, BOGOR, 16820 | Q75: GRIYA CIPEUCANG INDAH BLOK F3 NO 009 RT 023 /RW 010, CIPEUCANG, CILEUNGSI, BOGOR, 16820 | S75: 0 | T75: 199531.25 | U75: 0 | V75: 199531.25 | W75: 0 | X75: 199531.25 | Y75: EXP | Z75: 0 | AA75: 46163 | AB75: 200000 | AC75: 200000 | AD75: BANK | AE75: 0 | AF75: 0 | AG75: 0 | AH75: 46163 | AI75: Release | AK75: 0 | AL75: 0 | AM75: -468.75 | AN75: -468.75 | AO75: 01. Jabodetabekser | AP75: KEDOYA | AQ75: 21 | AR75: 26-05 | AS75: 26-04 | AT75: ALDA | AU75: FALSE | AV75: =IF(AQ75<=DAY(TODAY()),1,0) -> 0 | AW75: =IF(AQ75=DAY(TODAY()),1,0) -> 0
A76: Jatim | B76: 1525 | C76: Kediri | D76: KEDIRI - MBL | E76: 4W | F76: 1525220000117 | G76: ARIF NURHUDA | H76: 44732 | I76: 46133 | J76: SUZUKI | K76: CARRY PU 1.5 | L76: 2022 | M76: 085856483890 | O76: LINGKUNGAN BENCE RT 028 /RW 005, PAKUNDEN, PESANTREN, KEDIRI, 64132 | P76: LINGKUNGAN BENCE RT 028 /RW 005, PAKUNDEN, PESANTREN, KEDIRI, 64132 | Q76: BENCE RT 000 /RW 000, PAKUNDEN, PESANTREN, KEDIRI, 64132 | S76: 0 | T76: 22060 | U76: 0 | V76: 22060 | W76: 0 | X76: 22060 | Y76: EXP | Z76: 0 | AA76: 46167 | AB76: 22060 | AC76: 22060 | AD76: WINPAY | AE76: 0 | AF76: 0 | AG76: 0 | AH76: 46168 | AI76: Release | AK76: 0 | AL76: 0 | AM76: 0 | AN76: 0 | AO76: 04. Jawa Timur | AP76: KEDIRI | AQ76: 25 | AR76: 26-05 | AS76: 26-04 | AT76: ALDA | AU76: FALSE | AV76: =IF(AQ76<=DAY(TODAY()),1,0) -> 0 | AW76: =IF(AQ76=DAY(TODAY()),1,0) -> 0
A77: Sumatera | B77: 1520 | C77: Pekan Baru | D77: PEKANBARU - MBL | E77: 4W | F77: 1520220000105 | G77: M RIZKI AZMI | H77: 44673 | I77: 46135 | J77: SUZUKI | K77: CARRY PU 1.5 | L77: 2022 | M77: 082288340536 | O77: JL PERWIRA (JL.TUANKU TAMBUSAI) RT 002 /RW 000, BAGAN BESAR, BUKIT KAPUR, DUMAI, 28882 | P77: JL.SOEKARNO HATTA RT 002 /RW 000, BUKIT KAYU KAPUR, BUKIT KAPUR, DUMAI, 28882 | Q77: JL.PERWIRA RT 002 /RW 000, BAGAN BESAR, BUKIT KAPUR, DUMAI, 28882 | S77: 0 | T77: 39790 | U77: 0 | V77: 39790 | W77: 40000 | X77: -210 | Y77: RRD | Z77: 0 | AA77: 46166 | AB77: 50000 | AC77: 50000 | AD77: WINPAY | AE77: 0 | AF77: 0 | AG77: 0 | AH77: 46135 | AI77: On Hand | AK77: 0 | AL77: 0 | AM77: -10210 | AN77: -50210 | AO77: 08. Sumbaguteng | AP77: PEKANBARU | AQ77: 24 | AR77: 26-05 | AS77: 26-04 | AT77: ALDA | AU77: FALSE | AV77: =IF(AQ77<=DAY(TODAY()),1,0) -> 0 | AW77: =IF(AQ77=DAY(TODAY()),1,0) -> 0
A78: Jabodetabekser | B78: 1507 | C78: Tangerang | D78: TANGERANG - MBL | E78: 4W | F78: 1507220000119 | G78: M SOPYAN | H78: 44651 | I78: 46139 | J78: SUZUKI | K78: XL7 | L78: 2022 | M78: 085213866123 | O78: JL. JAMBU RT 002 /RW 004, KEDAUNG, SAWANGAN, DEPOK, 16516 | P78: JL. JAMBU RT 002 /RW 004, KEDAUNG, SAWANGAN, DEPOK, 16516 | Q78: JL.JAMBU RT 002 /RW 004, KEDAUNG, SAWANGAN, DEPOK, 16516 | S78: 0 | T78: 1015900 | U78: 2012815 | V78: 3028715 | W78: 468940 | X78: 2559775 | Y78: EXP | Z78: 0 | AA78: 46146 | AB78: 2560000 | AC78: 2560000 | AD78: WINPAY | AE78: 0 | AF78: 0 | AG78: 0 | AH78: 46146 | AI78: Release | AK78: 0 | AL78: 0 | AM78: 468715 | AN78: -225 | AO78: 01. Jabodetabekser | AP78: TANGERANG | AQ78: 4 | AR78: 26-05 | AS78: 26-04 | AT78: ALDA | AU78: FALSE | AV78: =IF(AQ78<=DAY(TODAY()),1,0) -> 1 | AW78: =IF(AQ78=DAY(TODAY()),1,0) -> 0
A79: Sumatera | B79: 1523 | C79: Batam | D79: BATAM - MBL | E79: 4W | F79: 1523220000062 | G79: ABDUL AZIZ TRIO SAPUTRA | H79: 44734 | I79: 46140 | J79: SUZUKI | K79: CARRY PU 1.5 | L79: 2022 | M79: 082280094895 | O79: PERUM RICCI PIAYU BLOK J NO 2 RT 007 /RW 007, TANJUNG PIAYU, SEI/SUNGAI BEDUK, BATAM, 29437 | P79: KAV PANCUR PELABUHAN BLOK A NO 32 RT 001 /RW 005, TANJUNG PIAYU, SEI/SUNGAI BEDUK, BATAM, 29437 | Q79: RUKO KAV SEI DAUN BLOK D NO 86A RT 000 /RW 000, TANJUNG PIAYU, SEI/SUNGAI BEDUK, BATAM, 29437 | S79: 0 | T79: 897000 | U79: 0 | V79: 897000 | W79: 0 | X79: 897000 | Y79: EXP | Z79: 0 | AA79: 46146 | AB79: 897000 | AC79: 897000 | AD79: WINPAY | AE79: 0 | AF79: 0 | AG79: 0 | AH79: 46146 | AI79: Release | AK79: 0 | AL79: 0 | AM79: 0 | AN79: 0 | AO79: 08. Sumbaguteng | AP79: BATAM | AQ79: 4 | AR79: 26-05 | AS79: 26-04 | AT79: ALDA | AU79: FALSE | AV79: =IF(AQ79<=DAY(TODAY()),1,0) -> 1 | AW79: =IF(AQ79=DAY(TODAY()),1,0) -> 0
A80: Sulawesi | B80: 1514 | C80: Makassar | D80: MAKASSAR - MBL | E80: 4W | F80: 1514210000108 | G80: NURUL WAHYU | H80: 44314 | I80: 46141 | J80: SUZUKI | K80: CARRY PU 1.5 | L80: 2021 | M80: 085397396778 | O80: JL BONTO MANAI RT 001 /RW 004, BULUROKEN (BULUROKENG), BIRING KANAYA, MAKASSAR, 90243 | P80: JL BONTO MANAI RT 001 /RW 004, BULUROKEN (BULUROKENG), BIRING KANAYA, MAKASSAR, 90243 | Q80: JL BONTO MANAI RT 001 /RW 004, BULUROKENG, BIRINGKANAYA, MAKASSAR, 90243 | S80: 0 | T80: 5529700 | U80: 0 | V80: 5529700 | W80: 0 | X80: 5529700 | Y80: EXP | Z80: 0 | AA80: 46164 | AB80: 4423800 | AC80: 4423800 | AD80: WINPAY | AE80: 0 | AF80: 1105940 | AG80: 0 | AH80: 46167 | AI80: Release | AJ80: 1105940 | AK80: 0.2 | AL80: 0.2 | AM80: -25040 | AN80: -25040 | AO80: 06. Sulawesi | AP80: MAKASSAR | AQ80: 22 | AR80: 26-05 | AS80: 26-04 | AT80: ALDA | AU80: FALSE | AV80: =IF(AQ80<=DAY(TODAY()),1,0) -> 0 | AW80: =IF(AQ80=DAY(TODAY()),1,0) -> 0
A81: Jabodetabekser | B81: 1507 | C81: Tangerang | D81: TANGERANG - MBL | E81: 4W | F81: 1507220000185 | G81: TONO | H81: 44701 | I81: 46141 | J81: SUZUKI | K81: CARRY PU 1.5 | L81: 2022 | M81: 087808611662 | O81: KP DUKU PINANG RT 004 /RW 003, BOJONG NANGKA, KELAPA DUA, TANGERANG, 15810 | P81: KP DUKU PINANG RT 004 /RW 003, BOJONG NANGKA, KELAPA DUA, TANGERANG, 15810 | Q81: KP DUKU PINANG RT 004 /RW 003, BOJONG NANGKA, KELAPA DUA, TANGERANG, 15810 | S81: 0 | T81: 29280 | U81: 0 | V81: 29280 | W81: 20580 | X81: 8700 | Y81: EXP | Z81: 0 | AA81: 46146 | AB81: 11000 | AC81: 11000 | AD81: WINPAY | AE81: 0 | AF81: 0 | AG81: 0 | AH81: 46146 | AI81: Release | AK81: 0 | AL81: 0 | AM81: 18280 | AN81: -2300 | AO81: 01. Jabodetabekser | AP81: TANGERANG | AQ81: 4 | AR81: 26-05 | AS81: 26-04 | AT81: ALDA | AU81: FALSE | AV81: =IF(AQ81<=DAY(TODAY()),1,0) -> 1 | AW81: =IF(AQ81=DAY(TODAY()),1,0) -> 0
A82: Jabar | B82: 1505 | C82: Bandung | D82: BANDUNG - MBL | E82: 4W | F82: 1505210000298 | G82: SUGENG ANDREAS | H82: 44551 | I82: 46141 | J82: SUZUKI | K82: CARRY PU 1.5 | L82: 2021 | M82: 08122393762 | O82: JL KEADILAN II NO 37 RT 002 /RW 009, DARWATI, RANCASARI, BANDUNG, 40292 | P82: JL KEADILAN II NO 37 RT 002 /RW 009, DARWATI, RANCASARI, BANDUNG, 40292 | Q82: JL RAYA DERWATI RT 000 /RW 000, RANCASARI, PAMANUKAN, SUBANG, 41254 | S82: 0 | T82: 7473750 | U82: 13636188 | V82: 21109938 | W82: 30000 | X82: 21079938 | Y82: EXP | Z82: 0 | AA82: 46153 | AB82: 13722000 | AC82: 13722000 | AD82: BANK | AE82: 0 | AF82: 14775875 | AG82: -21109938 | AH82: 46154 | AI82: Release | AJ82: 7387937.5 | AK82: 0.35 | AL82: 0.35 | AM82: 0 | AN82: -30000 | AO82: 02. Jawa Barat | AP82: BANDUNG | AQ82: 11 | AR82: 26-05 | AS82: 26-04 | AT82: ALDA | AU82: FALSE | AV82: =IF(AQ82<=DAY(TODAY()),1,0) -> 0 | AW82: =IF(AQ82=DAY(TODAY()),1,0) -> 0
A83: Sumatera | B83: 1542 | C83: Jambi | D83: JAMBI - MBL | E83: 4W | F83: 1542220000078 | G83: SUNDARI CAHYATI | H83: 44651 | I83: 46142 | J83: SUZUKI | K83: CARRY PU 1.5 | L83: 2022 | M83: 082183663993 | N83: 081271433080 | O83: SENGETI RT.03 KEL.SENGETI KEC.SEKERNAN RT 03 /RW 00, SENGETI, SEKERNAN, MUARO JAMBI, 36381 | P83: SENGETI RT.03 KEL.SENGETI KEC.SEKERNAN RT 03 /RW 00, SENGETI, SEKERNAN, MUARO JAMBI, 36381 | Q83: SENGETI RT.03 KEL.SENGETI KEC.SEKERNAN RT 00 /RW 00, SENGETI, SEKERNAN, MUARO JAMBI, 36381 | S83: 0 | T83: 2105000 | U83: 0 | V83: 2105000 | W83: 0 | X83: 2105000 | Y83: EXP | Z83: 0 | AA83: 46161 | AB83: 2105000 | AC83: 2105000 | AD83: BANK | AE83: 0 | AF83: 0 | AG83: 0 | AH83: 46161 | AI83: Release | AK83: 0 | AL83: 0 | AM83: 0 | AN83: 0 | AO83: 07. Sumbagsel | AP83: JAMBI | AQ83: 19 | AR83: 26-05 | AS83: 26-04 | AT83: ALDA | AU83: FALSE | AV83: =IF(AQ83<=DAY(TODAY()),1,0) -> 0 | AW83: =IF(AQ83=DAY(TODAY()),1,0) -> 0
A84: Jatim | B84: 1519 | C84: Gresik | D84: GRESIK - MBL | E84: 4W | F84: 1519220000020 | G84: AHMAD HADI SAMPURNO | H84: 44607 | I84: 46142 | J84: SUZUKI | K84: CARRY PU 1.5 | L84: 2022 | M84: 089637718316 | O84: JL GOTONG ROYONG RT 003 /RW 008, BABAT, BABAT, LAMONGAN, 62271 | P84: BANYUTENGAH RT 002 /RW 001, BANYUTENGAH, PANCENG, GRESIK, 61156 | Q84: JL GOTONG ROYONG RT 003 /RW 008, BABAT, BABAT, LAMONGAN, 62271 | S84: 0 | T84: 1584250 | U84: 7186865 | V84: 8771115 | W84: 310300 | X84: 8460815 | Y84: EXP | Z84: 0 | AA84: 46154 | AB84: 7018000 | AC84: 7018000 | AD84: WINPAY | AE84: 0 | AF84: 1442815 | AG84: 0 | AH84: 46155 | AI84: Release | AJ84: 1442815 | AK84: 0.16 | AL84: 0.17 | AM84: 310300 | AN84: 0 | AO84: 04. Jawa Timur | AP84: GRESIK | AQ84: 12 | AR84: 26-05 | AS84: 26-04 | AT84: ALDA | AU84: FALSE | AV84: =IF(AQ84<=DAY(TODAY()),1,0) -> 0 | AW84: =IF(AQ84=DAY(TODAY()),1,0) -> 0
A85: Jabodetabekser | B85: 1056 | C85: Serang | D85: SERANG | E85: 2W | F85: 1056090001881 | G85: HADIKUSUMO | H85: 40169 | I85: 41106 | J85: SUZUKI | K85: SKYWAVE | L85: 2009 | M85: 087771174271 | O85: JL.KRAMAT EKA I NO 09/C RT 1 /RW 5, KRAMATWATU, KRAMATWATU, SERANG, 42161 | P85: JL.KRAMAT EKA I NO 09/C RT 1 /RW 5, KRAMATWATU, KRAMATWATU, SERANG, 42161 | S85: 0 | T85: 4266600 | U85: 0 | V85: 4266600 | W85: 6007 | X85: 4260593 | Y85: EXP | Z85: 0 | AA85: 46155 | AB85: 1000000 | AC85: 1000000 | AD85: WINPAY | AE85: 0 | AF85: 3260793 | AG85: 0 | AH85: 46157 | AI85: Release | AJ85: 3260793 | AK85: 0.76 | AL85: 0.77 | AM85: 5807 | AN85: -200 | AO85: 01. Jabodetabekser | AP85: SERANG | AQ85: 13 | AR85: 26-05 | AS85: 12-07 | AT85: ALDA | AU85: FALSE | AV85: =IF(AQ85<=DAY(TODAY()),1,0) -> 0 | AW85: =IF(AQ85=DAY(TODAY()),1,0) -> 0
A86: Jateng | B86: 1014 | C86: Solo | D86: SOLO | E86: 2W | F86: 1014160003095 | G86: SUKIRAN | H86: 42671 | I86: 43217 | J86: HONDA | K86: VARIO | L86: 2012 | M86: 087836478428 | O86: DUSUN WONOREJO RT 02 /RW 010, WONOREJO, JATIYOSO, KARANGANYAR, 57785 | P86: DUSUN WONOREJO RT 02 /RW 010, WONOREJO, JATIYOSO, KARANGANYAR, 57785 | Q86: WONOREJO JATIYOSO KARANGANYAR RT 0 /RW 0, WONOREJO, JATIYOSO, KARANGANYAR, 57785 | S86: 0 | T86: 57600 | U86: 0 | V86: 57600 | W86: 0 | X86: 57600 | Y86: RRD | Z86: 0 | AA86: 46171 | AB86: 57600 | AC86: 57600 | AD86: WINPAY | AE86: 0 | AF86: 0 | AG86: 0 | AH86: 46171 | AI86: On Hand | AK86: 0 | AL86: 0 | AM86: 0 | AN86: 0 | AO86: 03. Jawa Tengah | AP86: SOLO | AQ86: 29 | AR86: 26-05 | AS86: 18-04 | AT86: ALDA | AU86: FALSE | AV86: =IF(AQ86<=DAY(TODAY()),1,0) -> 0 | AW86: =IF(AQ86=DAY(TODAY()),1,0) -> 0
A87: Jateng | B87: 1031 | C87: Tegal | D87: PEKALONGAN | E87: 2W | F87: 1031160000456 | G87: FARIKHIN | H87: 42504 | I87: 43669 | J87: SUZUKI | K87: ADDRESS | L87: 2016 | M87: 081548093143 | O87: JL GATOT SUBROTO GG 27 NO 286 RT 2 /RW 2, DEBONG KULON, TEGAL SELATAN, TEGAL, 52133 | P87: JL GATOT SUBROTO GG 27 NO 286 RT 2 /RW 2, DEBONG KULON, TEGAL SELATAN, TEGAL, 52133 | S87: 0 | T87: 3466551.4 | U87: 0 | V87: 3466551.4 | W87: 0 | X87: 3466551.4 | Y87: ICP | Z87: 2966551.4 | AA87: 46171 | AB87: 100000 | AC87: 100000 | AD87: WINPAY | AE87: 0 | AF87: 0 | AG87: -200000 | AI87: On Hand | AK87: 0 | AL87: 0 | AM87: 2956551.4 | AN87: 2956551.4 | AO87: 03. Jawa Tengah | AP87: TEGAL | AQ87: 29 | AR87: 26-05 | AS87: 19-07 | AT87: ALDA | AU87: FALSE | AV87: =IF(AQ87<=DAY(TODAY()),1,0) -> 0 | AW87: =IF(AQ87=DAY(TODAY()),1,0) -> 0
A88: Jateng | B88: 1044 | C88: Kudus | D88: KUDUS | E88: 2W | F88: 1044180000199 | G88: SUGENG MULYADI | H88: 43182 | I88: 44493 | J88: YAMAHA | K88: MIO | L88: 2014 | M88: 0895383063068 | N88: 085641053211 | O88: KAUMAN RT 4 /RW 9, JEKULO, JEKULO, KUDUS, 59382 | P88: KAUMAN RT 4 /RW 9, JEKULO, JEKULO, KUDUS, 59382 | Q88: BARENG RT 0 /RW 0, JEKULO, JEKULO, KUDUS, 59382 | S88: 0 | T88: 123035 | U88: 160000 | V88: 283035 | W88: 250 | X88: 282785 | Y88: EXP | Z88: 0 | AA88: 46167 | AB88: 283000 | AC88: 283000 | AD88: WINPAY | AE88: 0 | AF88: 0 | AG88: 0 | AH88: 46168 | AI88: Release | AK88: 0 | AL88: 0 | AM88: 35 | AN88: -215 | AO88: 03. Jawa Tengah | AP88: KUDUS | AQ88: 25 | AR88: 26-05 | AS88: 21-10 | AT88: ALDA | AU88: FALSE | AV88: =IF(AQ88<=DAY(TODAY()),1,0) -> 0 | AW88: =IF(AQ88=DAY(TODAY()),1,0) -> 0
A89: Sulawesi | B89: 1068 | C89: Pare Pare | D89: PAREPARE | E89: 2W | F89: 1068190000075 | G89: NURSAMANG | H89: 43571 | I89: 44643 | J89: SUZUKI | K89: NEX | L89: 2019 | M89: 082345383317 | O89: BTN AMPI BLOK A3 NO 14 RT 000 /RW 000, KAREMA, MAMUJU, MAMUJU, 91515 | P89: BTN AMPI BLOK A3 NO 14 RT 000 /RW 000, KAREMA, MAMUJU, MAMUJU, 91515 | Q89: MAMUJU RT 000 /RW 000, KAREMA, MAMUJU, MAMUJU, 91515 | S89: 0 | T89: 53070 | U89: 0 | V89: 53070 | W89: 0 | X89: 53070 | Y89: EXP | Z89: 0 | AA89: 46147 | AB89: 53070 | AC89: 53070 | AD89: WINPAY | AE89: 0 | AF89: 0 | AG89: 0 | AH89: 46147 | AI89: Release | AK89: 0 | AL89: 0 | AM89: 0 | AN89: 0 | AO89: 06. Sulawesi | AP89: MAKASSAR | AQ89: 5 | AR89: 26-05 | AS89: 22-03 | AT89: ALDA | AU89: FALSE | AV89: =IF(AQ89<=DAY(TODAY()),1,0) -> 1 | AW89: =IF(AQ89=DAY(TODAY()),1,0) -> 1
A90: Jatim | B90: 1009 | C90: Kediri | D90: MADIUN | E90: 2W | F90: 1009200000272 | G90: RIDI | H90: 43944 | I90: 44673 | J90: HONDA | K90: CB | L90: 2015 | M90: 081218554796 | O90: KARANG ANYAR RT 003 /RW 003, REJUNO, KARANGJATI, NGAWI, 63284 | P90: KARANG ANYAR RT 003 /RW 003, REJUNO, KARANGJATI, NGAWI, 63284 | Q90: KARANG ANYAR RT 003 /RW 003, REJUNO, KARANGJATI, NGAWI, 63284 | S90: 0 | T90: 0 | U90: 10000 | V90: 10000 | W90: 0 | X90: 10000 | Y90: EXP | Z90: 0 | AA90: 46162 | AB90: 10000 | AC90: 10000 | AD90: WINPAY | AE90: 0 | AF90: 0 | AG90: 0 | AH90: 46162 | AI90: Release | AK90: 0 | AL90: 0 | AM90: 0 | AN90: 0 | AO90: 04. Jawa Timur | AP90: KEDIRI | AQ90: 20 | AR90: 26-05 | AS90: 22-04 | AT90: ALDA | AU90: FALSE | AV90: =IF(AQ90<=DAY(TODAY()),1,0) -> 0 | AW90: =IF(AQ90=DAY(TODAY()),1,0) -> 0
A91: Jatim | B91: 1017 | C91: Malang | D91: MALANG | E91: 2W | F91: 1017180001707 | G91: TUTUN SUSANTO | H91: 43423 | I91: 44839 | J91: HONDA | K91: VARIO | L91: 2015 | M91: 081331691492 | O91: JL KOL SUGIONO IX RT 01 /RW 01, MERGOSONO, KEDUNGKANDANG, MALANG, 65134 | P91: JL KOL SUGIONO IX RT 01 /RW 01, MERGOSONO, KEDUNGKANDANG, MALANG, 65134 | Q91: JL HAMID RUSDI RT 0 /RW 0, BUNULREJO, BLIMBING, MALANG, 65123 | S91: 0 | T91: 1694160 | U91: 0 | V91: 1694160 | W91: 1681.92 | X91: 1692478.1 | Y91: EXP | Z91: 0 | AA91: 46167 | AB91: 1692500 | AC91: 1692500 | AD91: BANK | AE91: 0 | AF91: 0 | AG91: 0 | AH91: 46167 | AI91: Release | AK91: 0 | AL91: 0 | AM91: 1660 | AN91: -21.92 | AO91: 04. Jawa Timur | AP91: MALANG | AQ91: 25 | AR91: 26-05 | AS91: 22-10 | AT91: ALDA | AU91: FALSE | AV91: =IF(AQ91<=DAY(TODAY()),1,0) -> 0 | AW91: =IF(AQ91=DAY(TODAY()),1,0) -> 0
A92: Jabar | B92: 1059 | C92: Bandung | D92: BANDUNG 2 | E92: 2W | F92: 1059200000134 | G92: SUBARNO | H92: 43964 | I92: 45043 | J92: SUZUKI | K92: GSX | L92: 2018 | M92: 081221229445 | O92: JL PASIR LEUTIK RT 03 /RW 04, PADASUKA, CIMEUNYAN, BANDUNG, 40191 | P92: JL PASIR LEUTIK RT 02 /RW 04, PADASUKA, CIMEUNYAN, BANDUNG, 40191 | Q92: JL DIPONEGORO NO 27 RT 0 /RW 0, CITARUM, BANDUNG WETAN, BANDUNG, 40115 | S92: 0 | T92: 1693895 | U92: 0 | V92: 1693895 | W92: 0 | X92: 1693895 | Y92: RRD | Z92: 0 | AA92: 46171 | AB92: 1355116 | AC92: 1355116 | AD92: WINPAY | AE92: 0 | AF92: 338779 | AG92: 0 | AH92: 46171 | AI92: On Hand | AJ92: 338779 | AK92: 0.2 | AL92: 0.2 | AM92: 0 | AN92: 0 | AO92: 02. Jawa Barat | AP92: BANDUNG | AQ92: 29 | AR92: 26-05 | AS92: 23-04 | AT92: ALDA | AU92: FALSE | AV92: =IF(AQ92<=DAY(TODAY()),1,0) -> 0 | AW92: =IF(AQ92=DAY(TODAY()),1,0) -> 0
A93: Kalimantan | B93: 1004 | C93: Samarinda | D93: SAMARINDA | E93: 2W | F93: 1004210000393 | G93: JAUHAR | H93: 44385 | I93: 45138 | J93: YAMAHA | K93: NMAX | L93: 2019 | M93: 081254606780 | N93: 082245327068 | O93: JL. DWIKORA GG RCTI 2 RT 022 /RW 000, SIMPANG PASIR, PALARAN, SAMARINDA, 75243 | P93: JL. DWIKORA RT 022 /RW 000, SIMPANG PASIR, PALARAN, SAMARINDA, 75243 | Q93: JL DAMANHURI 2 GG BHINEKA 3 NO 100 RT 000 /RW 000, MUGIREJO, SAMARINDA UTARA, SAMARINDA, 75119 | S93: 0 | T93: 3988320 | U93: 0 | V93: 3988320 | W93: 0 | X93: 3988320 | Y93: EXP | Z93: 0 | AA93: 46170 | AB93: 3200000 | AC93: 3200000 | AD93: WINPAY | AE93: 0 | AF93: 788320 | AG93: 0 | AH93: 46170 | AI93: Release | AJ93: 788320 | AK93: 0.2 | AL93: 0.2 | AM93: 0 | AN93: 0 | AO93: 05. Kalimantan | AP93: SAMARINDA | AQ93: 28 | AR93: 26-05 | AS93: 23-07 | AT93: ALDA | AU93: FALSE | AV93: =IF(AQ93<=DAY(TODAY()),1,0) -> 0 | AW93: =IF(AQ93=DAY(TODAY()),1,0) -> 0
A94: Jatim | B94: 1017 | C94: Malang | D94: MALANG | E94: 2W | F94: 1017200001244 | G94: TOMMY WIRDIAN MAULANA ALFIRDAUS | H94: 44061 | I94: 45167 | J94: HONDA | K94: VARIO | L94: 2017 | M94: 081239171269 | O94: JL. RA KARTINI RT 002 /RW 004, TANGGUNG, TUREN, MALANG, 65175 | P94: JL. RA KARTINI RT 002 /RW 004, TANGGUNG, TUREN, MALANG, 65175 | Q94: MARGOMULYO RT 00 /RW 00, KEPUTIH, SUKOLILO, SURABAYA, 60111 | S94: 0 | T94: 721000 | U94: 0 | V94: 721000 | W94: 0 | X94: 721000 | Y94: EXP | Z94: 0 | AA94: 46150 | AB94: 577000 | AC94: 577000 | AD94: BANK | AE94: 0 | AF94: 144000 | AG94: 0 | AH94: 46150 | AI94: Release | AJ94: 144000 | AK94: 0.2 | AL94: 0.2 | AM94: 0 | AN94: 0 | AO94: 04. Jawa Timur | AP94: MALANG | AQ94: 8 | AR94: 26-05 | AS94: 23-08 | AT94: ALDA | AU94: FALSE | AV94: =IF(AQ94<=DAY(TODAY()),1,0) -> 0 | AW94: =IF(AQ94=DAY(TODAY()),1,0) -> 0
A95: Jateng | B95: 1015 | C95: Semarang | D95: SEMARANG | E95: 2W | F95: 1015200000065 | G95: AHMAD PANJI FAEZAL | H95: 43846 | I95: 45167 | J95: SUZUKI | K95: GSX | L95: 2018 | M95: 0888212943299 | N95: 082223315149 | O95: SEROTO RT 05 /RW 02, KEBONDALEM, JAMBU, SEMARANG, 50663 | P95: SEROTO RT 05 /RW 02, KEBONDALEM, JAMBU, SEMARANG, 50663 | Q95: OPPO PLAZA SIMPANG LIMA RT 000 /RW 000, PEKUNDEN, SEMARANG TENGAH, SEMARANG, 50241 | S95: 0 | T95: 8371460 | U95: 270000 | V95: 8641460 | W95: 8917.5 | X95: 8632542.5 | Y95: EXP | Z95: 0 | AA95: 46149 | AB95: 6131000 | AC95: 6131000 | AD95: BANK | AE95: 0 | AF95: 2510460 | AG95: -6131000 | AH95: 46150 | AI95: Release | AJ95: 2510460 | AK95: 0.29 | AL95: 0.29 | AM95: 0 | AN95: -8917.5 | AO95: 03. Jawa Tengah | AP95: SEMARANG | AQ95: 7 | AR95: 26-05 | AS95: 23-08 | AT95: ALDA | AU95: FALSE | AV95: =IF(AQ95<=DAY(TODAY()),1,0) -> 0 | AW95: =IF(AQ95=DAY(TODAY()),1,0) -> 0
A96: Sumatera | B96: 1025 | C96: Palembang | D96: PALEMBANG | E96: 2W | F96: 1025220000025 | G96: DIKI WAHYUDI | H96: 44607 | I96: 45174 | J96: HONDA | K96: BEAT | L96: 2019 | M96: 089629072409 | O96: JL GURU HARUN LR PERMAI 3 NO 121 RT 02 /RW 01, TANAH MAS, TALANG KELAPA, BANYUASIN, 30961 | P96: JL GURU HARUN LR PERMAI 3 NO 121 RT 002 /RW 001, TANAH MAS, TALANG KELAPA, BANYUASIN, 30961 | Q96: JL KH AZHARI RT 045 /RW 012, KENTEN, TALANG KELAPA, BANYUASIN, 30761 | S96: 0 | T96: 2651400 | U96: 0 | V96: 2651400 | W96: 0 | X96: 2651400 | Y96: EXP | Z96: 0 | AA96: 46146 | AB96: 2122000 | AC96: 2122000 | AD96: BANK | AE96: 0 | AF96: 529400 | AG96: 0 | AH96: 46146 | AI96: Release | AJ96: 529400 | AK96: 0.2 | AL96: 0.2 | AM96: 0 | AN96: 0 | AO96: 07. Sumbagsel | AP96: PALEMBANG | AQ96: 4 | AR96: 26-05 | AS96: 23-09 | AT96: ALDA | AU96: FALSE | AV96: =IF(AQ96<=DAY(TODAY()),1,0) -> 1 | AW96: =IF(AQ96=DAY(TODAY()),1,0) -> 0
A97: Jatim | B97: 1038 | C97: Surabaya | D97: BANYUWANGI | E97: 2W | F97: 1038200000060 | G97: JAENUL FARID | H97: 43851 | I97: 45218 | J97: HONDA | K97: VARIO | L97: 2015 | M97: 081245813279 | N97: 081249127410 | O97: DUSUN GLONDONG RT 003 /RW 003, WATUKEBO, BLIMBINGSARI, BANYUWANGI, 68453 | P97: DUSUN GLONDONG RT 003 /RW 003, WATUKEBO, BLIMBINGSARI, BANYUWANGI, 68453 | Q97: WIJENAN KIDUL RT 000 /RW 000, SINGOJURUH, SINGOJURUH, BANYUWANGI, 68464 | S97: 0 | T97: 4915845 | U97: 0 | V97: 4915845 | W97: 0 | X97: 4915845 | Y97: EXP | Z97: 0 | AA97: 46157 | AB97: 1500000 | AC97: 1500000 | AD97: BANK | AE97: 0 | AF97: 3415845 | AG97: 0 | AH97: 46157 | AI97: Release | AJ97: 3415845 | AK97: 0.69 | AL97: 0.69 | AM97: 0 | AN97: 0 | AO97: 04. Jawa Timur | AP97: SURABAYA | AQ97: 15 | AR97: 26-05 | AS97: 23-10 | AT97: ALDA | AU97: FALSE | AV97: =IF(AQ97<=DAY(TODAY()),1,0) -> 0 | AW97: =IF(AQ97=DAY(TODAY()),1,0) -> 0
A98: Jatim | B98: 1016 | C98: Surabaya | D98: SURABAYA | E98: 2W | F98: 1016220000606 | G98: AZIS SULAIMAN | H98: 44798 | I98: 45534 | J98: SUZUKI | K98: GSX | L98: 2017 | M98: 082297774215 | N98: 082331953532 | O98: AMIR MACHMUD GG 1 NO 1 RT 008 /RW 001, GUNUNG ANYAR, GUNUNGANYAR, SURABAYA, 60294 | P98: RUNGKUT KIDUL 3 GG KAUMAN NO 26 RT 001 /RW 003, RUNGKUT KIDUL, RUNGKUT, SURABAYA, 60293 | Q98: SARONO JIWA 1 NO 2 PRAPEN RT 0 /RW 0, PRAPEN, TENGGILIS MEJOYO, SURABAYA, 60299 | S98: 0 | T98: 47450 | U98: 0 | V98: 47450 | W98: 0 | X98: 47450 | Y98: EXP | Z98: 0 | AA98: 46150 | AB98: 47500 | AC98: 47500 | AD98: WINPAY | AE98: 0 | AF98: 0 | AG98: 0 | AH98: 46153 | AI98: Release | AK98: 0 | AL98: 0 | AM98: -50 | AN98: -50 | AO98: 04. Jawa Timur | AP98: SURABAYA | AQ98: 8 | AR98: 26-05 | AS98: 24-08 | AT98: ALDA | AU98: FALSE | AV98: =IF(AQ98<=DAY(TODAY()),1,0) -> 0 | AW98: =IF(AQ98=DAY(TODAY()),1,0) -> 0
A99: Jatim | B99: 1007 | C99: Kediri | D99: KEDIRI | E99: 2W | F99: 1007210001240 | G99: THOHA MAHSUN | H99: 44490 | I99: 45570 | J99: HONDA | K99: BEAT | L99: 2016 | M99: 082307116059 | O99: DSN NGADIREJO RT 001 /RW 005, GENENGAN, DOKO, BLITAR, 66186 | P99: DSN NGADIREJO RT 001 /RW 005, GENENGAN, DOKO, BLITAR, 66186 | Q99: DSN NGADIREJO RT 000 /RW 000, GENENGAN, DOKO, BLITAR, 66186 | S99: 0 | T99: 36200 | U99: 100000 | V99: 136200 | W99: 0 | X99: 136200 | Y99: ICP | Z99: 100000 | AA99: 46165 | AB99: 36200 | AC99: 36200 | AD99: WINPAY | AE99: 0 | AF99: 0 | AG99: 0 | AI99: On Hand | AK99: 0 | AL99: 0 | AM99: 100000 | AN99: 100000 | AO99: 04. Jawa Timur | AP99: KEDIRI | AQ99: 23 | AR99: 26-05 | AS99: 24-10 | AT99: ALDA | AU99: FALSE | AV99: =IF(AQ99<=DAY(TODAY()),1,0) -> 0 | AW99: =IF(AQ99=DAY(TODAY()),1,0) -> 0
A100: Jatim | B100: 1017 | C100: Malang | D100: MALANG | E100: 2W | F100: 1017210001234 | G100: MUHAMMAD FAUZI TRIMUDITYO | H100: 44520 | I100: 45637 | J100: YAMAHA | K100: N-MAX | L100: 2018 | M100: 0817746958 | O100: PERUM PRATAMA BLOK C1- 06 RT 001 /RW 001, GIRIMOYO, KARANGPLOSO, MALANG, 65152 | P100: PERUM PRATAMA BLOK C1- 06 RT 001 /RW 001, GIRIMOYO, KARANGPLOSO, MALANG, 65152 | Q100: PERUM PRATAMA BLOK C GIRIMOYO KARANGPLOSO RT 000 /RW 000, GIRIMOYO, KARANGPLOSO, MALANG, 65152 | S100: 0 | T100: 1153400 | U100: 0 | V100: 1153400 | W100: 0 | X100: 1153400 | Y100: EXP | Z100: 0 | AA100: 46167 | AB100: 1154000 | AC100: 1154000 | AD100: BANK | AE100: 0 | AF100: 0 | AG100: 0 | AH100: 46167 | AI100: Release | AK100: 0 | AL100: 0 | AM100: -600 | AN100: -600 | AO100: 04. Jawa Timur | AP100: MALANG | AQ100: 25 | AR100: 26-05 | AS100: 24-12 | AT100: ALDA | AU100: FALSE | AV100: =IF(AQ100<=DAY(TODAY()),1,0) -> 0 | AW100: =IF(AQ100=DAY(TODAY()),1,0) -> 0
...

Sheet DB
A1: AREA | B1: BRANCHID | C1: CABANG_MERGER | D1: CABANG | E1: BUSINESS_UNIT | F1: NOMOR_KONTRAK | G1: NAMA_DEBITUR | H1: GO_LIVE_DATE | I1: TANGGAL_BAYAR_ANGS_TERAKHIR | J1: MERK_KENDARAAN | K1: TYPE_KENDARAAN | L1: TAHUN_KENDARAAN | M1: NO_HP_1 | N1: NO_HP_2 | O1: RESIDENCE_ADDRESS | P1: LEGAL_ADDRESS | Q1: JOB_ADDRESS | R1: EMERGENCY_ADDRESS | S1: OS_PRINCIPAL_AMT | T1: OS_LC_INST_AMT | U1: OS_CHARGE_RCV_AMT | V1: TOTAL_AMOUNT_TO_BE_PAID_1 | W1: PREPAID | X1: TOTAL_KEWAJIBAN | Y1: CONTRACT_STAT | Z1: TOTAL_AMOUNT_TO_BE_PAID_2 | AA1: TGL_PEMBAYARAN | AB1: AMOUNT_PEMBAYARAN_1 | AC1: AMOUNT_PEMBAYARAN | AD1: WOP | AE1: AMOUNT_WOP | AF1: WAIVE_AMOUNT_1 | AG1: REVERSAL | AH1: TGL_RRD | AI1: STATUS_BPKB | AJ1: WAIVE_AMOUNT_2 | AK1: WAIVE_PCTG_MIN_TOTAL_AMOUNT_TO_BE_PAID | AL1: WAIVE_PCTG_MIN_TOTAL_KEWAJIBAN | AM1: VERIFIKASI_MIN_TOTAL_AMOUNT_TO_BE_PAID | AN1: VERIFIKASI_MIN_TOTAL_KEWAJIBAN | AO1: New Area | AP1: New Cabang | AQ1: Tgl ( TGL_PEMBAYARAN ) | AR1: Periode ( TGL_PEMBAYARAN ) | AS1: Periode ( TANGGAL_BAYAR_ANGS_TERAKHIR ) | AT1: Flag Alda / Aktif | AU1: Cek Alda / Aktif | AV1: Unit Pakai
A2: Jabodetabekser | B2: 1506 | C2: Bekasi | D2: BEKASI - MBL | E2: 4W | F2: 1506220000166 | G2: AGUS ERLAN HUTABARAT | H2: 44721 | I2: 46174 | J2: SUZUKI | K2: CARRY PU 1.5 | L2: 2022 | M2: 081315423489 | O2: PERUMAHAN CITRA INDAH CLUSTER BUKIT CENDANA RT 000 /RW 000, SUKAMAJU, JONGGOL, BOGOR, 16830 | P2: JL MANUNGGAL II RT 012 /RW 002, PETUKANGAN SELATAN, PESANGGRAHAN, JAKARTA SELATAN, 12270 | Q2: PERUM CITRA INDAH CITY BUKIT BOUGENVILE LUAR AI 00 NO 18 RT 001 /RW 008, SINGAJAYA, JONGGOL, BOGOR, 16830 | S2: 0 | T2: 341630.5 | U2: 0 | V2: 341630.5 | W2: 0 | X2: 341630.5 | Y2: LIV | Z2: 341630.5 | AA2: 46176 | AB2: 341631 | AC2: 0 | AD2: WINPAY | AE2: 0 | AF2: 0 | AG2: 0 | AI2: On Hand | AK2: 0 | AL2: 0 | AM2: -0.5 | AN2: -0.5 | AO2: =VLOOKUP(hcp[[#This Row],[BRANCHID]],'New KC'!$A:$K,8,0) -> 01. Jabodetabekser | AP2: =VLOOKUP(hcp[[#This Row],[BRANCHID]],'New KC'!$A:$K,9,0) -> BEKASI | AQ2: =DAY(hcp[[#This Row],[TGL_PEMBAYARAN]]) -> 3 | AR2: =TEXT(hcp[[#This Row],[TGL_PEMBAYARAN]],"YY-MM") -> 26-06 | AS2: =TEXT(hcp[[#This Row],[TANGGAL_BAYAR_ANGS_TERAKHIR]],"YY-MM") -> 26-06 | AT2: =IF(hcp[[#This Row],[Periode ( TANGGAL_BAYAR_ANGS_TERAKHIR )]]=hcp[[#This Row],[Periode ( TGL_PEMBAYARAN )]],"AKTIF","ALDA") -> AKTIF | AU2: =hcp[[#This Row],[Periode ( TANGGAL_BAYAR_ANGS_TERAKHIR )]]=hcp[[#This Row],[Periode ( TGL_PEMBAYARAN )]] -> TRUE | AV2: =IF(hcp[[#This Row],[Tgl ( TGL_PEMBAYARAN )]]=DAY(TODAY()),1,0) -> 0
A3: Jateng | B3: 1510 | C3: Semarang | D3: SEMARANG - MBL | E3: 4W | F3: 1510220000132 | G3: NANDA SATRIA AGUST PANGESTU | H3: 44709 | I3: 46175 | J3: SUZUKI | K3: CARRY PU 1.5 | L3: 2022 | M3: 081904487819 | N3: 089670355537 | O3: KALISEGORO RT 004 /RW 001, KALISEGORO, GUNUNGPATI, SEMARANG, 50229 | P3: KALISEGORO RT 004 /RW 001, KALISEGORO, GUNUNGPATI, SEMARANG, 50229 | Q3: PASAR BANDARJO UNGARAN RT 000 /RW 000, BANDARJO, UNGARAN BARAT, SEMARANG, 50517 | S3: 0 | T3: 0 | U3: 2270000 | V3: 2270000 | W3: 1661000 | X3: 609000 | Y3: RRD | Z3: 0 | AA3: 46176 | AB3: 609000 | AC3: 0 | AD3: WINPAY | AE3: 0 | AF3: 0 | AG3: 0 | AH3: 46176 | AI3: On Hand | AK3: 0 | AL3: 0 | AM3: 1661000 | AN3: 0 | AO3: =VLOOKUP(hcp[[#This Row],[BRANCHID]],'New KC'!$A:$K,8,0) -> 03. Jawa Tengah | AP3: =VLOOKUP(hcp[[#This Row],[BRANCHID]],'New KC'!$A:$K,9,0) -> SEMARANG | AQ3: =DAY(hcp[[#This Row],[TGL_PEMBAYARAN]]) -> 3 | AR3: =TEXT(hcp[[#This Row],[TGL_PEMBAYARAN]],"YY-MM") -> 26-06 | AS3: =TEXT(hcp[[#This Row],[TANGGAL_BAYAR_ANGS_TERAKHIR]],"YY-MM") -> 26-06 | AT3: =IF(hcp[[#This Row],[Periode ( TANGGAL_BAYAR_ANGS_TERAKHIR )]]=hcp[[#This Row],[Periode ( TGL_PEMBAYARAN )]],"AKTIF","ALDA") -> AKTIF | AU3: =hcp[[#This Row],[Periode ( TANGGAL_BAYAR_ANGS_TERAKHIR )]]=hcp[[#This Row],[Periode ( TGL_PEMBAYARAN )]] -> TRUE | AV3: =IF(hcp[[#This Row],[Tgl ( TGL_PEMBAYARAN )]]=DAY(TODAY()),1,0) -> 0
A4: Jatim | B4: 1504 | C4: Surabaya | D4: SURABAYA - MBL | E4: 4W | F4: 1504200000317 | G4: OCTA | H4: 44033 | I4: 45492 | J4: SUZUKI | K4: CARRY PU 1.5 | L4: 2020 | M4: 081336646857 | O4: DUSUN KRAJAN WETAN RT 001 /RW 003, WONOSOBO, SRONO, BANYUWANGI, 68471 | P4: DUSUN KRAJAN WETAN RT 001 /RW 003, WONOSOBO, SRONO, BANYUWANGI, 68471 | Q4: DUSUN KRAJAN WETAN RT 001 /RW 003, WONOSOBO, SRONO, BANYUWANGI, 68471 | S4: 0 | T4: 709200 | U4: 0 | V4: 709200 | W4: 0 | X4: 709200 | Y4: RRD | Z4: 0 | AA4: 46176 | AB4: 709200 | AC4: 709200 | AD4: BANK | AE4: 0 | AF4: 0 | AG4: 0 | AH4: 46176 | AI4: On Hand | AK4: 0 | AL4: 0 | AM4: 0 | AN4: 0 | AO4: =VLOOKUP(hcp[[#This Row],[BRANCHID]],'New KC'!$A:$K,8,0) -> 04. Jawa Timur | AP4: =VLOOKUP(hcp[[#This Row],[BRANCHID]],'New KC'!$A:$K,9,0) -> SURABAYA | AQ4: =DAY(hcp[[#This Row],[TGL_PEMBAYARAN]]) -> 3 | AR4: =TEXT(hcp[[#This Row],[TGL_PEMBAYARAN]],"YY-MM") -> 26-06 | AS4: =TEXT(hcp[[#This Row],[TANGGAL_BAYAR_ANGS_TERAKHIR]],"YY-MM") -> 24-07 | AT4: =IF(hcp[[#This Row],[Periode ( TANGGAL_BAYAR_ANGS_TERAKHIR )]]=hcp[[#This Row],[Periode ( TGL_PEMBAYARAN )]],"AKTIF","ALDA") -> ALDA | AU4: =hcp[[#This Row],[Periode ( TANGGAL_BAYAR_ANGS_TERAKHIR )]]=hcp[[#This Row],[Periode ( TGL_PEMBAYARAN )]] -> FALSE | AV4: =IF(hcp[[#This Row],[Tgl ( TGL_PEMBAYARAN )]]=DAY(TODAY()),1,0) -> 0
A5: Kalimantan | B5: 1521 | C5: Banjarmasin | D5: BANJARMASIN - MBL | E5: 4W | F5: 1521220000128 | G5: CV NAGRI KANAKA FIRDAUS | H5: 44740 | I5: 46143 | J5: SUZUKI | K5: CARRY PU 1.5 | L5: 2022 | O5: PERUMAHAN LISTRIK 2 NO. 34 RT 005 /RW 004, GUNTUNG PAIKAT, BANJAR BARU SELATAN, BANJARBARU, 70713 | P5: PERUMAHAN LISTRIK 2 NO. 34 RT 005 /RW 004, GUNTUNG PAIKAT, BANJAR BARU SELATAN, BANJARBARU, 70713 | S5: 0 | T5: 100490 | U5: 1410426 | V5: 1510916 | W5: 0 | X5: 1510916 | Y5: ICP | Z5: 100490 | AA5: 46176 | AB5: 1510916 | AC5: 1510916 | AD5: WINPAY | AE5: 0 | AF5: 0 | AG5: 0 | AI5: On Hand | AK5: 0 | AL5: 0 | AM5: 0 | AN5: 0 | AO5: =VLOOKUP(hcp[[#This Row],[BRANCHID]],'New KC'!$A:$K,8,0) -> 05. Kalimantan | AP5: =VLOOKUP(hcp[[#This Row],[BRANCHID]],'New KC'!$A:$K,9,0) -> BANJARMASIN | AQ5: =DAY(hcp[[#This Row],[TGL_PEMBAYARAN]]) -> 3 | AR5: =TEXT(hcp[[#This Row],[TGL_PEMBAYARAN]],"YY-MM") -> 26-06 | AS5: =TEXT(hcp[[#This Row],[TANGGAL_BAYAR_ANGS_TERAKHIR]],"YY-MM") -> 26-05 | AT5: =IF(hcp[[#This Row],[Periode ( TANGGAL_BAYAR_ANGS_TERAKHIR )]]=hcp[[#This Row],[Periode ( TGL_PEMBAYARAN )]],"AKTIF","ALDA") -> ALDA | AU5: =hcp[[#This Row],[Periode ( TANGGAL_BAYAR_ANGS_TERAKHIR )]]=hcp[[#This Row],[Periode ( TGL_PEMBAYARAN )]] -> FALSE | AV5: =IF(hcp[[#This Row],[Tgl ( TGL_PEMBAYARAN )]]=DAY(TODAY()),1,0) -> 0
A6: Kalimantan | B6: 1004 | C6: Samarinda | D6: SAMARINDA | E6: 2W | F6: 1004210000323 | G6: MARISA | H6: 44363 | I6: 45307 | J6: SUZUKI | K6: NEX | L6: 2021 | M6: 082350561542 | N6: 085345767513 | O6: JL POROS SANGATTA BONTANG KM 40 RT 000 /RW 000, TELUK SINGKAMA, SANGATTA SELATAN, KUTAI TIMUR, 75683 | P6: DUSUN SANGKIMA RAYA RT 001 /RW 000, TELUK SINGKAMA, SANGATTA SELATAN, KUTAI TIMUR, 75683 | Q6: SANGATA RT 000 /RW 000, TELUK SINGKAMA, SANGATTA SELATAN, KUTAI TIMUR, 75683 | S6: 0 | T6: 2963750 | U6: 0 | V6: 2963750 | W6: 0 | X6: 2963750 | Y6: ICP | Z6: 2963750 | AA6: 46176 | AB6: 307000 | AC6: 307000 | AD6: WINPAY | AE6: 0 | AF6: 0 | AG6: 0 | AI6: On Hand | AK6: 0 | AL6: 0 | AM6: 2656750 | AN6: 2656750 | AO6: =VLOOKUP(hcp[[#This Row],[BRANCHID]],'New KC'!$A:$K,8,0) -> 05. Kalimantan | AP6: =VLOOKUP(hcp[[#This Row],[BRANCHID]],'New KC'!$A:$K,9,0) -> SAMARINDA | AQ6: =DAY(hcp[[#This Row],[TGL_PEMBAYARAN]]) -> 3 | AR6: =TEXT(hcp[[#This Row],[TGL_PEMBAYARAN]],"YY-MM") -> 26-06 | AS6: =TEXT(hcp[[#This Row],[TANGGAL_BAYAR_ANGS_TERAKHIR]],"YY-MM") -> 24-01 | AT6: =IF(hcp[[#This Row],[Periode ( TANGGAL_BAYAR_ANGS_TERAKHIR )]]=hcp[[#This Row],[Periode ( TGL_PEMBAYARAN )]],"AKTIF","ALDA") -> ALDA | AU6: =hcp[[#This Row],[Periode ( TANGGAL_BAYAR_ANGS_TERAKHIR )]]=hcp[[#This Row],[Periode ( TGL_PEMBAYARAN )]] -> FALSE | AV6: =IF(hcp[[#This Row],[Tgl ( TGL_PEMBAYARAN )]]=DAY(TODAY()),1,0) -> 0
A7: Kalimantan | B7: 1552 | C7: Sampit | D7: SAMPIT - MBL | E7: 4W | F7: 1552210000105 | G7: ELIZABETH BEKTI KURNIASARI | H7: 44345 | I7: 46174 | J7: SUZUKI | K7: KARIMUN WAGON R | L7: 2020 | M7: 082158016926 | O7: JL. JEND. SUDIRMAN NO.6 RT 011 /RW 000, SIDOREJO, ARUT SELATAN, KOTAWARINGIN BARAT, 74111 | P7: JL. JEND. SUDIRMAN NO.6 RT 011 /RW 000, SIDOREJO, ARUT SELATAN, KOTAWARINGIN BARAT, 74111 | Q7: JL. JEND. SUDIRMAN NO.6 RT 011 /RW 000, SIDOREJO, ARUT SELATAN, KOTAWARINGIN BARAT, 74111 | S7: 0 | T7: 0 | U7: 404955 | V7: 404955 | W7: 150000 | X7: 254955 | Y7: RRD | Z7: 0 | AA7: 46176 | AB7: 254955 | AC7: 0 | AD7: WINPAY | AE7: 0 | AF7: 0 | AG7: 0 | AH7: 46176 | AI7: On Hand | AK7: 0 | AL7: 0 | AM7: 150000 | AN7: 0 | AO7: =VLOOKUP(hcp[[#This Row],[BRANCHID]],'New KC'!$A:$K,8,0) -> 05. Kalimantan | AP7: =VLOOKUP(hcp[[#This Row],[BRANCHID]],'New KC'!$A:$K,9,0) -> SAMPIT | AQ7: =DAY(hcp[[#This Row],[TGL_PEMBAYARAN]]) -> 3 | AR7: =TEXT(hcp[[#This Row],[TGL_PEMBAYARAN]],"YY-MM") -> 26-06 | AS7: =TEXT(hcp[[#This Row],[TANGGAL_BAYAR_ANGS_TERAKHIR]],"YY-MM") -> 26-06 | AT7: =IF(hcp[[#This Row],[Periode ( TANGGAL_BAYAR_ANGS_TERAKHIR )]]=hcp[[#This Row],[Periode ( TGL_PEMBAYARAN )]],"AKTIF","ALDA") -> AKTIF | AU7: =hcp[[#This Row],[Periode ( TANGGAL_BAYAR_ANGS_TERAKHIR )]]=hcp[[#This Row],[Periode ( TGL_PEMBAYARAN )]] -> TRUE | AV7: =IF(hcp[[#This Row],[Tgl ( TGL_PEMBAYARAN )]]=DAY(TODAY()),1,0) -> 0
A8: Kalimantan | B8: 1552 | C8: Sampit | D8: SAMPIT - MBL | E8: 4W | F8: 1552220000091 | G8: GUSTI RAHMAT AHWAZAL MA RUF | H8: 44672 | I8: 46119 | J8: SUZUKI | K8: CARRY PU 1.5 | L8: 2022 | M8: 082252431203 | O8: JL. BEJI RT 005 /RW 000, KOTA WARINGIN HILIR, KOTAWARINGIN LAMA, KOTAWARINGIN BARAT, 74161 | P8: JL. BEJI RT 005 /RW 000, KOTA WARINGIN HILIR, KOTAWARINGIN LAMA, KOTAWARINGIN BARAT, 74161 | Q8: KOTAWARINGIN LAMA RT 000 /RW 000, KOTA WARINGIN HILIR, KOTAWARINGIN LAMA, KOTAWARINGIN BARAT, 74161 | S8: 0 | T8: 1403050 | U8: 0 | V8: 1403050 | W8: 0 | X8: 1403050 | Y8: ICP | Z8: 1403050 | AA8: 46176 | AB8: 1403050 | AC8: 1403050 | AD8: WINPAY | AE8: 0 | AF8: 0 | AG8: 0 | AI8: On Hand | AK8: 0 | AL8: 0 | AM8: 0 | AN8: 0 | AO8: =VLOOKUP(hcp[[#This Row],[BRANCHID]],'New KC'!$A:$K,8,0) -> 05. Kalimantan | AP8: =VLOOKUP(hcp[[#This Row],[BRANCHID]],'New KC'!$A:$K,9,0) -> SAMPIT | AQ8: =DAY(hcp[[#This Row],[TGL_PEMBAYARAN]]) -> 3 | AR8: =TEXT(hcp[[#This Row],[TGL_PEMBAYARAN]],"YY-MM") -> 26-06 | AS8: =TEXT(hcp[[#This Row],[TANGGAL_BAYAR_ANGS_TERAKHIR]],"YY-MM") -> 26-04 | AT8: =IF(hcp[[#This Row],[Periode ( TANGGAL_BAYAR_ANGS_TERAKHIR )]]=hcp[[#This Row],[Periode ( TGL_PEMBAYARAN )]],"AKTIF","ALDA") -> ALDA | AU8: =hcp[[#This Row],[Periode ( TANGGAL_BAYAR_ANGS_TERAKHIR )]]=hcp[[#This Row],[Periode ( TGL_PEMBAYARAN )]] -> FALSE | AV8: =IF(hcp[[#This Row],[Tgl ( TGL_PEMBAYARAN )]]=DAY(TODAY()),1,0) -> 0
A9: Sulawesi | B9: 1052 | C9: Kendari | D9: KENDARI | E9: 2W | F9: 1052190000460 | G9: MUSTAKIM | H9: 43809 | I9: 44925 | J9: SUZUKI | K9: GSX | L9: 2019 | M9: 082349572815 | O9: JL. LABUKU, KEL. ABELI, KEC. ABELI, KOTA KENDARI RT 03 /RW 02, ABELI, ABELI, KENDARI, 93234 | P9: JL. LABUKU, KEL. ABELI, KEC. ABELI, KOTA KENDARI RT 03 /RW 02, ABELI, ABELI, KENDARI, 93234 | Q9: ANDUONOHU MANDALA WALUYA JL JEND AHA NASUTION RT 00 /RW 00, KAMBU, KAMBU, KENDARI, 93231 | S9: 0 | T9: 1394780 | U9: 0 | V9: 1394780 | W9: 0 | X9: 1394780 | Y9: ICP | Z9: 1394780 | AA9: 46176 | AB9: 1394780 | AC9: 1394780 | AD9: WINPAY | AE9: 0 | AF9: 0 | AG9: 0 | AI9: On Hand | AK9: 0 | AL9: 0 | AM9: 0 | AN9: 0 | AO9: =VLOOKUP(hcp[[#This Row],[BRANCHID]],'New KC'!$A:$K,8,0) -> 06. Sulawesi | AP9: =VLOOKUP(hcp[[#This Row],[BRANCHID]],'New KC'!$A:$K,9,0) -> KENDARI | AQ9: =DAY(hcp[[#This Row],[TGL_PEMBAYARAN]]) -> 3 | AR9: =TEXT(hcp[[#This Row],[TGL_PEMBAYARAN]],"YY-MM") -> 26-06 | AS9: =TEXT(hcp[[#This Row],[TANGGAL_BAYAR_ANGS_TERAKHIR]],"YY-MM") -> 22-12 | AT9: =IF(hcp[[#This Row],[Periode ( TANGGAL_BAYAR_ANGS_TERAKHIR )]]=hcp[[#This Row],[Periode ( TGL_PEMBAYARAN )]],"AKTIF","ALDA") -> ALDA | AU9: =hcp[[#This Row],[Periode ( TANGGAL_BAYAR_ANGS_TERAKHIR )]]=hcp[[#This Row],[Periode ( TGL_PEMBAYARAN )]] -> FALSE | AV9: =IF(hcp[[#This Row],[Tgl ( TGL_PEMBAYARAN )]]=DAY(TODAY()),1,0) -> 0
A10: Sulawesi | B10: 1540 | C10: Palu | D10: PALU - MOBIL | E10: 4W | F10: 1540190000258 | G10: MAHYUDIN LANGKADJA | H10: 43760 | I10: 45412 | J10: SUZUKI | K10: CARRY PU 1.5 | L10: 2019 | M10: 082349643342 | O10: DESA MALEI TOJO RT 002 /RW 002, MALEI TOJO, TOJO BARAT, TOJO UNA-UNA, 94681 | P10: DESA MALEI TOJO RT 002 /RW 002, MALEI TOJO, TOJO BARAT, TOJO UNA-UNA, 94681 | Q10: USAHA AYAM PETELUR RT 000 /RW 000, MALEI TOJO, TOJO BARAT, TOJO UNA-UNA, 94681 | S10: 0 | T10: 6683170 | U10: 0 | V10: 6683170 | W10: 0 | X10: 6683170 | Y10: ICP | Z10: 5350000 | AA10: 46176 | AB10: 5350000 | AC10: 5350000 | AD10: WINPAY | AE10: 0 | AF10: 1333170 | AG10: 0 | AI10: On Hand | AJ10: 1333170 | AK10: 0.2 | AL10: 0.2 | AM10: 0 | AN10: 0 | AO10: =VLOOKUP(hcp[[#This Row],[BRANCHID]],'New KC'!$A:$K,8,0) -> 06. Sulawesi | AP10: =VLOOKUP(hcp[[#This Row],[BRANCHID]],'New KC'!$A:$K,9,0) -> PALU | AQ10: =DAY(hcp[[#This Row],[TGL_PEMBAYARAN]]) -> 3 | AR10: =TEXT(hcp[[#This Row],[TGL_PEMBAYARAN]],"YY-MM") -> 26-06 | AS10: =TEXT(hcp[[#This Row],[TANGGAL_BAYAR_ANGS_TERAKHIR]],"YY-MM") -> 24-04 | AT10: =IF(hcp[[#This Row],[Periode ( TANGGAL_BAYAR_ANGS_TERAKHIR )]]=hcp[[#This Row],[Periode ( TGL_PEMBAYARAN )]],"AKTIF","ALDA") -> ALDA | AU10: =hcp[[#This Row],[Periode ( TANGGAL_BAYAR_ANGS_TERAKHIR )]]=hcp[[#This Row],[Periode ( TGL_PEMBAYARAN )]] -> FALSE | AV10: =IF(hcp[[#This Row],[Tgl ( TGL_PEMBAYARAN )]]=DAY(TODAY()),1,0) -> 0
A11: Jabodetabekser | B11: 1518 | C11: Dewi Sartika | D11: DEWI SARTIKA - MBL | E11: 4W | F11: 1518220000152 | G11: SELVIE | H11: 44679 | I11: 46082 | J11: SUZUKI | K11: XL7 | L11: 2022 | M11: 081287727337 | O11: PERUMAHAN TAMAN SURYA 2 BLOK A1 NO 28 RT 007 /RW 003, PEGADUNGAN, KALIDERES, JAKARTA BARAT, 11830 | P11: JL KEMENANGAN VI NO 29B RT 004 /RW 003, GLODOK, TAMAN SARI, JAKARTA BARAT, 11120 | Q11: JL MENTENG RAYA NO 60 RT 00 /RW 00, KEBON SIRIH, MENTENG, JAKARTA PUSAT, 10340 | S11: 0 | T11: 0 | U11: 16025 | V11: 16025 | W11: 112175 | X11: -96150 | Y11: RRD | Z11: 0 | AA11: 46175 | AB11: 16025 | AC11: 16025 | AD11: WINPAY | AE11: 0 | AF11: 0 | AG11: 0 | AH11: 46175 | AI11: On Hand | AK11: 0 | AL11: 0 | AM11: 0 | AN11: -112175 | AO11: =VLOOKUP(hcp[[#This Row],[BRANCHID]],'New KC'!$A:$K,8,0) -> 01. Jabodetabekser | AP11: =VLOOKUP(hcp[[#This Row],[BRANCHID]],'New KC'!$A:$K,9,0) -> DEWI SARTIKA | AQ11: =DAY(hcp[[#This Row],[TGL_PEMBAYARAN]]) -> 2 | AR11: =TEXT(hcp[[#This Row],[TGL_PEMBAYARAN]],"YY-MM") -> 26-06 | AS11: =TEXT(hcp[[#This Row],[TANGGAL_BAYAR_ANGS_TERAKHIR]],"YY-MM") -> 26-03 | AT11: =IF(hcp[[#This Row],[Periode ( TANGGAL_BAYAR_ANGS_TERAKHIR )]]=hcp[[#This Row],[Periode ( TGL_PEMBAYARAN )]],"AKTIF","ALDA") -> ALDA | AU11: =hcp[[#This Row],[Periode ( TANGGAL_BAYAR_ANGS_TERAKHIR )]]=hcp[[#This Row],[Periode ( TGL_PEMBAYARAN )]] -> FALSE | AV11: =IF(hcp[[#This Row],[Tgl ( TGL_PEMBAYARAN )]]=DAY(TODAY()),1,0) -> 0
A12: Jabodetabekser | B12: 1516 | C12: Serang | D12: SERANG - MBL | E12: 4W | F12: 1516210000190 | G12: HIJAJI | H12: 44373 | I12: 45804 | J12: SUZUKI | K12: CARRY PU 1.5 | L12: 2021 | M12: 087771286108 | O12: KP. CIBEO RT 001 /RW 001, PANCALAKSANA, CURUG, SERANG, 42171 | P12: KP. CIBEO RT 001 /RW 001, PANCALAKSANA, CURUG, SERANG, 42171 | Q12: JL RAYA KAUNG CAANG, PETIR SERANG RT 00 /RW 00, PETIR, PETIR, SERANG, 42172 | S12: 0 | T12: 2555580 | U12: 0 | V12: 2555580 | W12: 0 | X12: 2555580 | Y12: RRD | Z12: 0 | AA12: 46175 | AB12: 2555580 | AC12: 2555580 | AD12: WINPAY | AE12: 0 | AF12: 0 | AG12: 0 | AH12: 46176 | AI12: On Hand | AK12: 0 | AL12: 0 | AM12: 0 | AN12: 0 | AO12: =VLOOKUP(hcp[[#This Row],[BRANCHID]],'New KC'!$A:$K,8,0) -> 01. Jabodetabekser | AP12: =VLOOKUP(hcp[[#This Row],[BRANCHID]],'New KC'!$A:$K,9,0) -> SERANG | AQ12: =DAY(hcp[[#This Row],[TGL_PEMBAYARAN]]) -> 2 | AR12: =TEXT(hcp[[#This Row],[TGL_PEMBAYARAN]],"YY-MM") -> 26-06 | AS12: =TEXT(hcp[[#This Row],[TANGGAL_BAYAR_ANGS_TERAKHIR]],"YY-MM") -> 25-05 | AT12: =IF(hcp[[#This Row],[Periode ( TANGGAL_BAYAR_ANGS_TERAKHIR )]]=hcp[[#This Row],[Periode ( TGL_PEMBAYARAN )]],"AKTIF","ALDA") -> ALDA | AU12: =hcp[[#This Row],[Periode ( TANGGAL_BAYAR_ANGS_TERAKHIR )]]=hcp[[#This Row],[Periode ( TGL_PEMBAYARAN )]] -> FALSE | AV12: =IF(hcp[[#This Row],[Tgl ( TGL_PEMBAYARAN )]]=DAY(TODAY()),1,0) -> 0
A13: Jateng | B13: 1014 | C13: Solo | D13: SOLO | E13: 2W | F13: 1014230000119 | G13: JIWATI | H13: 45069 | I13: 46171 | J13: HONDA | K13: SCOOPY | L13: 2019 | M13: 085786555291 | N13: 082136127944 | O13: TEGALREJO RT 27 /RW 7, RINGIN LARIK, MUSUK, BOYOLALI, 57331 | P13: TEGALREJO RT 27 /RW 7, RINGIN LARIK, MUSUK, BOYOLALI, 57331 | Q13: PASAR PENGKOL RT 0 /RW 0, MUSUK, MUSUK, BOYOLALI, 57331 | S13: 0 | T13: 3580 | U13: 0 | V13: 3580 | W13: 0 | X13: 3580 | Y13: RRD | Z13: 0 | AA13: 46175 | AB13: 3580 | AC13: 3580 | AD13: WINPAY | AE13: 0 | AF13: 0 | AG13: 0 | AH13: 46175 | AI13: On Hand | AK13: 0 | AL13: 0 | AM13: 0 | AN13: 0 | AO13: =VLOOKUP(hcp[[#This Row],[BRANCHID]],'New KC'!$A:$K,8,0) -> 03. Jawa Tengah | AP13: =VLOOKUP(hcp[[#This Row],[BRANCHID]],'New KC'!$A:$K,9,0) -> SOLO | AQ13: =DAY(hcp[[#This Row],[TGL_PEMBAYARAN]]) -> 2 | AR13: =TEXT(hcp[[#This Row],[TGL_PEMBAYARAN]],"YY-MM") -> 26-06 | AS13: =TEXT(hcp[[#This Row],[TANGGAL_BAYAR_ANGS_TERAKHIR]],"YY-MM") -> 26-05 | AT13: =IF(hcp[[#This Row],[Periode ( TANGGAL_BAYAR_ANGS_TERAKHIR )]]=hcp[[#This Row],[Periode ( TGL_PEMBAYARAN )]],"AKTIF","ALDA") -> ALDA | AU13: =hcp[[#This Row],[Periode ( TANGGAL_BAYAR_ANGS_TERAKHIR )]]=hcp[[#This Row],[Periode ( TGL_PEMBAYARAN )]] -> FALSE | AV13: =IF(hcp[[#This Row],[Tgl ( TGL_PEMBAYARAN )]]=DAY(TODAY()),1,0) -> 0
A14: Jatim | B14: 1019 | C14: Gresik | D14: GRESIK | E14: 2W | F14: 1019230000188 | G14: SUPRIADI | H14: 45065 | I14: 46173 | J14: HONDA | K14: CBR | L14: 2017 | M14: 081232844584 | O14: JL PULAU WE RT 004 /RW 004, KRANGGAN , KRANGGAN , MOJOKERTO , 61321 | P14: GG NIAS RT 003 /RW 002, NGROMBOT, PATIANROWO, NGANJUK, 64391 | Q14: JL PULAU WE RT 004 /RW 004, KRANGGAN , KRANGGAN , MOJOKERTO , 61321 | S14: 0 | T14: 89400 | U14: 0 | V14: 89400 | W14: 0 | X14: 89400 | Y14: RRD | Z14: 0 | AA14: 46175 | AB14: 89400 | AC14: 89400 | AD14: WINPAY | AE14: 0 | AF14: 0 | AG14: 0 | AH14: 46176 | AI14: On Hand | AK14: 0 | AL14: 0 | AM14: 0 | AN14: 0 | AO14: =VLOOKUP(hcp[[#This Row],[BRANCHID]],'New KC'!$A:$K,8,0) -> 04. Jawa Timur | AP14: =VLOOKUP(hcp[[#This Row],[BRANCHID]],'New KC'!$A:$K,9,0) -> GRESIK | AQ14: =DAY(hcp[[#This Row],[TGL_PEMBAYARAN]]) -> 2 | AR14: =TEXT(hcp[[#This Row],[TGL_PEMBAYARAN]],"YY-MM") -> 26-06 | AS14: =TEXT(hcp[[#This Row],[TANGGAL_BAYAR_ANGS_TERAKHIR]],"YY-MM") -> 26-05 | AT14: =IF(hcp[[#This Row],[Periode ( TANGGAL_BAYAR_ANGS_TERAKHIR )]]=hcp[[#This Row],[Periode ( TGL_PEMBAYARAN )]],"AKTIF","ALDA") -> ALDA | AU14: =hcp[[#This Row],[Periode ( TANGGAL_BAYAR_ANGS_TERAKHIR )]]=hcp[[#This Row],[Periode ( TGL_PEMBAYARAN )]] -> FALSE | AV14: =IF(hcp[[#This Row],[Tgl ( TGL_PEMBAYARAN )]]=DAY(TODAY()),1,0) -> 0
A15: Jatim | B15: 1017 | C15: Malang | D15: MALANG | E15: 2W | F15: 1017220000760 | G15: ZAINUL MOCHAMMAD ISLAMIYAH | H15: 44916 | I15: 46022 | J15: KAWASAKI | K15: W | L15: 2018 | M15: 08563544699 | O15: JL. CANDI III E RT 007 /RW 003, KARANG BESUKI, SUKUN, MALANG, 65149 | P15: JL. CANDI II E/317 RT 009 /RW 003, KARANG BESUKI, SUKUN, MALANG, 65149 | Q15: JL.SIMPANG BONDOWOSO GADINGKASRI KLOJEN MALANG RT 00 /RW 00, GADINGKASRI, KLOJEN, MALANG, 65115 | S15: 0 | T15: 189000 | U15: 0 | V15: 189000 | W15: 0 | X15: 189000 | Y15: EXP | Z15: 0 | AA15: 46175 | AB15: 189000 | AC15: 189000 | AD15: BANK | AE15: 0 | AF15: 0 | AG15: 0 | AH15: 46175 | AI15: Release | AK15: 0 | AL15: 0 | AM15: 0 | AN15: 0 | AO15: =VLOOKUP(hcp[[#This Row],[BRANCHID]],'New KC'!$A:$K,8,0) -> 04. Jawa Timur | AP15: =VLOOKUP(hcp[[#This Row],[BRANCHID]],'New KC'!$A:$K,9,0) -> MALANG | AQ15: =DAY(hcp[[#This Row],[TGL_PEMBAYARAN]]) -> 2 | AR15: =TEXT(hcp[[#This Row],[TGL_PEMBAYARAN]],"YY-MM") -> 26-06 | AS15: =TEXT(hcp[[#This Row],[TANGGAL_BAYAR_ANGS_TERAKHIR]],"YY-MM") -> 25-12 | AT15: =IF(hcp[[#This Row],[Periode ( TANGGAL_BAYAR_ANGS_TERAKHIR )]]=hcp[[#This Row],[Periode ( TGL_PEMBAYARAN )]],"AKTIF","ALDA") -> ALDA | AU15: =hcp[[#This Row],[Periode ( TANGGAL_BAYAR_ANGS_TERAKHIR )]]=hcp[[#This Row],[Periode ( TGL_PEMBAYARAN )]] -> FALSE | AV15: =IF(hcp[[#This Row],[Tgl ( TGL_PEMBAYARAN )]]=DAY(TODAY()),1,0) -> 0
A16: Kalimantan | B16: 1001 | C16: Banjarmasin | D16: BANJARMASIN | E16: 2W | F16: 1001240000024 | G16: FATHULLAH | H16: 45337 | I16: 46048 | J16: HONDA | K16: SCOOPY | L16: 2017 | M16: 081250850858 | O16: JL. SASARAN RT 002 /RW 001, KERATON, MARTAPURA, BANJAR, 70611 | P16: JL. SASARAN RT 002 /RW 001, KERATON, MARTAPURA, BANJAR, 70611 | Q16: JL. SASARAN RT 000 /RW 000, KERATON, MARTAPURA, BANJAR, 70611 | S16: 0 | T16: 43800 | U16: 0 | V16: 43800 | W16: 0 | X16: 43800 | Y16: RRD | Z16: 0 | AA16: 46175 | AB16: 0 | AC16: 0 | AD16: WINPAY | AE16: 0 | AF16: 0 | AG16: 0 | AH16: 46126 | AI16: On Hand | AK16: 0 | AL16: 0 | AM16: -50000 | AN16: -50000 | AO16: =VLOOKUP(hcp[[#This Row],[BRANCHID]],'New KC'!$A:$K,8,0) -> 05. Kalimantan | AP16: =VLOOKUP(hcp[[#This Row],[BRANCHID]],'New KC'!$A:$K,9,0) -> BANJARMASIN | AQ16: =DAY(hcp[[#This Row],[TGL_PEMBAYARAN]]) -> 2 | AR16: =TEXT(hcp[[#This Row],[TGL_PEMBAYARAN]],"YY-MM") -> 26-06 | AS16: =TEXT(hcp[[#This Row],[TANGGAL_BAYAR_ANGS_TERAKHIR]],"YY-MM") -> 26-01 | AT16: =IF(hcp[[#This Row],[Periode ( TANGGAL_BAYAR_ANGS_TERAKHIR )]]=hcp[[#This Row],[Periode ( TGL_PEMBAYARAN )]],"AKTIF","ALDA") -> ALDA | AU16: =hcp[[#This Row],[Periode ( TANGGAL_BAYAR_ANGS_TERAKHIR )]]=hcp[[#This Row],[Periode ( TGL_PEMBAYARAN )]] -> FALSE | AV16: =IF(hcp[[#This Row],[Tgl ( TGL_PEMBAYARAN )]]=DAY(TODAY()),1,0) -> 0
A17: Kalimantan | B17: 1553 | C17: Pontianak | D17: PONTIANAK - MBL | E17: 4W | F17: 1553210000277 | G17: JULKIFLI | H17: 44560 | I17: 45947 | J17: SUZUKI | K17: CARRY PU 1.5 | L17: 2021 | M17: 082152269555 | O17: DUSUN LINGKAR BANDARA RT 010 /RW 005, KENUAL, NANGA PINOH, MELAWI, 79672 | P17: DUSUN LINGKAR BANDARA RT 010 /RW 005, KENUAL, NANGA PINOH, MELAWI, 79672 | Q17: DUSUN LINGKAR BANDARA RT 000 /RW 000, KENUAL, NANGA PINOH, MELAWI, 79672 | S17: 0 | T17: 3333875 | U17: 30000 | V17: 3363875 | W17: 0 | X17: 3363875 | Y17: EXP | Z17: 0 | AA17: 46175 | AB17: 3363875 | AC17: 3363875 | AD17: BANK | AE17: 0 | AF17: 0 | AG17: 0 | AH17: 46175 | AI17: Release | AK17: 0 | AL17: 0 | AM17: 0 | AN17: 0 | AO17: =VLOOKUP(hcp[[#This Row],[BRANCHID]],'New KC'!$A:$K,8,0) -> 05. Kalimantan | AP17: =VLOOKUP(hcp[[#This Row],[BRANCHID]],'New KC'!$A:$K,9,0) -> PONTIANAK | AQ17: =DAY(hcp[[#This Row],[TGL_PEMBAYARAN]]) -> 2 | AR17: =TEXT(hcp[[#This Row],[TGL_PEMBAYARAN]],"YY-MM") -> 26-06 | AS17: =TEXT(hcp[[#This Row],[TANGGAL_BAYAR_ANGS_TERAKHIR]],"YY-MM") -> 25-10 | AT17: =IF(hcp[[#This Row],[Periode ( TANGGAL_BAYAR_ANGS_TERAKHIR )]]=hcp[[#This Row],[Periode ( TGL_PEMBAYARAN )]],"AKTIF","ALDA") -> ALDA | AU17: =hcp[[#This Row],[Periode ( TANGGAL_BAYAR_ANGS_TERAKHIR )]]=hcp[[#This Row],[Periode ( TGL_PEMBAYARAN )]] -> FALSE | AV17: =IF(hcp[[#This Row],[Tgl ( TGL_PEMBAYARAN )]]=DAY(TODAY()),1,0) -> 0
A18: Sumatera | B18: 1535 | C18: Palembang | D18: PALEMBANG 4 - MBL | E18: 4W | F18: 1535220000014 | G18: IMRON | H18: 44613 | I18: 46076 | J18: SUZUKI | K18: CARRY PU 1.5 | L18: 2022 | M18: 081366886921 | O18: TALANG JAYA LINGK 1 RT 002 /RW 001, BETUNG, BETUNG, BANYUASIN, 30958 | P18: TALANG JAYA LINGK 1 RT 002 /RW 001, BETUNG, BETUNG, BANYUASIN, 30958 | Q18: TALANG JAYA LINGK I RT 002 /RW 001, BETUNG, BETUNG, BANYUASIN, 30958 | S18: 0 | T18: 21000 | U18: 0 | V18: 21000 | W18: 0 | X18: 21000 | Y18: RRD | Z18: 0 | AA18: 46175 | AB18: 21000 | AC18: 21000 | AD18: WINPAY | AE18: 0 | AF18: 0 | AG18: 0 | AH18: 46176 | AI18: On Hand | AK18: 0 | AL18: 0 | AM18: 0 | AN18: 0 | AO18: =VLOOKUP(hcp[[#This Row],[BRANCHID]],'New KC'!$A:$K,8,0) -> 07. Sumbagsel | AP18: =VLOOKUP(hcp[[#This Row],[BRANCHID]],'New KC'!$A:$K,9,0) -> PALEMBANG | AQ18: =DAY(hcp[[#This Row],[TGL_PEMBAYARAN]]) -> 2 | AR18: =TEXT(hcp[[#This Row],[TGL_PEMBAYARAN]],"YY-MM") -> 26-06 | AS18: =TEXT(hcp[[#This Row],[TANGGAL_BAYAR_ANGS_TERAKHIR]],"YY-MM") -> 26-02 | AT18: =IF(hcp[[#This Row],[Periode ( TANGGAL_BAYAR_ANGS_TERAKHIR )]]=hcp[[#This Row],[Periode ( TGL_PEMBAYARAN )]],"AKTIF","ALDA") -> ALDA | AU18: =hcp[[#This Row],[Periode ( TANGGAL_BAYAR_ANGS_TERAKHIR )]]=hcp[[#This Row],[Periode ( TGL_PEMBAYARAN )]] -> FALSE | AV18: =IF(hcp[[#This Row],[Tgl ( TGL_PEMBAYARAN )]]=DAY(TODAY()),1,0) -> 0
A19: Kalimantan | B19: 1552 | C19: Sampit | D19: SAMPIT - MBL | E19: 4W | F19: 1552220000116 | G19: SUNI | H19: 44704 | I19: 46156 | J19: SUZUKI | K19: CARRY PU 1.5 | L19: 2022 | M19: 081253809035 | O19: JL. KERTAPATI RT 007 /RW 002, SEMBULUH I, DANAU SEMBULUH, SERUYAN, 74261 | P19: JL. KERTAPATI RT 007 /RW 002, SEMBULUH I, DANAU SEMBULUH, SERUYAN, 74261 | Q19: DESA SEMBULUH RT 000 /RW 000, SEMBULUH I, DANAU SEMBULUH, SERUYAN, 74261 | S19: 0 | T19: 1260991.5 | U19: 0 | V19: 1260991.5 | W19: 5000 | X19: 1255991.5 | Y19: RRD | Z19: 0 | AA19: 46174 | AB19: 1260992 | AC19: 1260992 | AD19: WINPAY | AE19: 0 | AF19: 0 | AG19: 0 | AH19: 46175 | AI19: On Hand | AK19: 0 | AL19: 0 | AM19: -0.5 | AN19: -5000.5 | AO19: =VLOOKUP(hcp[[#This Row],[BRANCHID]],'New KC'!$A:$K,8,0) -> 05. Kalimantan | AP19: =VLOOKUP(hcp[[#This Row],[BRANCHID]],'New KC'!$A:$K,9,0) -> SAMPIT | AQ19: =DAY(hcp[[#This Row],[TGL_PEMBAYARAN]]) -> 1 | AR19: =TEXT(hcp[[#This Row],[TGL_PEMBAYARAN]],"YY-MM") -> 26-06 | AS19: =TEXT(hcp[[#This Row],[TANGGAL_BAYAR_ANGS_TERAKHIR]],"YY-MM") -> 26-05 | AT19: =IF(hcp[[#This Row],[Periode ( TANGGAL_BAYAR_ANGS_TERAKHIR )]]=hcp[[#This Row],[Periode ( TGL_PEMBAYARAN )]],"AKTIF","ALDA") -> ALDA | AU19: =hcp[[#This Row],[Periode ( TANGGAL_BAYAR_ANGS_TERAKHIR )]]=hcp[[#This Row],[Periode ( TGL_PEMBAYARAN )]] -> FALSE | AV19: =IF(hcp[[#This Row],[Tgl ( TGL_PEMBAYARAN )]]=DAY(TODAY()),1,0) -> 0
A20: Sumatera | B20: 1520 | C20: Pekan Baru | D20: PEKANBARU - MBL | E20: 4W | F20: 1520210000343 | G20: SELAMAT | H20: 44506 | I20: 45970 | J20: SUZUKI | K20: CARRY PU 1.5 | L20: 2021 | M20: 082284901649 | O20: B.BADAK II RT 002 /RW 005, KOTA PARET/PARIT, SIMPANG KANAN, ROKAN HILIR, 28992 | P20: B.BADAK II RT 002 /RW 005, KOTA PARET/PARIT, SIMPANG KANAN, ROKAN HILIR, 28992 | Q20: B.BADAK II RT 002 /RW 005, KOTA PARET/PARIT, SIMPANG KANAN, ROKAN HILIR, 28992 | S20: 0 | T20: 18000 | U20: 0 | V20: 18000 | W20: 0 | X20: 18000 | Y20: RRD | Z20: 0 | AA20: 46174 | AB20: 50000 | AC20: 50000 | AD20: WINPAY | AE20: 0 | AF20: 0 | AG20: 0 | AH20: 46119 | AI20: Borrow | AK20: 0 | AL20: 0 | AM20: -50000 | AN20: -50000 | AO20: =VLOOKUP(hcp[[#This Row],[BRANCHID]],'New KC'!$A:$K,8,0) -> 08. Sumbaguteng | AP20: =VLOOKUP(hcp[[#This Row],[BRANCHID]],'New KC'!$A:$K,9,0) -> PEKANBARU | AQ20: =DAY(hcp[[#This Row],[TGL_PEMBAYARAN]]) -> 1 | AR20: =TEXT(hcp[[#This Row],[TGL_PEMBAYARAN]],"YY-MM") -> 26-06 | AS20: =TEXT(hcp[[#This Row],[TANGGAL_BAYAR_ANGS_TERAKHIR]],"YY-MM") -> 25-11 | AT20: =IF(hcp[[#This Row],[Periode ( TANGGAL_BAYAR_ANGS_TERAKHIR )]]=hcp[[#This Row],[Periode ( TGL_PEMBAYARAN )]],"AKTIF","ALDA") -> ALDA | AU20: =hcp[[#This Row],[Periode ( TANGGAL_BAYAR_ANGS_TERAKHIR )]]=hcp[[#This Row],[Periode ( TGL_PEMBAYARAN )]] -> FALSE | AV20: =IF(hcp[[#This Row],[Tgl ( TGL_PEMBAYARAN )]]=DAY(TODAY()),1,0) -> 0

Sheet Summary
B1: ="Summary"&" "&'Detail Cabang-New'!$B$1 -> Summary Penerimaan Denda Alda Periode June 2026
B2: =TODAY() -> 46178
B4: Area | C4: Target Alda November 2025 | D4: Actual Alda November 2025 | E4: Diff
B5: 01. Jabodetabekser | C5: ='Detail Cabang-New'!F49 -> 945019000 | D5: ='Detail Cabang-New'!G49 -> 2571605 | E5: ='Detail Cabang-New'!H49 -> -942447395
B6: 02. Jawa Barat | C6: ='Detail Cabang-New'!F50 -> 265993000 | D6: ='Detail Cabang-New'!G50 -> 0 | E6: ='Detail Cabang-New'!H50 -> -265993000
B7: 03. Jawa Tengah | C7: ='Detail Cabang-New'!F51 -> 267123000 | D7: ='Detail Cabang-New'!G51 -> 3580 | E7: ='Detail Cabang-New'!H51 -> -267119420
B8: 04. Jawa Timur | C8: ='Detail Cabang-New'!F52 -> 186393000 | D8: ='Detail Cabang-New'!G52 -> 987600 | E8: ='Detail Cabang-New'!H52 -> -185405400
B9: 05. Kalimantan | C9: ='Detail Cabang-New'!F53 -> 320842000 | D9: ='Detail Cabang-New'!G53 -> 7845833 | E9: ='Detail Cabang-New'!H53 -> -312996167
B10: 06. Sulawesi | C10: ='Detail Cabang-New'!F54 -> 360476000 | D10: ='Detail Cabang-New'!G54 -> 6744780 | E10: ='Detail Cabang-New'!H54 -> -353731220
B11: 07. Sumbagsel | C11: ='Detail Cabang-New'!F55 -> 145592000 | D11: ='Detail Cabang-New'!G55 -> 21000 | E11: ='Detail Cabang-New'!H55 -> -145571000
B12: 08. Sumbaguteng | C12: ='Detail Cabang-New'!F56 -> 365696000 | D12: ='Detail Cabang-New'!G56 -> 50000 | E12: ='Detail Cabang-New'!H56 -> -365646000
B13: 09. IBT | C13: ='Detail Cabang-New'!F57 -> 142866000 | D13: ='Detail Cabang-New'!G57 -> 0 | E13: ='Detail Cabang-New'!H57 -> -142866000
B14: Nasional | C14: ='Detail Cabang-New'!F58 -> 3000000000 | D14: ='Detail Cabang-New'!G58 -> 18224398 | E14: ='Detail Cabang-New'!H58 -> -2981775602
B17: Area | C17: ='Detail Cabang-By Portfolio'!D3 -> Actual Denda Alda By Portfolio | E17: Total Penerimaan Alda
C18: 4W | D18: 2W
B19: 01. Jabodetabekser | C19: ='Detail Cabang-By Portfolio'!D50 -> 2571605 | D19: ='Detail Cabang-By Portfolio'!E50 -> 0 | E19: ='Detail Cabang-By Portfolio'!F50 -> 2571605
B20: 02. Jawa Barat | C20: ='Detail Cabang-By Portfolio'!D51 -> 0 | D20: ='Detail Cabang-By Portfolio'!E51 -> 0 | E20: ='Detail Cabang-By Portfolio'!F51 -> 0
B21: 03. Jawa Tengah | C21: ='Detail Cabang-By Portfolio'!D52 -> 0 | D21: ='Detail Cabang-By Portfolio'!E52 -> 3580 | E21: ='Detail Cabang-By Portfolio'!F52 -> 3580
B22: 04. Jawa Timur | C22: ='Detail Cabang-By Portfolio'!D53 -> 709200 | D22: ='Detail Cabang-By Portfolio'!E53 -> 278400 | E22: ='Detail Cabang-By Portfolio'!F53 -> 987600
B23: 05. Kalimantan | C23: ='Detail Cabang-By Portfolio'!D54 -> 7538833 | D23: ='Detail Cabang-By Portfolio'!E54 -> 307000 | E23: ='Detail Cabang-By Portfolio'!F54 -> 7845833
B24: 06. Sulawesi | C24: ='Detail Cabang-By Portfolio'!D55 -> 5350000 | D24: ='Detail Cabang-By Portfolio'!E55 -> 1394780 | E24: ='Detail Cabang-By Portfolio'!F55 -> 6744780
B25: 07. Sumbagsel | C25: ='Detail Cabang-By Portfolio'!D56 -> 21000 | D25: ='Detail Cabang-By Portfolio'!E56 -> 0 | E25: ='Detail Cabang-By Portfolio'!F56 -> 21000
B26: 08. Sumbaguteng | C26: ='Detail Cabang-By Portfolio'!D57 -> 50000 | D26: ='Detail Cabang-By Portfolio'!E57 -> 0 | E26: ='Detail Cabang-By Portfolio'!F57 -> 50000
B27: 09. IBT | C27: ='Detail Cabang-By Portfolio'!D58 -> 0 | D27: ='Detail Cabang-By Portfolio'!E58 -> 0 | E27: ='Detail Cabang-By Portfolio'!F58 -> 0
B28: Nasional | C28: ='Detail Cabang-By Portfolio'!D59 -> 16240638 | D28: ='Detail Cabang-By Portfolio'!E59 -> 1983760 | E28: ='Detail Cabang-By Portfolio'!F59 -> 18224398
B31: Area | C31: Actual Denda Alda By Payment Type | E31: Total Penerimaan Alda
C32: BANK | D32: WINPAY
B33: 01. Jabodetabekser | C33: ='Detail Cabang-By Payment Type'!D50 -> 0 | D33: ='Detail Cabang-By Payment Type'!E50 -> 2571605 | E33: ='Detail Cabang-By Payment Type'!F50 -> 2571605
B34: 02. Jawa Barat | C34: ='Detail Cabang-By Payment Type'!D51 -> 0 | D34: ='Detail Cabang-By Payment Type'!E51 -> 0 | E34: ='Detail Cabang-By Payment Type'!F51 -> 0
B35: 03. Jawa Tengah | C35: ='Detail Cabang-By Payment Type'!D52 -> 0 | D35: ='Detail Cabang-By Payment Type'!E52 -> 3580 | E35: ='Detail Cabang-By Payment Type'!F52 -> 3580
B36: 04. Jawa Timur | C36: ='Detail Cabang-By Payment Type'!D53 -> 898200 | D36: ='Detail Cabang-By Payment Type'!E53 -> 89400 | E36: ='Detail Cabang-By Payment Type'!F53 -> 987600
B37: 05. Kalimantan | C37: ='Detail Cabang-By Payment Type'!D54 -> 3363875 | D37: ='Detail Cabang-By Payment Type'!E54 -> 4481958 | E37: ='Detail Cabang-By Payment Type'!F54 -> 7845833
B38: 06. Sulawesi | C38: ='Detail Cabang-By Payment Type'!D55 -> 0 | D38: ='Detail Cabang-By Payment Type'!E55 -> 6744780 | E38: ='Detail Cabang-By Payment Type'!F55 -> 6744780
B39: 07. Sumbagsel | C39: ='Detail Cabang-By Payment Type'!D56 -> 0 | D39: ='Detail Cabang-By Payment Type'!E56 -> 21000 | E39: ='Detail Cabang-By Payment Type'!F56 -> 21000
B40: 08. Sumbaguteng | C40: ='Detail Cabang-By Payment Type'!D57 -> 0 | D40: ='Detail Cabang-By Payment Type'!E57 -> 50000 | E40: ='Detail Cabang-By Payment Type'!F57 -> 50000
B41: 09. IBT | C41: ='Detail Cabang-By Payment Type'!D58 -> 0 | D41: ='Detail Cabang-By Payment Type'!E58 -> 0 | E41: ='Detail Cabang-By Payment Type'!F58 -> 0
B42: Nasional | C42: ='Detail Cabang-By Payment Type'!D59 -> 4262075 | D42: ='Detail Cabang-By Payment Type'!E59 -> 13962323 | E42: ='Detail Cabang-By Payment Type'!F59 -> 18224398

Sheet New Summary-New
A1: ara | B1: ='Summary-New'!B1 -> Summary Penerimaan Denda Alda Periode June 2026
B2: =TODAY() -> 46178
B3: 0 | C3: 0 | D3: 0 | E3: 0 | F3: 0 | G3: 0 | H3: 0 | I3: 0
B4: Area | C4: ='Summary-New'!D3 -> Actual Denda Alda 31 May 2026 | D4: ='Summary-New'!E3 -> Actual Denda Alda 5 May 2026 | E4: ='Summary-New'!F3 -> Target Denda Alda June 2026 | F4: ='Summary-New'!G3 -> Actual Denda Alda s/d 5 June 2026 | G4: ='Summary-New'!H3 -> Diff Actual Denda Alda Vs Target Alda | H4: ='Summary-New'!I3 -> Diff Denda Alda 5 May 2026 Vs 5 June 2026 | I4: ='Summary-New'!J3 -> Diff Denda Alda Closing 31 May 2026 Vs Actual 5 June 2026
B5: 01. Jabodetabekser | C5: =SUMIFS('Summary-New'!D$4:D$48,'Summary-New'!$B$4:$B$48,'New Summary-New'!$B5) -> 49671365 | D5: =SUMIFS('Summary-New'!E$4:E$48,'Summary-New'!$B$4:$B$48,'New Summary-New'!$B5) -> 14359000 | E5: =SUMIFS('Summary-New'!F$4:F$48,'Summary-New'!$B$4:$B$48,'New Summary-New'!$B5) -> 945019000 | F5: =SUMIFS('Summary-New'!G$4:G$48,'Summary-New'!$B$4:$B$48,'New Summary-New'!$B5) -> 2571605 | G5: =F5-E5 -> -942447395 | H5: =F5-D5 -> -11787395 | I5: =F5-C5 -> -47099760
B6: 02. Jawa Barat | C6: =SUMIFS('Summary-New'!D$4:D$48,'Summary-New'!$B$4:$B$48,'New Summary-New'!$B6) -> 26577116 | D6: =SUMIFS('Summary-New'!E$4:E$48,'Summary-New'!$B$4:$B$48,'New Summary-New'!$B6) -> 0 | E6: =SUMIFS('Summary-New'!F$4:F$48,'Summary-New'!$B$4:$B$48,'New Summary-New'!$B6) -> 265993000 | F6: =SUMIFS('Summary-New'!G$4:G$48,'Summary-New'!$B$4:$B$48,'New Summary-New'!$B6) -> 0 | G6: =F6-E6 -> -265993000 | H6: =F6-D6 -> 0 | I6: =F6-C6 -> -26577116
B7: 03. Jawa Tengah | C7: =SUMIFS('Summary-New'!D$4:D$48,'Summary-New'!$B$4:$B$48,'New Summary-New'!$B7) -> 35801835 | D7: =SUMIFS('Summary-New'!E$4:E$48,'Summary-New'!$B$4:$B$48,'New Summary-New'!$B7) -> 12221000 | E7: =SUMIFS('Summary-New'!F$4:F$48,'Summary-New'!$B$4:$B$48,'New Summary-New'!$B7) -> 267123000 | F7: =SUMIFS('Summary-New'!G$4:G$48,'Summary-New'!$B$4:$B$48,'New Summary-New'!$B7) -> 3580 | G7: =F7-E7 -> -267119420 | H7: =F7-D7 -> -12217420 | I7: =F7-C7 -> -35798255
B8: 04. Jawa Timur | C8: =SUMIFS('Summary-New'!D$4:D$48,'Summary-New'!$B$4:$B$48,'New Summary-New'!$B8) -> 89852060 | D8: =SUMIFS('Summary-New'!E$4:E$48,'Summary-New'!$B$4:$B$48,'New Summary-New'!$B8) -> 178800 | E8: =SUMIFS('Summary-New'!F$4:F$48,'Summary-New'!$B$4:$B$48,'New Summary-New'!$B8) -> 186393000 | F8: =SUMIFS('Summary-New'!G$4:G$48,'Summary-New'!$B$4:$B$48,'New Summary-New'!$B8) -> 987600 | G8: =F8-E8 -> -185405400 | H8: =F8-D8 -> 808800 | I8: =F8-C8 -> -88864460
B9: 05. Kalimantan | C9: =SUMIFS('Summary-New'!D$4:D$48,'Summary-New'!$B$4:$B$48,'New Summary-New'!$B9) -> 58804380 | D9: =SUMIFS('Summary-New'!E$4:E$48,'Summary-New'!$B$4:$B$48,'New Summary-New'!$B9) -> 5855900 | E9: =SUMIFS('Summary-New'!F$4:F$48,'Summary-New'!$B$4:$B$48,'New Summary-New'!$B9) -> 320842000 | F9: =SUMIFS('Summary-New'!G$4:G$48,'Summary-New'!$B$4:$B$48,'New Summary-New'!$B9) -> 7845833 | G9: =F9-E9 -> -312996167 | H9: =F9-D9 -> 1989933 | I9: =F9-C9 -> -50958547
B10: 06. Sulawesi | C10: =SUMIFS('Summary-New'!D$4:D$48,'Summary-New'!$B$4:$B$48,'New Summary-New'!$B10) -> 107830065 | D10: =SUMIFS('Summary-New'!E$4:E$48,'Summary-New'!$B$4:$B$48,'New Summary-New'!$B10) -> 25576070 | E10: =SUMIFS('Summary-New'!F$4:F$48,'Summary-New'!$B$4:$B$48,'New Summary-New'!$B10) -> 360476000 | F10: =SUMIFS('Summary-New'!G$4:G$48,'Summary-New'!$B$4:$B$48,'New Summary-New'!$B10) -> 6744780 | G10: =F10-E10 -> -353731220 | H10: =F10-D10 -> -18831290 | I10: =F10-C10 -> -101085285
B11: 07. Sumbagsel | C11: =SUMIFS('Summary-New'!D$4:D$48,'Summary-New'!$B$4:$B$48,'New Summary-New'!$B11) -> 40474902 | D11: =SUMIFS('Summary-New'!E$4:E$48,'Summary-New'!$B$4:$B$48,'New Summary-New'!$B11) -> 2138350 | E11: =SUMIFS('Summary-New'!F$4:F$48,'Summary-New'!$B$4:$B$48,'New Summary-New'!$B11) -> 145592000 | F11: =SUMIFS('Summary-New'!G$4:G$48,'Summary-New'!$B$4:$B$48,'New Summary-New'!$B11) -> 21000 | G11: =F11-E11 -> -145571000 | H11: =F11-D11 -> -2117350 | I11: =F11-C11 -> -40453902
B12: 08. Sumbaguteng | C12: =SUMIFS('Summary-New'!D$4:D$48,'Summary-New'!$B$4:$B$48,'New Summary-New'!$B12) -> 34462500 | D12: =SUMIFS('Summary-New'!E$4:E$48,'Summary-New'!$B$4:$B$48,'New Summary-New'!$B12) -> 1003640 | E12: =SUMIFS('Summary-New'!F$4:F$48,'Summary-New'!$B$4:$B$48,'New Summary-New'!$B12) -> 365696000 | F12: =SUMIFS('Summary-New'!G$4:G$48,'Summary-New'!$B$4:$B$48,'New Summary-New'!$B12) -> 50000 | G12: =F12-E12 -> -365646000 | H12: =F12-D12 -> -953640 | I12: =F12-C12 -> -34412500
B13: 09. IBT | C13: =SUMIFS('Summary-New'!D$4:D$48,'Summary-New'!$B$4:$B$48,'New Summary-New'!$B13) -> 17116000 | D13: =SUMIFS('Summary-New'!E$4:E$48,'Summary-New'!$B$4:$B$48,'New Summary-New'!$B13) -> 0 | E13: =SUMIFS('Summary-New'!F$4:F$48,'Summary-New'!$B$4:$B$48,'New Summary-New'!$B13) -> 142866000 | F13: =SUMIFS('Summary-New'!G$4:G$48,'Summary-New'!$B$4:$B$48,'New Summary-New'!$B13) -> 0 | G13: =F13-E13 -> -142866000 | H13: =F13-D13 -> 0 | I13: =F13-C13 -> -17116000
B14: Nasional | C14: =SUM(C5:C13) -> 460590223 | D14: =SUM(D5:D13) -> 61332760 | E14: =SUM(E5:E13) -> 3000000000 | F14: =SUM(F5:F13) -> 18224398 | G14: =F14-E14 -> -2981775602 | H14: =F14-D14 -> -43108362 | I14: =F14-C14 -> -442365825
B15: 0 | C15: 0 | D15: 0 | E15: 0 | F15: 0 | G15: 0 | H15: 0 | I15: 0
B16: 0 | C16: 0 | D16: 0 | E16: 0 | F16: 0 | G16: 0 | H16: 0 | I16: 0
B17: Area | C17: Actual Denda Alda By Portfolio | E17: Total Penerimaan Alda
C18: 4W | D18: 2W
B19: 01. Jabodetabekser | C19: ='Detail Cabang-By Portfolio'!D50 -> 2571605 | D19: ='Detail Cabang-By Portfolio'!E50 -> 0 | E19: ='Detail Cabang-By Portfolio'!F50 -> 2571605
B20: 02. Jawa Barat | C20: ='Detail Cabang-By Portfolio'!D51 -> 0 | D20: ='Detail Cabang-By Portfolio'!E51 -> 0 | E20: ='Detail Cabang-By Portfolio'!F51 -> 0
B21: 03. Jawa Tengah | C21: ='Detail Cabang-By Portfolio'!D52 -> 0 | D21: ='Detail Cabang-By Portfolio'!E52 -> 3580 | E21: ='Detail Cabang-By Portfolio'!F52 -> 3580
B22: 04. Jawa Timur | C22: ='Detail Cabang-By Portfolio'!D53 -> 709200 | D22: ='Detail Cabang-By Portfolio'!E53 -> 278400 | E22: ='Detail Cabang-By Portfolio'!F53 -> 987600
B23: 05. Kalimantan | C23: ='Detail Cabang-By Portfolio'!D54 -> 7538833 | D23: ='Detail Cabang-By Portfolio'!E54 -> 307000 | E23: ='Detail Cabang-By Portfolio'!F54 -> 7845833
B24: 06. Sulawesi | C24: ='Detail Cabang-By Portfolio'!D55 -> 5350000 | D24: ='Detail Cabang-By Portfolio'!E55 -> 1394780 | E24: ='Detail Cabang-By Portfolio'!F55 -> 6744780
B25: 07. Sumbagsel | C25: ='Detail Cabang-By Portfolio'!D56 -> 21000 | D25: ='Detail Cabang-By Portfolio'!E56 -> 0 | E25: ='Detail Cabang-By Portfolio'!F56 -> 21000
B26: 08. Sumbaguteng | C26: ='Detail Cabang-By Portfolio'!D57 -> 50000 | D26: ='Detail Cabang-By Portfolio'!E57 -> 0 | E26: ='Detail Cabang-By Portfolio'!F57 -> 50000
B27: 09. IBT | C27: ='Detail Cabang-By Portfolio'!D58 -> 0 | D27: ='Detail Cabang-By Portfolio'!E58 -> 0 | E27: ='Detail Cabang-By Portfolio'!F58 -> 0
B28: Nasional | C28: ='Detail Cabang-By Portfolio'!D59 -> 16240638 | D28: ='Detail Cabang-By Portfolio'!E59 -> 1983760 | E28: ='Detail Cabang-By Portfolio'!F59 -> 18224398
B29: 0 | C29: 0 | D29: 0 | E29: 0 | F29: 0 | G29: 0 | H29: 0 | I29: 0
B30: 0 | C30: 0 | D30: 0 | E30: 0 | F30: 0 | G30: 0 | H30: 0 | I30: 0
B31: Area | C31: Actual Denda Alda By Payment Type | E31: Total Penerimaan Alda
C32: BANK | D32: WINPAY
B33: 01. Jabodetabekser | C33: ='Detail Cabang-By Payment Type'!D50 -> 0 | D33: ='Detail Cabang-By Payment Type'!E50 -> 2571605 | E33: ='Detail Cabang-By Payment Type'!F50 -> 2571605
B34: 02. Jawa Barat | C34: ='Detail Cabang-By Payment Type'!D51 -> 0 | D34: ='Detail Cabang-By Payment Type'!E51 -> 0 | E34: ='Detail Cabang-By Payment Type'!F51 -> 0
B35: 03. Jawa Tengah | C35: ='Detail Cabang-By Payment Type'!D52 -> 0 | D35: ='Detail Cabang-By Payment Type'!E52 -> 3580 | E35: ='Detail Cabang-By Payment Type'!F52 -> 3580
B36: 04. Jawa Timur | C36: ='Detail Cabang-By Payment Type'!D53 -> 898200 | D36: ='Detail Cabang-By Payment Type'!E53 -> 89400 | E36: ='Detail Cabang-By Payment Type'!F53 -> 987600
B37: 05. Kalimantan | C37: ='Detail Cabang-By Payment Type'!D54 -> 3363875 | D37: ='Detail Cabang-By Payment Type'!E54 -> 4481958 | E37: ='Detail Cabang-By Payment Type'!F54 -> 7845833
B38: 06. Sulawesi | C38: ='Detail Cabang-By Payment Type'!D55 -> 0 | D38: ='Detail Cabang-By Payment Type'!E55 -> 6744780 | E38: ='Detail Cabang-By Payment Type'!F55 -> 6744780
B39: 07. Sumbagsel | C39: ='Detail Cabang-By Payment Type'!D56 -> 0 | D39: ='Detail Cabang-By Payment Type'!E56 -> 21000 | E39: ='Detail Cabang-By Payment Type'!F56 -> 21000
B40: 08. Sumbaguteng | C40: ='Detail Cabang-By Payment Type'!D57 -> 0 | D40: ='Detail Cabang-By Payment Type'!E57 -> 50000 | E40: ='Detail Cabang-By Payment Type'!F57 -> 50000
B41: 09. IBT | C41: ='Detail Cabang-By Payment Type'!D58 -> 0 | D41: ='Detail Cabang-By Payment Type'!E58 -> 0 | E41: ='Detail Cabang-By Payment Type'!F58 -> 0
B42: Nasional | C42: ='Detail Cabang-By Payment Type'!D59 -> 4262075 | D42: ='Detail Cabang-By Payment Type'!E59 -> 13962323 | E42: ='Detail Cabang-By Payment Type'!F59 -> 18224398
A43: 0

Sheet Summary-New
B1: ="Summary Penerimaan Denda Alda Periode"&" "&$O$5&" "&$O$6 -> Summary Penerimaan Denda Alda Periode June 2026 | M1: =EOMONTH($L$3,0) -> 46173 | O1: =TEXT(P1,"YY-MM") -> 26-06 | P1: =EOMONTH($O$3,0) -> 46203
B2: 0 | C2: 0 | D2: 0 | E2: 0 | F2: 0 | G2: 0 | H2: 0 | I2: 0 | J2: 0
A3: 0 | B3: ='Detail Cabang-New'!B3 -> Area | C3: ='Detail Cabang-New'!C3 -> Cabang | D3: ='Detail Cabang-New'!D3 -> Actual Denda Alda 31 May 2026 | E3: ='Detail Cabang-New'!E3 -> Actual Denda Alda 5 May 2026 | F3: ='Detail Cabang-New'!F3 -> Target Denda Alda June 2026 | G3: ='Detail Cabang-New'!G3 -> Actual Denda Alda s/d 5 June 2026 | H3: ='Detail Cabang-New'!H3 -> Diff Actual Denda Alda Vs Target Alda | I3: ='Detail Cabang-New'!I3 -> Diff Denda Alda 5 May 2026 Vs 5 June 2026 | J3: ='Detail Cabang-New'!J3 -> Diff Denda Alda Closing 31 May 2026 Vs Actual 5 June 2026 | L3: =EDATE(O3,-1) -> 46146 | M3: =EDATE(P3,-1) -> 46147 | O3: =TODAY()-1 -> 46177 | P3: =TODAY() -> 46178
B4: 01. Jabodetabekser | C4: BEKASI | D4: ='Detail Cabang-New'!D4 -> 1239560 | E4: ='Detail Cabang-New'!E4 -> 0 | F4: ='Detail Cabang-New'!F4 -> 178413000 | G4: ='Detail Cabang-New'!G4 -> 0 | H4: =G4-F4 -> -178413000 | I4: =G4-E4 -> 0 | J4: =G4-D4 -> -1239560 | L4: =DAY($L$3) -> 4 | M4: =DAY($M$3) -> 5 | N4: =DAY($M$1) -> 31 | O4: =DAY($O$3) -> 4 | P4: =DAY($P$3) -> 5 | Q4: =DAY($P$1) -> 30
B5: 01. Jabodetabekser | C5: BOGOR | D5: ='Detail Cabang-New'!D5 -> 0 | E5: ='Detail Cabang-New'!E5 -> 0 | F5: ='Detail Cabang-New'!F5 -> 90555000 | G5: ='Detail Cabang-New'!G5 -> 0 | H5: =G5-F5 -> -90555000 | I5: =G5-E5 -> 0 | J5: =G5-D5 -> 0 | L5: =TEXT($L$3,"MMMM") -> May | M5: =TEXT($M$3,"MMMM") -> May | N5: =TEXT($M$1,"MMMM") -> May | O5: =TEXT($O$3,"MMMM") -> June | P5: =TEXT($P$3,"MMMM") -> June | Q5: =TEXT($P$1,"MMMM") -> June
B6: 01. Jabodetabekser | C6: DEPOK | D6: ='Detail Cabang-New'!D6 -> 0 | E6: ='Detail Cabang-New'!E6 -> 0 | F6: ='Detail Cabang-New'!F6 -> 43361000 | G6: ='Detail Cabang-New'!G6 -> 0 | H6: =G6-F6 -> -43361000 | I6: =G6-E6 -> 0 | J6: =G6-D6 -> 0 | L6: =YEAR($L$3) -> 2026 | M6: =YEAR($M$3) -> 2026 | N6: =YEAR($M$1) -> 2026 | O6: =YEAR($O$3) -> 2026 | P6: =YEAR($P$3) -> 2026 | Q6: =YEAR($P$1) -> 2026
B7: 01. Jabodetabekser | C7: DEWI SARTIKA | D7: ='Detail Cabang-New'!D7 -> 4462000 | E7: ='Detail Cabang-New'!E7 -> 0 | F7: ='Detail Cabang-New'!F7 -> 64741000 | G7: ='Detail Cabang-New'!G7 -> 16025 | H7: =G7-F7 -> -64724975 | I7: =G7-E7 -> 16025 | J7: =G7-D7 -> -4445975
B8: 01. Jabodetabekser | C8: KEDOYA | D8: ='Detail Cabang-New'!D8 -> 2319805 | E8: ='Detail Cabang-New'!E8 -> 0 | F8: ='Detail Cabang-New'!F8 -> 124821000 | G8: ='Detail Cabang-New'!G8 -> 0 | H8: =G8-F8 -> -124821000 | I8: =G8-E8 -> 0 | J8: =G8-D8 -> -2319805
B9: 01. Jabodetabekser | C9: SERANG | D9: ='Detail Cabang-New'!D9 -> 17888000 | E9: ='Detail Cabang-New'!E9 -> 11788000 | F9: ='Detail Cabang-New'!F9 -> 100120000 | G9: ='Detail Cabang-New'!G9 -> 2555580 | H9: =G9-F9 -> -97564420 | I9: =G9-E9 -> -9232420 | J9: =G9-D9 -> -15332420
B10: 01. Jabodetabekser | C10: SUNTER | D10: ='Detail Cabang-New'!D10 -> 0 | E10: ='Detail Cabang-New'!E10 -> 0 | F10: ='Detail Cabang-New'!F10 -> 107225000 | G10: ='Detail Cabang-New'!G10 -> 0 | H10: =G10-F10 -> -107225000 | I10: =G10-E10 -> 0 | J10: =G10-D10 -> 0
B11: 01. Jabodetabekser | C11: TANGERANG | D11: ='Detail Cabang-New'!D11 -> 23762000 | E11: ='Detail Cabang-New'!E11 -> 2571000 | F11: ='Detail Cabang-New'!F11 -> 235783000 | G11: ='Detail Cabang-New'!G11 -> 0 | H11: =G11-F11 -> -235783000 | I11: =G11-E11 -> -2571000 | J11: =G11-D11 -> -23762000
B12: 02. Jawa Barat | C12: BANDUNG | D12: ='Detail Cabang-New'!D12 -> 15077116 | E12: ='Detail Cabang-New'!E12 -> 0 | F12: ='Detail Cabang-New'!F12 -> 82031000 | G12: ='Detail Cabang-New'!G12 -> 0 | H12: =G12-F12 -> -82031000 | I12: =G12-E12 -> 0 | J12: =G12-D12 -> -15077116
B13: 02. Jawa Barat | C13: CIREBON | D13: ='Detail Cabang-New'!D13 -> 0 | E13: ='Detail Cabang-New'!E13 -> 0 | F13: ='Detail Cabang-New'!F13 -> 11789000 | G13: ='Detail Cabang-New'!G13 -> 0 | H13: =G13-F13 -> -11789000 | I13: =G13-E13 -> 0 | J13: =G13-D13 -> 0
B14: 02. Jawa Barat | C14: KARAWANG | D14: ='Detail Cabang-New'!D14 -> 11500000 | E14: ='Detail Cabang-New'!E14 -> 0 | F14: ='Detail Cabang-New'!F14 -> 172173000 | G14: ='Detail Cabang-New'!G14 -> 0 | H14: =G14-F14 -> -172173000 | I14: =G14-E14 -> 0 | J14: =G14-D14 -> -11500000
B15: 03. Jawa Tengah | C15: KUDUS | D15: ='Detail Cabang-New'!D15 -> 638000 | E15: ='Detail Cabang-New'!E15 -> 0 | F15: ='Detail Cabang-New'!F15 -> 17542000 | G15: ='Detail Cabang-New'!G15 -> 0 | H15: =G15-F15 -> -17542000 | I15: =G15-E15 -> 0 | J15: =G15-D15 -> -638000
B16: 03. Jawa Tengah | C16: PURWOKERTO | D16: ='Detail Cabang-New'!D16 -> 1700000 | E16: ='Detail Cabang-New'!E16 -> 0 | F16: ='Detail Cabang-New'!F16 -> 27347000 | G16: ='Detail Cabang-New'!G16 -> 0 | H16: =G16-F16 -> -27347000 | I16: =G16-E16 -> 0 | J16: =G16-D16 -> -1700000
B17: 03. Jawa Tengah | C17: SEMARANG | D17: ='Detail Cabang-New'!D17 -> 13392375 | E17: ='Detail Cabang-New'!E17 -> 0 | F17: ='Detail Cabang-New'!F17 -> 96496000 | G17: ='Detail Cabang-New'!G17 -> 0 | H17: =G17-F17 -> -96496000 | I17: =G17-E17 -> 0 | J17: =G17-D17 -> -13392375
B18: 03. Jawa Tengah | C18: SOLO | D18: ='Detail Cabang-New'!D18 -> 7671460 | E18: ='Detail Cabang-New'!E18 -> 121000 | F18: ='Detail Cabang-New'!F18 -> 33443000 | G18: ='Detail Cabang-New'!G18 -> 3580 | H18: =G18-F18 -> -33439420 | I18: =G18-E18 -> -117420 | J18: =G18-D18 -> -7667880
... B48: 09. IBT | C48: MATARAM | D48: ='Detail Cabang-New'!D48 -> 0 | E48: ='Detail Cabang-New'!E48 -> 0 | F48: ='Detail Cabang-New'!F48 -> 33960000 | G48: ='Detail Cabang-New'!G48 -> 0 | H48: =G48-F48 -> -33960000 | I48: =G48-E48 -> 0 | J48: =G48-D48 -> 0
B49: Nasional | D49: =SUM(D4:D48) -> 460590223 | E49: =SUM(E4:E48) -> 61332760 | F49: =SUM(F4:F48) -> 3000000000 | G49: =SUM(G4:G48) -> 18224398 | H49: =G49-F49 -> -2981775602 | I49: =G49-E49 -> -43108362 | J49: =G49-D49 -> -442365825

Sheet Detail Cabang-New
B1: ="Penerimaan Denda Alda Periode"&" "&$P$5&" "&$P$6 -> Penerimaan Denda Alda Periode June 2026 | M1: =TEXT(N1,"YY-MM") -> 26-05 | N1: =EOMONTH($M$3,0) -> 46173 | P1: =TEXT(Q1,"YY-MM") -> 26-06 | Q1: =EOMONTH($P$3,0) -> 46203
B3: Area | C3: Cabang | D3: ="Actual Denda Alda"&""&" "&$O$4&" "&$O$5&" "&$O$6 -> Actual Denda Alda 31 May 2026 | E3: ="Actual Denda Alda"&" "&$N$4&" "&$N$5&" "&$N$6 -> Actual Denda Alda 5 May 2026 | F3: ="Target Denda Alda"&" "&$P$5&" "&$P$6 -> Target Denda Alda June 2026 | G3: ="Actual Denda Alda s/d"&" "&$Q$4&" "&$P$5&" "&$P$6 -> Actual Denda Alda s/d 5 June 2026 | H3: Diff Actual Denda Alda Vs Target Alda | I3: ="Diff Denda Alda"&" "&$N$4&" "&$N$5&" "&$N$6&" "&"Vs"&" "&$Q$4&" "&$Q$5&" "&$Q$6 -> Diff Denda Alda 5 May 2026 Vs 5 June 2026 | J3: ="Diff Denda Alda Closing"&" "&$O$4&" "&$O$5&" "&$O$6&" "&"Vs Actual"&" "&$Q$4&" "&$R$5&" "&$R$6 -> Diff Denda Alda Closing 31 May 2026 Vs Actual 5 June 2026 | M3: =EDATE(P3,-1) -> 46146 | N3: =EDATE(Q3,-1) -> 46147 | P3: =TODAY()-1 -> 46177 | Q3: =TODAY() -> 46178
B4: 01. Jabodetabekser | C4: BEKASI | D4: =SUMIFS('DB N-1'!$AC:$AC,'DB N-1'!$AP:$AP,'Detail Cabang-New'!$C4,'DB N-1'!$AR:$AR,'Detail Cabang-New'!$M$1,'DB N-1'!$AT:$AT,"ALDA") -> 1239560 | E4: =SUMIFS('DB N-1'!$AC:$AC,'DB N-1'!$AP:$AP,'Detail Cabang-New'!$C4,'DB N-1'!$AR:$AR,'Detail Cabang-New'!$M$1,'DB N-1'!$AT:$AT,"ALDA",'DB N-1'!$AV:$AV,1) -> 0 | F4: =IFERROR(VLOOKUP($C4,'NEw Tgt Alda'!$I$2:$L$45,4,0),0) -> 178413000 | G4: =SUMIFS(DB!$AC:$AC,DB!$AP:$AP,'Detail Cabang-New'!$C4,DB!$AT:$AT,"ALDA",DB!$AR:$AR,'Detail Cabang-New'!$P$1) -> 0 | H4: =G4-F4 -> -178413000 | I4: =G4-E4 -> 0 | J4: =G4-D4 -> -1239560 | M4: =DAY($M$3) -> 4 | N4: =DAY($N$3) -> 5 | O4: =DAY($N$1) -> 31 | P4: =DAY($P$3) -> 4 | Q4: =DAY($Q$3) -> 5 | R4: =DAY($Q$1) -> 30
B5: 01. Jabodetabekser | C5: BOGOR | D5: =SUMIFS('DB N-1'!$AC:$AC,'DB N-1'!$AP:$AP,'Detail Cabang-New'!$C5,'DB N-1'!$AR:$AR,'Detail Cabang-New'!$M$1,'DB N-1'!$AT:$AT,"ALDA") -> 0 | E5: =SUMIFS('DB N-1'!$AC:$AC,'DB N-1'!$AP:$AP,'Detail Cabang-New'!$C5,'DB N-1'!$AR:$AR,'Detail Cabang-New'!$M$1,'DB N-1'!$AT:$AT,"ALDA",'DB N-1'!$AV:$AV,1) -> 0 | F5: =IFERROR(VLOOKUP($C5,'NEw Tgt Alda'!$I$2:$L$45,4,0),0) -> 90555000 | G5: =SUMIFS(DB!$AC:$AC,DB!$AP:$AP,'Detail Cabang-New'!$C5,DB!$AT:$AT,"ALDA",DB!$AR:$AR,'Detail Cabang-New'!$P$1) -> 0 | H5: =G5-F5 -> -90555000 | I5: =G5-E5 -> 0 | J5: =G5-D5 -> 0 | M5: =TEXT($M$3,"MMMM") -> May | N5: =TEXT($N$3,"MMMM") -> May | O5: =TEXT($N$1,"MMMM") -> May | P5: =TEXT($P$3,"MMMM") -> June | Q5: =TEXT($Q$3,"MMMM") -> June | R5: =TEXT($Q$1,"MMMM") -> June
B6: 01. Jabodetabekser | C6: DEPOK | D6: =SUMIFS('DB N-1'!$AC:$AC,'DB N-1'!$AP:$AP,'Detail Cabang-New'!$C6,'DB N-1'!$AR:$AR,'Detail Cabang-New'!$M$1,'DB N-1'!$AT:$AT,"ALDA") -> 0 | E6: =SUMIFS('DB N-1'!$AC:$AC,'DB N-1'!$AP:$AP,'Detail Cabang-New'!$C6,'DB N-1'!$AR:$AR,'Detail Cabang-New'!$M$1,'DB N-1'!$AT:$AT,"ALDA",'DB N-1'!$AV:$AV,1) -> 0 | F6: =IFERROR(VLOOKUP($C6,'NEw Tgt Alda'!$I$2:$L$45,4,0),0) -> 43361000 | G6: =SUMIFS(DB!$AC:$AC,DB!$AP:$AP,'Detail Cabang-New'!$C6,DB!$AT:$AT,"ALDA",DB!$AR:$AR,'Detail Cabang-New'!$P$1) -> 0 | H6: =G6-F6 -> -43361000 | I6: =G6-E6 -> 0 | J6: =G6-D6 -> 0 | M6: =YEAR($M$3) -> 2026 | N6: =YEAR($N$3) -> 2026 | O6: =YEAR($N$1) -> 2026 | P6: =YEAR($P$3) -> 2026 | Q6: =YEAR($Q$3) -> 2026 | R6: =YEAR($Q$1) -> 2026
B7: 01. Jabodetabekser | C7: DEWI SARTIKA | D7: =SUMIFS('DB N-1'!$AC:$AC,'DB N-1'!$AP:$AP,'Detail Cabang-New'!$C7,'DB N-1'!$AR:$AR,'Detail Cabang-New'!$M$1,'DB N-1'!$AT:$AT,"ALDA") -> 4462000 | E7: =SUMIFS('DB N-1'!$AC:$AC,'DB N-1'!$AP:$AP,'Detail Cabang-New'!$C7,'DB N-1'!$AR:$AR,'Detail Cabang-New'!$M$1,'DB N-1'!$AT:$AT,"ALDA",'DB N-1'!$AV:$AV,1) -> 0 | F7: =IFERROR(VLOOKUP($C7,'NEw Tgt Alda'!$I$2:$L$45,4,0),0) -> 64741000 | G7: =SUMIFS(DB!$AC:$AC,DB!$AP:$AP,'Detail Cabang-New'!$C7,DB!$AT:$AT,"ALDA",DB!$AR:$AR,'Detail Cabang-New'!$P$1) -> 16025 | H7: =G7-F7 -> -64724975 | I7: =G7-E7 -> 16025 | J7: =G7-D7 -> -4445975
B8: 01. Jabodetabekser | C8: KEDOYA | D8: =SUMIFS('DB N-1'!$AC:$AC,'DB N-1'!$AP:$AP,'Detail Cabang-New'!$C8,'DB N-1'!$AR:$AR,'Detail Cabang-New'!$M$1,'DB N-1'!$AT:$AT,"ALDA") -> 2319805 | E8: =SUMIFS('DB N-1'!$AC:$AC,'DB N-1'!$AP:$AP,'Detail Cabang-New'!$C8,'DB N-1'!$AR:$AR,'Detail Cabang-New'!$M$1,'DB N-1'!$AT:$AT,"ALDA",'DB N-1'!$AV:$AV,1) -> 0 | F8: =IFERROR(VLOOKUP($C8,'NEw Tgt Alda'!$I$2:$L$45,4,0),0) -> 124821000 | G8: =SUMIFS(DB!$AC:$AC,DB!$AP:$AP,'Detail Cabang-New'!$C8,DB!$AT:$AT,"ALDA",DB!$AR:$AR,'Detail Cabang-New'!$P$1) -> 0 | H8: =G8-F8 -> -124821000 | I8: =G8-E8 -> 0 | J8: =G8-D8 -> -2319805
B9: 01. Jabodetabekser | C9: SERANG | D9: =SUMIFS('DB N-1'!$AC:$AC,'DB N-1'!$AP:$AP,'Detail Cabang-New'!$C9,'DB N-1'!$AR:$AR,'Detail Cabang-New'!$M$1,'DB N-1'!$AT:$AT,"ALDA") -> 17888000 | E9: =SUMIFS('DB N-1'!$AC:$AC,'DB N-1'!$AP:$AP,'Detail Cabang-New'!$C9,'DB N-1'!$AR:$AR,'Detail Cabang-New'!$M$1,'DB N-1'!$AT:$AT,"ALDA",'DB N-1'!$AV:$AV,1) -> 11788000 | F9: =IFERROR(VLOOKUP($C9,'NEw Tgt Alda'!$I$2:$L$45,4,0),0) -> 100120000 | G9: =SUMIFS(DB!$AC:$AC,DB!$AP:$AP,'Detail Cabang-New'!$C9,DB!$AT:$AT,"ALDA",DB!$AR:$AR,'Detail Cabang-New'!$P$1) -> 2555580 | H9: =G9-F9 -> -97564420 | I9: =G9-E9 -> -9232420 | J9: =G9-D9 -> -15332420
B10: 01. Jabodetabekser | C10: SUNTER | D10: =SUMIFS('DB N-1'!$AC:$AC,'DB N-1'!$AP:$AP,'Detail Cabang-New'!$C10,'DB N-1'!$AR:$AR,'Detail Cabang-New'!$M$1,'DB N-1'!$AT:$AT,"ALDA") -> 0 | E10: =SUMIFS('DB N-1'!$AC:$AC,'DB N-1'!$AP:$AP,'Detail Cabang-New'!$C10,'DB N-1'!$AR:$AR,'Detail Cabang-New'!$M$1,'DB N-1'!$AT:$AT,"ALDA",'DB N-1'!$AV:$AV,1) -> 0 | F10: =IFERROR(VLOOKUP($C10,'NEw Tgt Alda'!$I$2:$L$45,4,0),0) -> 107225000 | G10: =SUMIFS(DB!$AC:$AC,DB!$AP:$AP,'Detail Cabang-New'!$C10,DB!$AT:$AT,"ALDA",DB!$AR:$AR,'Detail Cabang-New'!$P$1) -> 0 | H10: =G10-F10 -> -107225000 | I10: =G10-E10 -> 0 | J10: =G10-D10 -> 0
B11: 01. Jabodetabekser | C11: TANGERANG | D11: =SUMIFS('DB N-1'!$AC:$AC,'DB N-1'!$AP:$AP,'Detail Cabang-New'!$C11,'DB N-1'!$AR:$AR,'Detail Cabang-New'!$M$1,'DB N-1'!$AT:$AT,"ALDA") -> 23762000 | E11: =SUMIFS('DB N-1'!$AC:$AC,'DB N-1'!$AP:$AP,'Detail Cabang-New'!$C11,'DB N-1'!$AR:$AR,'Detail Cabang-New'!$M$1,'DB N-1'!$AT:$AT,"ALDA",'DB N-1'!$AV:$AV,1) -> 2571000 | F11: =IFERROR(VLOOKUP($C11,'NEw Tgt Alda'!$I$2:$L$45,4,0),0) -> 235783000 | G11: =SUMIFS(DB!$AC:$AC,DB!$AP:$AP,'Detail Cabang-New'!$C11,DB!$AT:$AT,"ALDA",DB!$AR:$AR,'Detail Cabang-New'!$P$1) -> 0 | H11: =G11-F11 -> -235783000 | I11: =G11-E11 -> -2571000 | J11: =G11-D11 -> -23762000
B12: 02. Jawa Barat | C12: BANDUNG | D12: =SUMIFS('DB N-1'!$AC:$AC,'DB N-1'!$AP:$AP,'Detail Cabang-New'!$C12,'DB N-1'!$AR:$AR,'Detail Cabang-New'!$M$1,'DB N-1'!$AT:$AT,"ALDA") -> 15077116 | E12: =SUMIFS('DB N-1'!$AC:$AC,'DB N-1'!$AP:$AP,'Detail Cabang-New'!$C12,'DB N-1'!$AR:$AR,'Detail Cabang-New'!$M$1,'DB N-1'!$AT:$AT,"ALDA",'DB N-1'!$AV:$AV,1) -> 0 | F12: =IFERROR(VLOOKUP($C12,'NEw Tgt Alda'!$I$2:$L$45,4,0),0) -> 82031000 | G12: =SUMIFS(DB!$AC:$AC,DB!$AP:$AP,'Detail Cabang-New'!$C12,DB!$AT:$AT,"ALDA",DB!$AR:$AR,'Detail Cabang-New'!$P$1) -> 0 | H12: =G12-F12 -> -82031000 | I12: =G12-E12 -> 0 | J12: =G12-D12 -> -15077116
B13: 02. Jawa Barat | C13: CIREBON | D13: =SUMIFS('DB N-1'!$AC:$AC,'DB N-1'!$AP:$AP,'Detail Cabang-New'!$C13,'DB N-1'!$AR:$AR,'Detail Cabang-New'!$M$1,'DB N-1'!$AT:$AT,"ALDA") -> 0 | E13: =SUMIFS('DB N-1'!$AC:$AC,'DB N-1'!$AP:$AP,'Detail Cabang-New'!$C13,'DB N-1'!$AR:$AR,'Detail Cabang-New'!$M$1,'DB N-1'!$AT:$AT,"ALDA",'DB N-1'!$AV:$AV,1) -> 0 | F13: =IFERROR(VLOOKUP($C13,'NEw Tgt Alda'!$I$2:$L$45,4,0),0) -> 11789000 | G13: =SUMIFS(DB!$AC:$AC,DB!$AP:$AP,'Detail Cabang-New'!$C13,DB!$AT:$AT,"ALDA",DB!$AR:$AR,'Detail Cabang-New'!$P$1) -> 0 | H13: =G13-F13 -> -11789000 | I13: =G13-E13 -> 0 | J13: =G13-D13 -> 0
B14: 02. Jawa Barat | C14: KARAWANG | D14: =SUMIFS('DB N-1'!$AC:$AC,'DB N-1'!$AP:$AP,'Detail Cabang-New'!$C14,'DB N-1'!$AR:$AR,'Detail Cabang-New'!$M$1,'DB N-1'!$AT:$AT,"ALDA") -> 11500000 | E14: =SUMIFS('DB N-1'!$AC:$AC,'DB N-1'!$AP:$AP,'Detail Cabang-New'!$C14,'DB N-1'!$AR:$AR,'Detail Cabang-New'!$M$1,'DB N-1'!$AT:$AT,"ALDA",'DB N-1'!$AV:$AV,1) -> 0 | F14: =IFERROR(VLOOKUP($C14,'NEw Tgt Alda'!$I$2:$L$45,4,0),0) -> 172173000 | G14: =SUMIFS(DB!$AC:$AC,DB!$AP:$AP,'Detail Cabang-New'!$C14,DB!$AT:$AT,"ALDA",DB!$AR:$AR,'Detail Cabang-New'!$P$1) -> 0 | H14: =G14-F14 -> -172173000 | I14: =G14-E14 -> 0 | J14: =G14-D14 -> -11500000
B15: 03. Jawa Tengah | C15: KUDUS | D15: =SUMIFS('DB N-1'!$AC:$AC,'DB N-1'!$AP:$AP,'Detail Cabang-New'!$C15,'DB N-1'!$AR:$AR,'Detail Cabang-New'!$M$1,'DB N-1'!$AT:$AT,"ALDA") -> 638000 | E15: =SUMIFS('DB N-1'!$AC:$AC,'DB N-1'!$AP:$AP,'Detail Cabang-New'!$C15,'DB N-1'!$AR:$AR,'Detail Cabang-New'!$M$1,'DB N-1'!$AT:$AT,"ALDA",'DB N-1'!$AV:$AV,1) -> 0 | F15: =IFERROR(VLOOKUP($C15,'NEw Tgt Alda'!$I$2:$L$45,4,0),0) -> 17542000 | G15: =SUMIFS(DB!$AC:$AC,DB!$AP:$AP,'Detail Cabang-New'!$C15,DB!$AT:$AT,"ALDA",DB!$AR:$AR,'Detail Cabang-New'!$P$1) -> 0 | H15: =G15-F15 -> -17542000 | I15: =G15-E15 -> 0 | J15: =G15-D15 -> -638000
B16: 03. Jawa Tengah | C16: PURWOKERTO | D16: =SUMIFS('DB N-1'!$AC:$AC,'DB N-1'!$AP:$AP,'Detail Cabang-New'!$C16,'DB N-1'!$AR:$AR,'Detail Cabang-New'!$M$1,'DB N-1'!$AT:$AT,"ALDA") -> 1700000 | E16: =SUMIFS('DB N-1'!$AC:$AC,'DB N-1'!$AP:$AP,'Detail Cabang-New'!$C16,'DB N-1'!$AR:$AR,'Detail Cabang-New'!$M$1,'DB N-1'!$AT:$AT,"ALDA",'DB N-1'!$AV:$AV,1) -> 0 | F16: =IFERROR(VLOOKUP($C16,'NEw Tgt Alda'!$I$2:$L$45,4,0),0) -> 27347000 | G16: =SUMIFS(DB!$AC:$AC,DB!$AP:$AP,'Detail Cabang-New'!$C16,DB!$AT:$AT,"ALDA",DB!$AR:$AR,'Detail Cabang-New'!$P$1) -> 0 | H16: =G16-F16 -> -27347000 | I16: =G16-E16 -> 0 | J16: =G16-D16 -> -1700000
B17: 03. Jawa Tengah | C17: SEMARANG | D17: =SUMIFS('DB N-1'!$AC:$AC,'DB N-1'!$AP:$AP,'Detail Cabang-New'!$C17,'DB N-1'!$AR:$AR,'Detail Cabang-New'!$M$1,'DB N-1'!$AT:$AT,"ALDA") -> 13392375 | E17: =SUMIFS('DB N-1'!$AC:$AC,'DB N-1'!$AP:$AP,'Detail Cabang-New'!$C17,'DB N-1'!$AR:$AR,'Detail Cabang-New'!$M$1,'DB N-1'!$AT:$AT,"ALDA",'DB N-1'!$AV:$AV,1) -> 0 | F17: =IFERROR(VLOOKUP($C17,'NEw Tgt Alda'!$I$2:$L$45,4,0),0) -> 96496000 | G17: =SUMIFS(DB!$AC:$AC,DB!$AP:$AP,'Detail Cabang-New'!$C17,DB!$AT:$AT,"ALDA",DB!$AR:$AR,'Detail Cabang-New'!$P$1) -> 0 | H17: =G17-F17 -> -96496000 | I17: =G17-E17 -> 0 | J17: =G17-D17 -> -13392375
B18: 03. Jawa Tengah | C18: SOLO | D18: =SUMIFS('DB N-1'!$AC:$AC,'DB N-1'!$AP:$AP,'Detail Cabang-New'!$C18,'DB N-1'!$AR:$AR,'Detail Cabang-New'!$M$1,'DB N-1'!$AT:$AT,"ALDA") -> 7671460 | E18: =SUMIFS('DB N-1'!$AC:$AC,'DB N-1'!$AP:$AP,'Detail Cabang-New'!$C18,'DB N-1'!$AR:$AR,'Detail Cabang-New'!$M$1,'DB N-1'!$AT:$AT,"ALDA",'DB N-1'!$AV:$AV,1) -> 121000 | F18: =IFERROR(VLOOKUP($C18,'NEw Tgt Alda'!$I$2:$L$45,4,0),0) -> 33443000 | G18: =SUMIFS(DB!$AC:$AC,DB!$AP:$AP,'Detail Cabang-New'!$C18,DB!$AT:$AT,"ALDA",DB!$AR:$AR,'Detail Cabang-New'!$P$1) -> 3580 | H18: =G18-F18 -> -33439420 | I18: =G18-E18 -> -117420 | J18: =G18-D18 -> -7667880
... B48: 09. IBT | C48: MATARAM | D48: =SUMIFS('DB N-1'!$AC:$AC,'DB N-1'!$AP:$AP,'Detail Cabang-New'!$C48,'DB N-1'!$AR:$AR,'Detail Cabang-New'!$M$1,'DB N-1'!$AT:$AT,"ALDA") -> 0 | E48: =SUMIFS('DB N-1'!$AC:$AC,'DB N-1'!$AP:$AP,'Detail Cabang-New'!$C48,'DB N-1'!$AR:$AR,'Detail Cabang-New'!$M$1,'DB N-1'!$AT:$AT,"ALDA",'DB N-1'!$AV:$AV,1) -> 0 | F48: =IFERROR(VLOOKUP($C48,'NEw Tgt Alda'!$I$2:$L$45,4,0),0) -> 33960000 | G48: =SUMIFS(DB!$AC:$AC,DB!$AP:$AP,'Detail Cabang-New'!$C48,DB!$AT:$AT,"ALDA",DB!$AR:$AR,'Detail Cabang-New'!$P$1) -> 0 | H48: =G48-F48 -> -33960000 | I48: =G48-E48 -> 0 | J48: =G48-D48 -> 0
C49: 01. Jabodetabekser | D49: =SUMIFS(D$4:D$48,$B$4:$B$48,$C49) -> 49671365 | E49: =SUMIFS(E$4:E$48,$B$4:$B$48,$C49) -> 14359000 | F49: =SUMIFS(F$4:F$48,$B$4:$B$48,$C49) -> 945019000 | G49: =SUMIFS(G$4:G$48,$B$4:$B$48,$C49) -> 2571605 | H49: =G49-F49 -> -942447395 | I49: =G49-E49 -> -11787395 | J49: =G49-D49 -> -47099760
C50: 02. Jawa Barat | D50: =SUMIFS(D$4:D$48,$B$4:$B$48,$C50) -> 26577116 | E50: =SUMIFS(E$4:E$48,$B$4:$B$48,$C50) -> 0 | F50: =SUMIFS(F$4:F$48,$B$4:$B$48,$C50) -> 265993000 | G50: =SUMIFS(G$4:G$48,$B$4:$B$48,$C50) -> 0 | H50: =G50-F50 -> -265993000 | I50: =G50-E50 -> 0 | J50: =G50-D50 -> -26577116
C51: 03. Jawa Tengah | D51: =SUMIFS(D$4:D$48,$B$4:$B$48,$C51) -> 35801835 | E51: =SUMIFS(E$4:E$48,$B$4:$B$48,$C51) -> 12221000 | F51: =SUMIFS(F$4:F$48,$B$4:$B$48,$C51) -> 267123000 | G51: =SUMIFS(G$4:G$48,$B$4:$B$48,$C51) -> 3580 | H51: =G51-F51 -> -267119420 | I51: =G51-E51 -> -12217420 | J51: =G51-D51 -> -35798255
C52: 04. Jawa Timur | D52: =SUMIFS(D$4:D$48,$B$4:$B$48,$C52) -> 89852060 | E52: =SUMIFS(E$4:E$48,$B$4:$B$48,$C52) -> 178800 | F52: =SUMIFS(F$4:F$48,$B$4:$B$48,$C52) -> 186393000 | G52: =SUMIFS(G$4:G$48,$B$4:$B$48,$C52) -> 987600 | H52: =G52-F52 -> -185405400 | I52: =G52-E52 -> 808800 | J52: =G52-D52 -> -88864460
C53: 05. Kalimantan | D53: =SUMIFS(D$4:D$48,$B$4:$B$48,$C53) -> 58804380 | E53: =SUMIFS(E$4:E$48,$B$4:$B$48,$C53) -> 5855900 | F53: =SUMIFS(F$4:F$48,$B$4:$B$48,$C53) -> 320842000 | G53: =SUMIFS(G$4:G$48,$B$4:$B$48,$C53) -> 7845833 | H53: =G53-F53 -> -312996167 | I53: =G53-E53 -> 1989933 | J53: =G53-D53 -> -50958547
C54: 06. Sulawesi | D54: =SUMIFS(D$4:D$48,$B$4:$B$48,$C54) -> 107830065 | E54: =SUMIFS(E$4:E$48,$B$4:$B$48,$C54) -> 25576070 | F54: =SUMIFS(F$4:F$48,$B$4:$B$48,$C54) -> 360476000 | G54: =SUMIFS(G$4:G$48,$B$4:$B$48,$C54) -> 6744780 | H54: =G54-F54 -> -353731220 | I54: =G54-E54 -> -18831290 | J54: =G54-D54 -> -101085285
C55: 07. Sumbagsel | D55: =SUMIFS(D$4:D$48,$B$4:$B$48,$C55) -> 40474902 | E55: =SUMIFS(E$4:E$48,$B$4:$B$48,$C55) -> 2138350 | F55: =SUMIFS(F$4:F$48,$B$4:$B$48,$C55) -> 145592000 | G55: =SUMIFS(G$4:G$48,$B$4:$B$48,$C55) -> 21000 | H55: =G55-F55 -> -145571000 | I55: =G55-E55 -> -2117350 | J55: =G55-D55 -> -40453902
C56: 08. Sumbaguteng | D56: =SUMIFS(D$4:D$48,$B$4:$B$48,$C56) -> 34462500 | E56: =SUMIFS(E$4:E$48,$B$4:$B$48,$C56) -> 1003640 | F56: =SUMIFS(F$4:F$48,$B$4:$B$48,$C56) -> 365696000 | G56: =SUMIFS(G$4:G$48,$B$4:$B$48,$C56) -> 50000 | H56: =G56-F56 -> -365646000 | I56: =G56-E56 -> -953640 | J56: =G56-D56 -> -34412500
C57: 09. IBT | D57: =SUMIFS(D$4:D$48,$B$4:$B$48,$C57) -> 17116000 | E57: =SUMIFS(E$4:E$48,$B$4:$B$48,$C57) -> 0 | F57: =SUMIFS(F$4:F$48,$B$4:$B$48,$C57) -> 142866000 | G57: =SUMIFS(G$4:G$48,$B$4:$B$48,$C57) -> 0 | H57: =G57-F57 -> -142866000 | I57: =G57-E57 -> 0 | J57: =G57-D57 -> -17116000
C58: Nasional | D58: =SUM(D49:D57) -> 460590223 | E58: =SUM(E49:E57) -> 61332760 | F58: =SUM(F49:F57) -> 3000000000 | G58: =SUM(G49:G57) -> 18224398 | H58: =G58-F58 -> -2981775602 | I58: =G58-E58 -> -43108362 | J58: =G58-D58 -> -442365825

Sheet Detail Cabang-By Portfolio
B1: Detail Penerimaan Denda Alda By Portfolio | L1: ='Detail Cabang-New'!$P$1 -> 26-06
B3: Area | C3: Cabang | D3: Actual Denda Alda By Portfolio | F3: Total Penerimaan Alda
D4: 4W | E4: 2W
B5: 01. Jabodetabekser | C5: BEKASI | D5: =SUMIFS(DB!$AC:$AC,DB!$AP:$AP,'Detail Cabang-By Portfolio'!$C5,DB!$AT:$AT,"ALDA",DB!$AR:$AR,'Detail Cabang-By Portfolio'!$L$1,DB!$E:$E,'Detail Cabang-By Portfolio'!D$4) -> 0 | E5: =SUMIFS(DB!$AC:$AC,DB!$AP:$AP,'Detail Cabang-By Portfolio'!$C5,DB!$AT:$AT,"ALDA",DB!$AR:$AR,'Detail Cabang-By Portfolio'!$L$1,DB!$E:$E,'Detail Cabang-By Portfolio'!E$4) -> 0 | F5: =SUM(D5:E5) -> 0
B6: 01. Jabodetabekser | C6: BOGOR | D6: =SUMIFS(DB!$AC:$AC,DB!$AP:$AP,'Detail Cabang-By Portfolio'!$C6,DB!$AT:$AT,"ALDA",DB!$AR:$AR,'Detail Cabang-By Portfolio'!$L$1,DB!$E:$E,'Detail Cabang-By Portfolio'!D$4) -> 0 | E6: =SUMIFS(DB!$AC:$AC,DB!$AP:$AP,'Detail Cabang-By Portfolio'!$C6,DB!$AT:$AT,"ALDA",DB!$AR:$AR,'Detail Cabang-By Portfolio'!$L$1,DB!$E:$E,'Detail Cabang-By Portfolio'!E$4) -> 0 | F6: =SUM(D6:E6) -> 0
B7: 01. Jabodetabekser | C7: DEPOK | D7: =SUMIFS(DB!$AC:$AC,DB!$AP:$AP,'Detail Cabang-By Portfolio'!$C7,DB!$AT:$AT,"ALDA",DB!$AR:$AR,'Detail Cabang-By Portfolio'!$L$1,DB!$E:$E,'Detail Cabang-By Portfolio'!D$4) -> 0 | E7: =SUMIFS(DB!$AC:$AC,DB!$AP:$AP,'Detail Cabang-By Portfolio'!$C7,DB!$AT:$AT,"ALDA",DB!$AR:$AR,'Detail Cabang-By Portfolio'!$L$1,DB!$E:$E,'Detail Cabang-By Portfolio'!E$4) -> 0 | F7: =SUM(D7:E7) -> 0
B8: 01. Jabodetabekser | C8: DEWI SARTIKA | D8: =SUMIFS(DB!$AC:$AC,DB!$AP:$AP,'Detail Cabang-By Portfolio'!$C8,DB!$AT:$AT,"ALDA",DB!$AR:$AR,'Detail Cabang-By Portfolio'!$L$1,DB!$E:$E,'Detail Cabang-By Portfolio'!D$4) -> 16025 | E8: =SUMIFS(DB!$AC:$AC,DB!$AP:$AP,'Detail Cabang-By Portfolio'!$C8,DB!$AT:$AT,"ALDA",DB!$AR:$AR,'Detail Cabang-By Portfolio'!$L$1,DB!$E:$E,'Detail Cabang-By Portfolio'!E$4) -> 0 | F8: =SUM(D8:E8) -> 16025
B9: 01. Jabodetabekser | C9: KEDOYA | D9: =SUMIFS(DB!$AC:$AC,DB!$AP:$AP,'Detail Cabang-By Portfolio'!$C9,DB!$AT:$AT,"ALDA",DB!$AR:$AR,'Detail Cabang-By Portfolio'!$L$1,DB!$E:$E,'Detail Cabang-By Portfolio'!D$4) -> 0 | E9: =SUMIFS(DB!$AC:$AC,DB!$AP:$AP,'Detail Cabang-By Portfolio'!$C9,DB!$AT:$AT,"ALDA",DB!$AR:$AR,'Detail Cabang-By Portfolio'!$L$1,DB!$E:$E,'Detail Cabang-By Portfolio'!E$4) -> 0 | F9: =SUM(D9:E9) -> 0
B10: 01. Jabodetabekser | C10: SERANG | D10: =SUMIFS(DB!$AC:$AC,DB!$AP:$AP,'Detail Cabang-By Portfolio'!$C10,DB!$AT:$AT,"ALDA",DB!$AR:$AR,'Detail Cabang-By Portfolio'!$L$1,DB!$E:$E,'Detail Cabang-By Portfolio'!D$4) -> 2555580 | E10: =SUMIFS(DB!$AC:$AC,DB!$AP:$AP,'Detail Cabang-By Portfolio'!$C10,DB!$AT:$AT,"ALDA",DB!$AR:$AR,'Detail Cabang-By Portfolio'!$L$1,DB!$E:$E,'Detail Cabang-By Portfolio'!E$4) -> 0 | F10: =SUM(D10:E10) -> 2555580
B11: 01. Jabodetabekser | C11: SUNTER | D11: =SUMIFS(DB!$AC:$AC,DB!$AP:$AP,'Detail Cabang-By Portfolio'!$C11,DB!$AT:$AT,"ALDA",DB!$AR:$AR,'Detail Cabang-By Portfolio'!$L$1,DB!$E:$E,'Detail Cabang-By Portfolio'!D$4) -> 0 | E11: =SUMIFS(DB!$AC:$AC,DB!$AP:$AP,'Detail Cabang-By Portfolio'!$C11,DB!$AT:$AT,"ALDA",DB!$AR:$AR,'Detail Cabang-By Portfolio'!$L$1,DB!$E:$E,'Detail Cabang-By Portfolio'!E$4) -> 0 | F11: =SUM(D11:E11) -> 0
B12: 01. Jabodetabekser | C12: TANGERANG | D12: =SUMIFS(DB!$AC:$AC,DB!$AP:$AP,'Detail Cabang-By Portfolio'!$C12,DB!$AT:$AT,"ALDA",DB!$AR:$AR,'Detail Cabang-By Portfolio'!$L$1,DB!$E:$E,'Detail Cabang-By Portfolio'!D$4) -> 0 | E12: =SUMIFS(DB!$AC:$AC,DB!$AP:$AP,'Detail Cabang-By Portfolio'!$C12,DB!$AT:$AT,"ALDA",DB!$AR:$AR,'Detail Cabang-By Portfolio'!$L$1,DB!$E:$E,'Detail Cabang-By Portfolio'!E$4) -> 0 | F12: =SUM(D12:E12) -> 0
B13: 02. Jawa Barat | C13: BANDUNG | D13: =SUMIFS(DB!$AC:$AC,DB!$AP:$AP,'Detail Cabang-By Portfolio'!$C13,DB!$AT:$AT,"ALDA",DB!$AR:$AR,'Detail Cabang-By Portfolio'!$L$1,DB!$E:$E,'Detail Cabang-By Portfolio'!D$4) -> 0 | E13: =SUMIFS(DB!$AC:$AC,DB!$AP:$AP,'Detail Cabang-By Portfolio'!$C13,DB!$AT:$AT,"ALDA",DB!$AR:$AR,'Detail Cabang-By Portfolio'!$L$1,DB!$E:$E,'Detail Cabang-By Portfolio'!E$4) -> 0 | F13: =SUM(D13:E13) -> 0
B14: 02. Jawa Barat | C14: CIREBON | D14: =SUMIFS(DB!$AC:$AC,DB!$AP:$AP,'Detail Cabang-By Portfolio'!$C14,DB!$AT:$AT,"ALDA",DB!$AR:$AR,'Detail Cabang-By Portfolio'!$L$1,DB!$E:$E,'Detail Cabang-By Portfolio'!D$4) -> 0 | E14: =SUMIFS(DB!$AC:$AC,DB!$AP:$AP,'Detail Cabang-By Portfolio'!$C14,DB!$AT:$AT,"ALDA",DB!$AR:$AR,'Detail Cabang-By Portfolio'!$L$1,DB!$E:$E,'Detail Cabang-By Portfolio'!E$4) -> 0 | F14: =SUM(D14:E14) -> 0
B15: 02. Jawa Barat | C15: KARAWANG | D15: =SUMIFS(DB!$AC:$AC,DB!$AP:$AP,'Detail Cabang-By Portfolio'!$C15,DB!$AT:$AT,"ALDA",DB!$AR:$AR,'Detail Cabang-By Portfolio'!$L$1,DB!$E:$E,'Detail Cabang-By Portfolio'!D$4) -> 0 | E15: =SUMIFS(DB!$AC:$AC,DB!$AP:$AP,'Detail Cabang-By Portfolio'!$C15,DB!$AT:$AT,"ALDA",DB!$AR:$AR,'Detail Cabang-By Portfolio'!$L$1,DB!$E:$E,'Detail Cabang-By Portfolio'!E$4) -> 0 | F15: =SUM(D15:E15) -> 0
B16: 03. Jawa Tengah | C16: KUDUS | D16: =SUMIFS(DB!$AC:$AC,DB!$AP:$AP,'Detail Cabang-By Portfolio'!$C16,DB!$AT:$AT,"ALDA",DB!$AR:$AR,'Detail Cabang-By Portfolio'!$L$1,DB!$E:$E,'Detail Cabang-By Portfolio'!D$4) -> 0 | E16: =SUMIFS(DB!$AC:$AC,DB!$AP:$AP,'Detail Cabang-By Portfolio'!$C16,DB!$AT:$AT,"ALDA",DB!$AR:$AR,'Detail Cabang-By Portfolio'!$L$1,DB!$E:$E,'Detail Cabang-By Portfolio'!E$4) -> 0 | F16: =SUM(D16:E16) -> 0
... B49: 09. IBT | C49: MATARAM | D49: =SUMIFS(DB!$AC:$AC,DB!$AP:$AP,'Detail Cabang-By Portfolio'!$C49,DB!$AT:$AT,"ALDA",DB!$AR:$AR,'Detail Cabang-By Portfolio'!$L$1,DB!$E:$E,'Detail Cabang-By Portfolio'!D$4) -> 0 | E49: =SUMIFS(DB!$AC:$AC,DB!$AP:$AP,'Detail Cabang-By Portfolio'!$C49,DB!$AT:$AT,"ALDA",DB!$AR:$AR,'Detail Cabang-By Portfolio'!$L$1,DB!$E:$E,'Detail Cabang-By Portfolio'!E$4) -> 0 | F49: =SUM(D49:E49) -> 0
C50: 01. Jabodetabekser | D50: =SUMIFS(D$5:D$49,$B$5:$B$49,$C50) -> 2571605 | E50: =SUMIFS(E$5:E$49,$B$5:$B$49,$C50) -> 0 | F50: =SUMIFS(F$5:F$49,$B$5:$B$49,$C50) -> 2571605
C51: 02. Jawa Barat | D51: =SUMIFS(D$5:D$49,$B$5:$B$49,$C51) -> 0 | E51: =SUMIFS(E$5:E$49,$B$5:$B$49,$C51) -> 0 | F51: =SUMIFS(F$5:F$49,$B$5:$B$49,$C51) -> 0
C52: 03. Jawa Tengah | D52: =SUMIFS(D$5:D$49,$B$5:$B$49,$C52) -> 0 | E52: =SUMIFS(E$5:E$49,$B$5:$B$49,$C52) -> 3580 | F52: =SUMIFS(F$5:F$49,$B$5:$B$49,$C52) -> 3580
C53: 04. Jawa Timur | D53: =SUMIFS(D$5:D$49,$B$5:$B$49,$C53) -> 709200 | E53: =SUMIFS(E$5:E$49,$B$5:$B$49,$C53) -> 278400 | F53: =SUMIFS(F$5:F$49,$B$5:$B$49,$C53) -> 987600
C54: 05. Kalimantan | D54: =SUMIFS(D$5:D$49,$B$5:$B$49,$C54) -> 7538833 | E54: =SUMIFS(E$5:E$49,$B$5:$B$49,$C54) -> 307000 | F54: =SUMIFS(F$5:F$49,$B$5:$B$49,$C54) -> 7845833
C55: 06. Sulawesi | D55: =SUMIFS(D$5:D$49,$B$5:$B$49,$C55) -> 5350000 | E55: =SUMIFS(E$5:E$49,$B$5:$B$49,$C55) -> 1394780 | F55: =SUMIFS(F$5:F$49,$B$5:$B$49,$C55) -> 6744780
C56: 07. Sumbagsel | D56: =SUMIFS(D$5:D$49,$B$5:$B$49,$C56) -> 21000 | E56: =SUMIFS(E$5:E$49,$B$5:$B$49,$C56) -> 0 | F56: =SUMIFS(F$5:F$49,$B$5:$B$49,$C56) -> 21000
C57: 08. Sumbaguteng | D57: =SUMIFS(D$5:D$49,$B$5:$B$49,$C57) -> 50000 | E57: =SUMIFS(E$5:E$49,$B$5:$B$49,$C57) -> 0 | F57: =SUMIFS(F$5:F$49,$B$5:$B$49,$C57) -> 50000
C58: 09. IBT | D58: =SUMIFS(D$5:D$49,$B$5:$B$49,$C58) -> 0 | E58: =SUMIFS(E$5:E$49,$B$5:$B$49,$C58) -> 0 | F58: =SUMIFS(F$5:F$49,$B$5:$B$49,$C58) -> 0
C59: Nasional | D59: =SUM(D50:D58) -> 16240638 | E59: =SUM(E50:E58) -> 1983760 | F59: =SUM(F50:F58) -> 18224398

Sheet Detail Cabang-By Payment Type
B1: Detail Penerimaan Denda Alda By By Payment Type | L1: ='Detail Cabang-New'!$P$1 -> 26-06
B3: Area | C3: Cabang | D3: Actual Denda Alda By Payment Type | F3: Total Penerimaan Alda
D4: BANK | E4: WINPAY
B5: 01. Jabodetabekser | C5: BEKASI | D5: =SUMIFS(DB!$AC:$AC,DB!$AP:$AP,'Detail Cabang-By Payment Type'!$C5,DB!$AT:$AT,"ALDA",DB!$AR:$AR,'Detail Cabang-By Payment Type'!$L$1,DB!$AD:$AD,'Detail Cabang-By Payment Type'!D$4) -> 0 | E5: =SUMIFS(DB!$AC:$AC,DB!$AP:$AP,'Detail Cabang-By Payment Type'!$C5,DB!$AT:$AT,"ALDA",DB!$AR:$AR,'Detail Cabang-By Payment Type'!$L$1,DB!$AD:$AD,'Detail Cabang-By Payment Type'!E$4) -> 0 | F5: =SUM(D5:E5) -> 0
B6: 01. Jabodetabekser | C6: BOGOR | D6: =SUMIFS(DB!$AC:$AC,DB!$AP:$AP,'Detail Cabang-By Payment Type'!$C6,DB!$AT:$AT,"ALDA",DB!$AR:$AR,'Detail Cabang-By Payment Type'!$L$1,DB!$AD:$AD,'Detail Cabang-By Payment Type'!D$4) -> 0 | E6: =SUMIFS(DB!$AC:$AC,DB!$AP:$AP,'Detail Cabang-By Payment Type'!$C6,DB!$AT:$AT,"ALDA",DB!$AR:$AR,'Detail Cabang-By Payment Type'!$L$1,DB!$AD:$AD,'Detail Cabang-By Payment Type'!E$4) -> 0 | F6: =SUM(D6:E6) -> 0
B7: 01. Jabodetabekser | C7: DEPOK | D7: =SUMIFS(DB!$AC:$AC,DB!$AP:$AP,'Detail Cabang-By Payment Type'!$C7,DB!$AT:$AT,"ALDA",DB!$AR:$AR,'Detail Cabang-By Payment Type'!$L$1,DB!$AD:$AD,'Detail Cabang-By Payment Type'!D$4) -> 0 | E7: =SUMIFS(DB!$AC:$AC,DB!$AP:$AP,'Detail Cabang-By Payment Type'!$C7,DB!$AT:$AT,"ALDA",DB!$AR:$AR,'Detail Cabang-By Payment Type'!$L$1,DB!$AD:$AD,'Detail Cabang-By Payment Type'!E$4) -> 0 | F7: =SUM(D7:E7) -> 0
B8: 01. Jabodetabekser | C8: DEWI SARTIKA | D8: =SUMIFS(DB!$AC:$AC,DB!$AP:$AP,'Detail Cabang-By Payment Type'!$C8,DB!$AT:$AT,"ALDA",DB!$AR:$AR,'Detail Cabang-By Payment Type'!$L$1,DB!$AD:$AD,'Detail Cabang-By Payment Type'!D$4) -> 0 | E8: =SUMIFS(DB!$AC:$AC,DB!$AP:$AP,'Detail Cabang-By Payment Type'!$C8,DB!$AT:$AT,"ALDA",DB!$AR:$AR,'Detail Cabang-By Payment Type'!$L$1,DB!$AD:$AD,'Detail Cabang-By Payment Type'!E$4) -> 16025 | F8: =SUM(D8:E8) -> 16025
B9: 01. Jabodetabekser | C9: KEDOYA | D9: =SUMIFS(DB!$AC:$AC,DB!$AP:$AP,'Detail Cabang-By Payment Type'!$C9,DB!$AT:$AT,"ALDA",DB!$AR:$AR,'Detail Cabang-By Payment Type'!$L$1,DB!$AD:$AD,'Detail Cabang-By Payment Type'!D$4) -> 0 | E9: =SUMIFS(DB!$AC:$AC,DB!$AP:$AP,'Detail Cabang-By Payment Type'!$C9,DB!$AT:$AT,"ALDA",DB!$AR:$AR,'Detail Cabang-By Payment Type'!$L$1,DB!$AD:$AD,'Detail Cabang-By Payment Type'!E$4) -> 0 | F9: =SUM(D9:E9) -> 0
B10: 01. Jabodetabekser | C10: SERANG | D10: =SUMIFS(DB!$AC:$AC,DB!$AP:$AP,'Detail Cabang-By Payment Type'!$C10,DB!$AT:$AT,"ALDA",DB!$AR:$AR,'Detail Cabang-By Payment Type'!$L$1,DB!$AD:$AD,'Detail Cabang-By Payment Type'!D$4) -> 0 | E10: =SUMIFS(DB!$AC:$AC,DB!$AP:$AP,'Detail Cabang-By Payment Type'!$C10,DB!$AT:$AT,"ALDA",DB!$AR:$AR,'Detail Cabang-By Payment Type'!$L$1,DB!$AD:$AD,'Detail Cabang-By Payment Type'!E$4) -> 2555580 | F10: =SUM(D10:E10) -> 2555580
B11: 01. Jabodetabekser | C11: SUNTER | D11: =SUMIFS(DB!$AC:$AC,DB!$AP:$AP,'Detail Cabang-By Payment Type'!$C11,DB!$AT:$AT,"ALDA",DB!$AR:$AR,'Detail Cabang-By Payment Type'!$L$1,DB!$AD:$AD,'Detail Cabang-By Payment Type'!D$4) -> 0 | E11: =SUMIFS(DB!$AC:$AC,DB!$AP:$AP,'Detail Cabang-By Payment Type'!$C11,DB!$AT:$AT,"ALDA",DB!$AR:$AR,'Detail Cabang-By Payment Type'!$L$1,DB!$AD:$AD,'Detail Cabang-By Payment Type'!E$4) -> 0 | F11: =SUM(D11:E11) -> 0
B12: 01. Jabodetabekser | C12: TANGERANG | D12: =SUMIFS(DB!$AC:$AC,DB!$AP:$AP,'Detail Cabang-By Payment Type'!$C12,DB!$AT:$AT,"ALDA",DB!$AR:$AR,'Detail Cabang-By Payment Type'!$L$1,DB!$AD:$AD,'Detail Cabang-By Payment Type'!D$4) -> 0 | E12: =SUMIFS(DB!$AC:$AC,DB!$AP:$AP,'Detail Cabang-By Payment Type'!$C12,DB!$AT:$AT,"ALDA",DB!$AR:$AR,'Detail Cabang-By Payment Type'!$L$1,DB!$AD:$AD,'Detail Cabang-By Payment Type'!E$4) -> 0 | F12: =SUM(D12:E12) -> 0
B13: 02. Jawa Barat | C13: BANDUNG | D13: =SUMIFS(DB!$AC:$AC,DB!$AP:$AP,'Detail Cabang-By Payment Type'!$C13,DB!$AT:$AT,"ALDA",DB!$AR:$AR,'Detail Cabang-By Payment Type'!$L$1,DB!$AD:$AD,'Detail Cabang-By Payment Type'!D$4) -> 0 | E13: =SUMIFS(DB!$AC:$AC,DB!$AP:$AP,'Detail Cabang-By Payment Type'!$C13,DB!$AT:$AT,"ALDA",DB!$AR:$AR,'Detail Cabang-By Payment Type'!$L$1,DB!$AD:$AD,'Detail Cabang-By Payment Type'!E$4) -> 0 | F13: =SUM(D13:E13) -> 0
B14: 02. Jawa Barat | C14: CIREBON | D14: =SUMIFS(DB!$AC:$AC,DB!$AP:$AP,'Detail Cabang-By Payment Type'!$C14,DB!$AT:$AT,"ALDA",DB!$AR:$AR,'Detail Cabang-By Payment Type'!$L$1,DB!$AD:$AD,'Detail Cabang-By Payment Type'!D$4) -> 0 | E14: =SUMIFS(DB!$AC:$AC,DB!$AP:$AP,'Detail Cabang-By Payment Type'!$C14,DB!$AT:$AT,"ALDA",DB!$AR:$AR,'Detail Cabang-By Payment Type'!$L$1,DB!$AD:$AD,'Detail Cabang-By Payment Type'!E$4) -> 0 | F14: =SUM(D14:E14) -> 0
B15: 02. Jawa Barat | C15: KARAWANG | D15: =SUMIFS(DB!$AC:$AC,DB!$AP:$AP,'Detail Cabang-By Payment Type'!$C15,DB!$AT:$AT,"ALDA",DB!$AR:$AR,'Detail Cabang-By Payment Type'!$L$1,DB!$AD:$AD,'Detail Cabang-By Payment Type'!D$4) -> 0 | E15: =SUMIFS(DB!$AC:$AC,DB!$AP:$AP,'Detail Cabang-By Payment Type'!$C15,DB!$AT:$AT,"ALDA",DB!$AR:$AR,'Detail Cabang-By Payment Type'!$L$1,DB!$AD:$AD,'Detail Cabang-By Payment Type'!E$4) -> 0 | F15: =SUM(D15:E15) -> 0
B16: 03. Jawa Tengah | C16: KUDUS | D16: =SUMIFS(DB!$AC:$AC,DB!$AP:$AP,'Detail Cabang-By Payment Type'!$C16,DB!$AT:$AT,"ALDA",DB!$AR:$AR,'Detail Cabang-By Payment Type'!$L$1,DB!$AD:$AD,'Detail Cabang-By Payment Type'!D$4) -> 0 | E16: =SUMIFS(DB!$AC:$AC,DB!$AP:$AP,'Detail Cabang-By Payment Type'!$C16,DB!$AT:$AT,"ALDA",DB!$AR:$AR,'Detail Cabang-By Payment Type'!$L$1,DB!$AD:$AD,'Detail Cabang-By Payment Type'!E$4) -> 0 | F16: =SUM(D16:E16) -> 0
... B49: 09. IBT | C49: MATARAM | D49: =SUMIFS(DB!$AC:$AC,DB!$AP:$AP,'Detail Cabang-By Payment Type'!$C49,DB!$AT:$AT,"ALDA",DB!$AR:$AR,'Detail Cabang-By Payment Type'!$L$1,DB!$AD:$AD,'Detail Cabang-By Payment Type'!D$4) -> 0 | E49: =SUMIFS(DB!$AC:$AC,DB!$AP:$AP,'Detail Cabang-By Payment Type'!$C49,DB!$AT:$AT,"ALDA",DB!$AR:$AR,'Detail Cabang-By Payment Type'!$L$1,DB!$AD:$AD,'Detail Cabang-By Payment Type'!E$4) -> 0 | F49: =SUM(D49:E49) -> 0
C50: 01. Jabodetabekser | D50: =SUMIFS(D$5:D$49,$B$5:$B$49,$C50) -> 0 | E50: =SUMIFS(E$5:E$49,$B$5:$B$49,$C50) -> 2571605 | F50: =SUMIFS(F$5:F$49,$B$5:$B$49,$C50) -> 2571605
C51: 02. Jawa Barat | D51: =SUMIFS(D$5:D$49,$B$5:$B$49,$C51) -> 0 | E51: =SUMIFS(E$5:E$49,$B$5:$B$49,$C51) -> 0 | F51: =SUMIFS(F$5:F$49,$B$5:$B$49,$C51) -> 0
C52: 03. Jawa Tengah | D52: =SUMIFS(D$5:D$49,$B$5:$B$49,$C52) -> 0 | E52: =SUMIFS(E$5:E$49,$B$5:$B$49,$C52) -> 3580 | F52: =SUMIFS(F$5:F$49,$B$5:$B$49,$C52) -> 3580
C53: 04. Jawa Timur | D53: =SUMIFS(D$5:D$49,$B$5:$B$49,$C53) -> 898200 | E53: =SUMIFS(E$5:E$49,$B$5:$B$49,$C53) -> 89400 | F53: =SUMIFS(F$5:F$49,$B$5:$B$49,$C53) -> 987600
C54: 05. Kalimantan | D54: =SUMIFS(D$5:D$49,$B$5:$B$49,$C54) -> 3363875 | E54: =SUMIFS(E$5:E$49,$B$5:$B$49,$C54) -> 4481958 | F54: =SUMIFS(F$5:F$49,$B$5:$B$49,$C54) -> 7845833
C55: 06. Sulawesi | D55: =SUMIFS(D$5:D$49,$B$5:$B$49,$C55) -> 0 | E55: =SUMIFS(E$5:E$49,$B$5:$B$49,$C55) -> 6744780 | F55: =SUMIFS(F$5:F$49,$B$5:$B$49,$C55) -> 6744780
C56: 07. Sumbagsel | D56: =SUMIFS(D$5:D$49,$B$5:$B$49,$C56) -> 0 | E56: =SUMIFS(E$5:E$49,$B$5:$B$49,$C56) -> 21000 | F56: =SUMIFS(F$5:F$49,$B$5:$B$49,$C56) -> 21000
C57: 08. Sumbaguteng | D57: =SUMIFS(D$5:D$49,$B$5:$B$49,$C57) -> 0 | E57: =SUMIFS(E$5:E$49,$B$5:$B$49,$C57) -> 50000 | F57: =SUMIFS(F$5:F$49,$B$5:$B$49,$C57) -> 50000
C58: 09. IBT | D58: =SUMIFS(D$5:D$49,$B$5:$B$49,$C58) -> 0 | E58: =SUMIFS(E$5:E$49,$B$5:$B$49,$C58) -> 0 | F58: =SUMIFS(F$5:F$49,$B$5:$B$49,$C58) -> 0
C59: Nasional | D59: =SUM(D50:D58) -> 4262075 | E59: =SUM(E50:E58) -> 13962323 | F59: =SUM(F50:F58) -> 18224398

Sheet Detail Cab By Tgl
B1: ='Summary-New'!B1 -> Summary Penerimaan Denda Alda Periode June 2026
B2: =TODAY()-1 -> 46177
B3: 10 | C3: July | D3: 2025 | E3: 25-11
C4: Portfolio | D4: AREA | E4: DAILY DENDA AKTIF | AJ4: TOTAL DENDA AKTIF
E5: 1 | F5: 2 | G5: 3 | H5: 4 | I5: 5 | J5: 6 | K5: 7 | L5: 8 | M5: 9 | N5: 10 | O5: 11 | P5: 12 | Q5: 13 | R5: 14 | S5: 15 | T5: 16 | U5: 17 | V5: 18 | W5: 19 | X5: 20 | Y5: 21 | Z5: 22 | AA5: 23 | AB5: 24 | AC5: 25 | AD5: 26 | AE5: 27 | AF5: 28 | AG5: 29 | AH5: 30 | AI5: 31
B6: 4W | C6: 4W | D6: 01. Jabodetabekser | E6: =SUMIFS(E$30:E$119,$B$30:$B$119,$B6,$C$30:$C$119,$D6) -> 0 | F6: =SUMIFS(F$30:F$119,$B$30:$B$119,$B6,$C$30:$C$119,$D6) -> 2571605 | G6: =SUMIFS(G$30:G$119,$B$30:$B$119,$B6,$C$30:$C$119,$D6) -> 0 | H6: =SUMIFS(H$30:H$119,$B$30:$B$119,$B6,$C$30:$C$119,$D6) -> 0 | I6: =SUMIFS(I$30:I$119,$B$30:$B$119,$B6,$C$30:$C$119,$D6) -> 0 | J6: =SUMIFS(J$30:J$119,$B$30:$B$119,$B6,$C$30:$C$119,$D6) -> 0 | K6: =SUMIFS(K$30:K$119,$B$30:$B$119,$B6,$C$30:$C$119,$D6) -> 0 | L6: =SUMIFS(L$30:L$119,$B$30:$B$119,$B6,$C$30:$C$119,$D6) -> 0 | ... AI6: =SUMIFS(AI$30:AI$119,$B$30:$B$119,$B6,$C$30:$C$119,$D6) -> 0 | AJ6: =SUM(E6:AI6) -> 2571605
B7: 4W | D7: 02. Jawa Barat | E7: =SUMIFS(E$30:E$119,$B$30:$B$119,$B7,$C$30:$C$119,$D7) -> 0 | F7: =SUMIFS(F$30:F$119,$B$30:$B$119,$B7,$C$30:$C$119,$D7) -> 0 | G7: =SUMIFS(G$30:G$119,$B$30:$B$119,$B7,$C$30:$C$119,$D7) -> 0 | H7: =SUMIFS(H$30:H$119,$B$30:$B$119,$B7,$C$30:$C$119,$D7) -> 0 | I7: =SUMIFS(I$30:I$119,$B$30:$B$119,$B7,$C$30:$C$119,$D7) -> 0 | J7: =SUMIFS(J$30:J$119,$B$30:$B$119,$B7,$C$30:$C$119,$D7) -> 0 | K7: =SUMIFS(K$30:K$119,$B$30:$B$119,$B7,$C$30:$C$119,$D7) -> 0 | L7: =SUMIFS(L$30:L$119,$B$30:$B$119,$B7,$C$30:$C$119,$D7) -> 0 | ... AI7: =SUMIFS(AI$30:AI$119,$B$30:$B$119,$B7,$C$30:$C$119,$D7) -> 0 | AJ7: =SUM(E7:AI7) -> 0
B8: 4W | D8: 03. Jawa Tengah | E8: =SUMIFS(E$30:E$119,$B$30:$B$119,$B8,$C$30:$C$119,$D8) -> 0 | F8: =SUMIFS(F$30:F$119,$B$30:$B$119,$B8,$C$30:$C$119,$D8) -> 0 | G8: =SUMIFS(G$30:G$119,$B$30:$B$119,$B8,$C$30:$C$119,$D8) -> 0 | H8: =SUMIFS(H$30:H$119,$B$30:$B$119,$B8,$C$30:$C$119,$D8) -> 0 | I8: =SUMIFS(I$30:I$119,$B$30:$B$119,$B8,$C$30:$C$119,$D8) -> 0 | J8: =SUMIFS(J$30:J$119,$B$30:$B$119,$B8,$C$30:$C$119,$D8) -> 0 | K8: =SUMIFS(K$30:K$119,$B$30:$B$119,$B8,$C$30:$C$119,$D8) -> 0 | L8: =SUMIFS(L$30:L$119,$B$30:$B$119,$B8,$C$30:$C$119,$D8) -> 0 | ... AI8: =SUMIFS(AI$30:AI$119,$B$30:$B$119,$B8,$C$30:$C$119,$D8) -> 0 | AJ8: =SUM(E8:AI8) -> 0
B9: 4W | D9: 04. Jawa Timur | E9: =SUMIFS(E$30:E$119,$B$30:$B$119,$B9,$C$30:$C$119,$D9) -> 0 | F9: =SUMIFS(F$30:F$119,$B$30:$B$119,$B9,$C$30:$C$119,$D9) -> 0 | G9: =SUMIFS(G$30:G$119,$B$30:$B$119,$B9,$C$30:$C$119,$D9) -> 709200 | H9: =SUMIFS(H$30:H$119,$B$30:$B$119,$B9,$C$30:$C$119,$D9) -> 0 | I9: =SUMIFS(I$30:I$119,$B$30:$B$119,$B9,$C$30:$C$119,$D9) -> 0 | J9: =SUMIFS(J$30:J$119,$B$30:$B$119,$B9,$C$30:$C$119,$D9) -> 0 | K9: =SUMIFS(K$30:K$119,$B$30:$B$119,$B9,$C$30:$C$119,$D9) -> 0 | L9: =SUMIFS(L$30:L$119,$B$30:$B$119,$B9,$C$30:$C$119,$D9) -> 0 | ... AI9: =SUMIFS(AI$30:AI$119,$B$30:$B$119,$B9,$C$30:$C$119,$D9) -> 0 | AJ9: =SUM(E9:AI9) -> 709200
B10: 4W | D10: 05. Kalimantan | E10: =SUMIFS(E$30:E$119,$B$30:$B$119,$B10,$C$30:$C$119,$D10) -> 1260992 | F10: =SUMIFS(F$30:F$119,$B$30:$B$119,$B10,$C$30:$C$119,$D10) -> 3363875 | G10: =SUMIFS(G$30:G$119,$B$30:$B$119,$B10,$C$30:$C$119,$D10) -> 2913966 | H10: =SUMIFS(H$30:H$119,$B$30:$B$119,$B10,$C$30:$C$119,$D10) -> 0 | I10: =SUMIFS(I$30:I$119,$B$30:$B$119,$B10,$C$30:$C$119,$D10) -> 0 | J10: =SUMIFS(J$30:J$119,$B$30:$B$119,$B10,$C$30:$C$119,$D10) -> 0 | K10: =SUMIFS(K$30:K$119,$B$30:$B$119,$B10,$C$30:$C$119,$D10) -> 0 | L10: =SUMIFS(L$30:L$119,$B$30:$B$119,$B10,$C$30:$C$119,$D10) -> 0 | ... AI10: =SUMIFS(AI$30:AI$119,$B$30:$B$119,$B10,$C$30:$C$119,$D10) -> 0 | AJ10: =SUM(E10:AI10) -> 7538833
B11: 4W | D11: 06. Sulawesi | E11: =SUMIFS(E$30:E$119,$B$30:$B$119,$B11,$C$30:$C$119,$D11) -> 0 | F11: =SUMIFS(F$30:F$119,$B$30:$B$119,$B11,$C$30:$C$119,$D11) -> 0 | G11: =SUMIFS(G$30:G$119,$B$30:$B$119,$B11,$C$30:$C$119,$D11) -> 5350000 | H11: =SUMIFS(H$30:H$119,$B$30:$B$119,$B11,$C$30:$C$119,$D11) -> 0 | I11: =SUMIFS(I$30:I$119,$B$30:$B$119,$B11,$C$30:$C$119,$D11) -> 0 | J11: =SUMIFS(J$30:J$119,$B$30:$B$119,$B11,$C$30:$C$119,$D11) -> 0 | K11: =SUMIFS(K$30:K$119,$B$30:$B$119,$B11,$C$30:$C$119,$D11) -> 0 | L11: =SUMIFS(L$30:L$119,$B$30:$B$119,$B11,$C$30:$C$119,$D11) -> 0 | ... AI11: =SUMIFS(AI$30:AI$119,$B$30:$B$119,$B11,$C$30:$C$119,$D11) -> 0 | AJ11: =SUM(E11:AI11) -> 5350000
B12: 4W | D12: 07. Sumbagsel | E12: =SUMIFS(E$30:E$119,$B$30:$B$119,$B12,$C$30:$C$119,$D12) -> 0 | F12: =SUMIFS(F$30:F$119,$B$30:$B$119,$B12,$C$30:$C$119,$D12) -> 21000 | G12: =SUMIFS(G$30:G$119,$B$30:$B$119,$B12,$C$30:$C$119,$D12) -> 0 | H12: =SUMIFS(H$30:H$119,$B$30:$B$119,$B12,$C$30:$C$119,$D12) -> 0 | I12: =SUMIFS(I$30:I$119,$B$30:$B$119,$B12,$C$30:$C$119,$D12) -> 0 | J12: =SUMIFS(J$30:J$119,$B$30:$B$119,$B12,$C$30:$C$119,$D12) -> 0 | K12: =SUMIFS(K$30:K$119,$B$30:$B$119,$B12,$C$30:$C$119,$D12) -> 0 | L12: =SUMIFS(L$30:L$119,$B$30:$B$119,$B12,$C$30:$C$119,$D12) -> 0 | ... AI12: =SUMIFS(AI$30:AI$119,$B$30:$B$119,$B12,$C$30:$C$119,$D12) -> 0 | AJ12: =SUM(E12:AI12) -> 21000
B13: 4W | D13: 08. Sumbaguteng | E13: =SUMIFS(E$30:E$119,$B$30:$B$119,$B13,$C$30:$C$119,$D13) -> 50000 | F13: =SUMIFS(F$30:F$119,$B$30:$B$119,$B13,$C$30:$C$119,$D13) -> 0 | G13: =SUMIFS(G$30:G$119,$B$30:$B$119,$B13,$C$30:$C$119,$D13) -> 0 | H13: =SUMIFS(H$30:H$119,$B$30:$B$119,$B13,$C$30:$C$119,$D13) -> 0 | I13: =SUMIFS(I$30:I$119,$B$30:$B$119,$B13,$C$30:$C$119,$D13) -> 0 | J13: =SUMIFS(J$30:J$119,$B$30:$B$119,$B13,$C$30:$C$119,$D13) -> 0 | K13: =SUMIFS(K$30:K$119,$B$30:$B$119,$B13,$C$30:$C$119,$D13) -> 0 | L13: =SUMIFS(L$30:L$119,$B$30:$B$119,$B13,$C$30:$C$119,$D13) -> 0 | ... AI13: =SUMIFS(AI$30:AI$119,$B$30:$B$119,$B13,$C$30:$C$119,$D13) -> 0 | AJ13: =SUM(E13:AI13) -> 50000
B14: 4W | D14: 09. IBT | E14: =SUMIFS(E$30:E$119,$B$30:$B$119,$B14,$C$30:$C$119,$D14) -> 0 | F14: =SUMIFS(F$30:F$119,$B$30:$B$119,$B14,$C$30:$C$119,$D14) -> 0 | G14: =SUMIFS(G$30:G$119,$B$30:$B$119,$B14,$C$30:$C$119,$D14) -> 0 | H14: =SUMIFS(H$30:H$119,$B$30:$B$119,$B14,$C$30:$C$119,$D14) -> 0 | I14: =SUMIFS(I$30:I$119,$B$30:$B$119,$B14,$C$30:$C$119,$D14) -> 0 | J14: =SUMIFS(J$30:J$119,$B$30:$B$119,$B14,$C$30:$C$119,$D14) -> 0 | K14: =SUMIFS(K$30:K$119,$B$30:$B$119,$B14,$C$30:$C$119,$D14) -> 0 | L14: =SUMIFS(L$30:L$119,$B$30:$B$119,$B14,$C$30:$C$119,$D14) -> 0 | ... AI14: =SUMIFS(AI$30:AI$119,$B$30:$B$119,$B14,$C$30:$C$119,$D14) -> 0 | AJ14: =SUM(E14:AI14) -> 0
B15: 4W | D15: 4W Nasional | E15: =SUM(E6:E14) -> 1310992 | F15: =SUM(F6:F14) -> 5956480 | G15: =SUM(G6:G14) -> 8973166 | H15: =SUM(H6:H14) -> 0 | I15: =SUM(I6:I14) -> 0 | J15: =SUM(J6:J14) -> 0 | K15: =SUM(K6:K14) -> 0 | L15: =SUM(L6:L14) -> 0 | ... AI15: =SUM(AI6:AI14) -> 0 | AJ15: =SUM(E15:AI15) -> 16240638
B16: 2W | C16: 2W | D16: 01. Jabodetabekser | E16: =SUMIFS(E$30:E$119,$B$30:$B$119,$B16,$C$30:$C$119,$D16) -> 0 | F16: =SUMIFS(F$30:F$119,$B$30:$B$119,$B16,$C$30:$C$119,$D16) -> 0 | G16: =SUMIFS(G$30:G$119,$B$30:$B$119,$B16,$C$30:$C$119,$D16) -> 0 | H16: =SUMIFS(H$30:H$119,$B$30:$B$119,$B16,$C$30:$C$119,$D16) -> 0 | I16: =SUMIFS(I$30:I$119,$B$30:$B$119,$B16,$C$30:$C$119,$D16) -> 0 | J16: =SUMIFS(J$30:J$119,$B$30:$B$119,$B16,$C$30:$C$119,$D16) -> 0 | K16: =SUMIFS(K$30:K$119,$B$30:$B$119,$B16,$C$30:$C$119,$D16) -> 0 | L16: =SUMIFS(L$30:L$119,$B$30:$B$119,$B16,$C$30:$C$119,$D16) -> 0 | ... AI16: =SUMIFS(AI$30:AI$119,$B$30:$B$119,$B16,$C$30:$C$119,$D16) -> 0 | AJ16: =SUM(E16:AI16) -> 0
B17: 2W | D17: 02. Jawa Barat | E17: =SUMIFS(E$30:E$119,$B$30:$B$119,$B17,$C$30:$C$119,$D17) -> 0 | F17: =SUMIFS(F$30:F$119,$B$30:$B$119,$B17,$C$30:$C$119,$D17) -> 0 | G17: =SUMIFS(G$30:G$119,$B$30:$B$119,$B17,$C$30:$C$119,$D17) -> 0 | H17: =SUMIFS(H$30:H$119,$B$30:$B$119,$B17,$C$30:$C$119,$D17) -> 0 | I17: =SUMIFS(I$30:I$119,$B$30:$B$119,$B17,$C$30:$C$119,$D17) -> 0 | J17: =SUMIFS(J$30:J$119,$B$30:$B$119,$B17,$C$30:$C$119,$D17) -> 0 | K17: =SUMIFS(K$30:K$119,$B$30:$B$119,$B17,$C$30:$C$119,$D17) -> 0 | L17: =SUMIFS(L$30:L$119,$B$30:$B$119,$B17,$C$30:$C$119,$D17) -> 0 | ... AI17: =SUMIFS(AI$30:AI$119,$B$30:$B$119,$B17,$C$30:$C$119,$D17) -> 0 | AJ17: =SUM(E17:AI17) -> 0
B18: 2W | D18: 03. Jawa Tengah | E18: =SUMIFS(E$30:E$119,$B$30:$B$119,$B18,$C$30:$C$119,$D18) -> 0 | F18: =SUMIFS(F$30:F$119,$B$30:$B$119,$B18,$C$30:$C$119,$D18) -> 3580 | G18: =SUMIFS(G$30:G$119,$B$30:$B$119,$B18,$C$30:$C$119,$D18) -> 0 | H18: =SUMIFS(H$30:H$119,$B$30:$B$119,$B18,$C$30:$C$119,$D18) -> 0 | I18: =SUMIFS(I$30:I$119,$B$30:$B$119,$B18,$C$30:$C$119,$D18) -> 0 | J18: =SUMIFS(J$30:J$119,$B$30:$B$119,$B18,$C$30:$C$119,$D18) -> 0 | K18: =SUMIFS(K$30:K$119,$B$30:$B$119,$B18,$C$30:$C$119,$D18) -> 0 | L18: =SUMIFS(L$30:L$119,$B$30:$B$119,$B18,$C$30:$C$119,$D18) -> 0 | ... AI18: =SUMIFS(AI$30:AI$119,$B$30:$B$119,$B18,$C$30:$C$119,$D18) -> 0 | AJ18: =SUM(E18:AI18) -> 3580
B19: 2W | D19: 04. Jawa Timur | E19: =SUMIFS(E$30:E$119,$B$30:$B$119,$B19,$C$30:$C$119,$D19) -> 0 | F19: =SUMIFS(F$30:F$119,$B$30:$B$119,$B19,$C$30:$C$119,$D19) -> 278400 | G19: =SUMIFS(G$30:G$119,$B$30:$B$119,$B19,$C$30:$C$119,$D19) -> 0 | H19: =SUMIFS(H$30:H$119,$B$30:$B$119,$B19,$C$30:$C$119,$D19) -> 0 | I19: =SUMIFS(I$30:I$119,$B$30:$B$119,$B19,$C$30:$C$119,$D19) -> 0 | J19: =SUMIFS(J$30:J$119,$B$30:$B$119,$B19,$C$30:$C$119,$D19) -> 0 | K19: =SUMIFS(K$30:K$119,$B$30:$B$119,$B19,$C$30:$C$119,$D19) -> 0 | L19: =SUMIFS(L$30:L$119,$B$30:$B$119,$B19,$C$30:$C$119,$D19) -> 0 | ... AI19: =SUMIFS(AI$30:AI$119,$B$30:$B$119,$B19,$C$30:$C$119,$D19) -> 0 | AJ19: =SUM(E19:AI19) -> 278400
B20: 2W | D20: 05. Kalimantan | E20: =SUMIFS(E$30:E$119,$B$30:$B$119,$B20,$C$30:$C$119,$D20) -> 0 | F20: =SUMIFS(F$30:F$119,$B$30:$B$119,$B20,$C$30:$C$119,$D20) -> 0 | G20: =SUMIFS(G$30:G$119,$B$30:$B$119,$B20,$C$30:$C$119,$D20) -> 307000 | H20: =SUMIFS(H$30:H$119,$B$30:$B$119,$B20,$C$30:$C$119,$D20) -> 0 | I20: =SUMIFS(I$30:I$119,$B$30:$B$119,$B20,$C$30:$C$119,$D20) -> 0 | J20: =SUMIFS(J$30:J$119,$B$30:$B$119,$B20,$C$30:$C$119,$D20) -> 0 | K20: =SUMIFS(K$30:K$119,$B$30:$B$119,$B20,$C$30:$C$119,$D20) -> 0 | L20: =SUMIFS(L$30:L$119,$B$30:$B$119,$B20,$C$30:$C$119,$D20) -> 0 | ... AI20: =SUMIFS(AI$30:AI$119,$B$30:$B$119,$B20,$C$30:$C$119,$D20) -> 0 | AJ20: =SUM(E20:AI20) -> 307000
B21: 2W | D21: 06. Sulawesi | E21: =SUMIFS(E$30:E$119,$B$30:$B$119,$B21,$C$30:$C$119,$D21) -> 0 | F21: =SUMIFS(F$30:F$119,$B$30:$B$119,$B21,$C$30:$C$119,$D21) -> 0 | G21: =SUMIFS(G$30:G$119,$B$30:$B$119,$B21,$C$30:$C$119,$D21) -> 1394780 | H21: =SUMIFS(H$30:H$119,$B$30:$B$119,$B21,$C$30:$C$119,$D21) -> 0 | I21: =SUMIFS(I$30:I$119,$B$30:$B$119,$B21,$C$30:$C$119,$D21) -> 0 | J21: =SUMIFS(J$30:J$119,$B$30:$B$119,$B21,$C$30:$C$119,$D21) -> 0 | K21: =SUMIFS(K$30:K$119,$B$30:$B$119,$B21,$C$30:$C$119,$D21) -> 0 | L21: =SUMIFS(L$30:L$119,$B$30:$B$119,$B21,$C$30:$C$119,$D21) -> 0 | ... AI21: =SUMIFS(AI$30:AI$119,$B$30:$B$119,$B21,$C$30:$C$119,$D21) -> 0 | AJ21: =SUM(E21:AI21) -> 1394780
B22: 2W | D22: 07. Sumbagsel | E22: =SUMIFS(E$30:E$119,$B$30:$B$119,$B22,$C$30:$C$119,$D22) -> 0 | F22: =SUMIFS(F$30:F$119,$B$30:$B$119,$B22,$C$30:$C$119,$D22) -> 0 | G22: =SUMIFS(G$30:G$119,$B$30:$B$119,$B22,$C$30:$C$119,$D22) -> 0 | H22: =SUMIFS(H$30:H$119,$B$30:$B$119,$B22,$C$30:$C$119,$D22) -> 0 | I22: =SUMIFS(I$30:I$119,$B$30:$B$119,$B22,$C$30:$C$119,$D22) -> 0 | J22: =SUMIFS(J$30:J$119,$B$30:$B$119,$B22,$C$30:$C$119,$D22) -> 0 | K22: =SUMIFS(K$30:K$119,$B$30:$B$119,$B22,$C$30:$C$119,$D22) -> 0 | L22: =SUMIFS(L$30:L$119,$B$30:$B$119,$B22,$C$30:$C$119,$D22) -> 0 | ... AI22: =SUMIFS(AI$30:AI$119,$B$30:$B$119,$B22,$C$30:$C$119,$D22) -> 0 | AJ22: =SUM(E22:AI22) -> 0
B23: 2W | D23: 08. Sumbaguteng | E23: =SUMIFS(E$30:E$119,$B$30:$B$119,$B23,$C$30:$C$119,$D23) -> 0 | F23: =SUMIFS(F$30:F$119,$B$30:$B$119,$B23,$C$30:$C$119,$D23) -> 0 | G23: =SUMIFS(G$30:G$119,$B$30:$B$119,$B23,$C$30:$C$119,$D23) -> 0 | H23: =SUMIFS(H$30:H$119,$B$30:$B$119,$B23,$C$30:$C$119,$D23) -> 0 | I23: =SUMIFS(I$30:I$119,$B$30:$B$119,$B23,$C$30:$C$119,$D23) -> 0 | J23: =SUMIFS(J$30:J$119,$B$30:$B$119,$B23,$C$30:$C$119,$D23) -> 0 | K23: =SUMIFS(K$30:K$119,$B$30:$B$119,$B23,$C$30:$C$119,$D23) -> 0 | L23: =SUMIFS(L$30:L$119,$B$30:$B$119,$B23,$C$30:$C$119,$D23) -> 0 | ... AI23: =SUMIFS(AI$30:AI$119,$B$30:$B$119,$B23,$C$30:$C$119,$D23) -> 0 | AJ23: =SUM(E23:AI23) -> 0
B24: 2W | D24: 09. IBT | E24: =SUMIFS(E$30:E$119,$B$30:$B$119,$B24,$C$30:$C$119,$D24) -> 0 | F24: =SUMIFS(F$30:F$119,$B$30:$B$119,$B24,$C$30:$C$119,$D24) -> 0 | G24: =SUMIFS(G$30:G$119,$B$30:$B$119,$B24,$C$30:$C$119,$D24) -> 0 | H24: =SUMIFS(H$30:H$119,$B$30:$B$119,$B24,$C$30:$C$119,$D24) -> 0 | I24: =SUMIFS(I$30:I$119,$B$30:$B$119,$B24,$C$30:$C$119,$D24) -> 0 | J24: =SUMIFS(J$30:J$119,$B$30:$B$119,$B24,$C$30:$C$119,$D24) -> 0 | K24: =SUMIFS(K$30:K$119,$B$30:$B$119,$B24,$C$30:$C$119,$D24) -> 0 | L24: =SUMIFS(L$30:L$119,$B$30:$B$119,$B24,$C$30:$C$119,$D24) -> 0 | ... AI24: =SUMIFS(AI$30:AI$119,$B$30:$B$119,$B24,$C$30:$C$119,$D24) -> 0 | AJ24: =SUM(E24:AI24) -> 0
B25: 2W | D25: 2W Nasional | E25: =SUM(E16:E24) -> 0 | F25: =SUM(F16:F24) -> 281980 | G25: =SUM(G16:G24) -> 1701780 | H25: =SUM(H16:H24) -> 0 | I25: =SUM(I16:I24) -> 0 | J25: =SUM(J16:J24) -> 0 | K25: =SUM(K16:K24) -> 0 | L25: =SUM(L16:L24) -> 0 | ... AI25: =SUM(AI16:AI24) -> 0 | AJ25: =SUM(E25:AI25) -> 1983760
C26: All Whell Nasional | E26: =E15+E25 -> 1310992 | F26: =F15+F25 -> 6238460 | G26: =G15+G25 -> 10674946 | H26: =H15+H25 -> 0 | I26: =I15+I25 -> 0 | J26: =J15+J25 -> 0 | K26: =K15+K25 -> 0 | L26: =L15+L25 -> 0 | ... AI26: =AI15+AI25 -> 0 | AJ26: =SUM(E26:AI26) -> 18224398
C27: ALDA
B28: Portfolio | C28: AREA | D28: CABANG | E28: DAILY DENDA AKTIF | AJ28: TOTAL DENDA AKTIF
E29: 1 | F29: 2 | G29: 3 | H29: 4 | I29: 5 | J29: 6 | K29: 7 | L29: 8 | M29: 9 | N29: 10 | O29: 11 | P29: 12 | Q29: 13 | R29: 14 | S29: 15 | T29: 16 | U29: 17 | V29: 18 | W29: 19 | X29: 20 | Y29: 21 | Z29: 22 | AA29: 23 | AB29: 24 | AC29: 25 | AD29: 26 | AE29: 27 | AF29: 28 | AG29: 29 | AH29: 30 | AI29: 31
B30: 4W | C30: 01. Jabodetabekser | D30: BEKASI | E30: =SUMIFS(DB!$AC:$AC,DB!$E:$E,'Detail Cab By Tgl'!$B30,DB!$AP:$AP,'Detail Cab By Tgl'!$D30,DB!$AT:$AT,"ALDA",DB!$AQ:$AQ,'Detail Cab By Tgl'!E$29) -> 0 | F30: =SUMIFS(DB!$AC:$AC,DB!$E:$E,'Detail Cab By Tgl'!$B30,DB!$AP:$AP,'Detail Cab By Tgl'!$D30,DB!$AT:$AT,"ALDA",DB!$AQ:$AQ,'Detail Cab By Tgl'!F$29) -> 0 | G30: =SUMIFS(DB!$AC:$AC,DB!$E:$E,'Detail Cab By Tgl'!$B30,DB!$AP:$AP,'Detail Cab By Tgl'!$D30,DB!$AT:$AT,"ALDA",DB!$AQ:$AQ,'Detail Cab By Tgl'!G$29) -> 0 | H30: =SUMIFS(DB!$AC:$AC,DB!$E:$E,'Detail Cab By Tgl'!$B30,DB!$AP:$AP,'Detail Cab By Tgl'!$D30,DB!$AT:$AT,"ALDA",DB!$AQ:$AQ,'Detail Cab By Tgl'!H$29) -> 0 | I30: =SUMIFS(DB!$AC:$AC,DB!$E:$E,'Detail Cab By Tgl'!$B30,DB!$AP:$AP,'Detail Cab By Tgl'!$D30,DB!$AT:$AT,"ALDA",DB!$AQ:$AQ,'Detail Cab By Tgl'!I$29) -> 0 | J30: =SUMIFS(DB!$AC:$AC,DB!$E:$E,'Detail Cab By Tgl'!$B30,DB!$AP:$AP,'Detail Cab By Tgl'!$D30,DB!$AT:$AT,"ALDA",DB!$AQ:$AQ,'Detail Cab By Tgl'!J$29) -> 0 | K30: =SUMIFS(DB!$AC:$AC,DB!$E:$E,'Detail Cab By Tgl'!$B30,DB!$AP:$AP,'Detail Cab By Tgl'!$D30,DB!$AT:$AT,"ALDA",DB!$AQ:$AQ,'Detail Cab By Tgl'!K$29) -> 0 | L30: =SUMIFS(DB!$AC:$AC,DB!$E:$E,'Detail Cab By Tgl'!$B30,DB!$AP:$AP,'Detail Cab By Tgl'!$D30,DB!$AT:$AT,"ALDA",DB!$AQ:$AQ,'Detail Cab By Tgl'!L$29) -> 0 | ... AI30: =SUMIFS(DB!$AC:$AC,DB!$E:$E,'Detail Cab By Tgl'!$B30,DB!$AP:$AP,'Detail Cab By Tgl'!$D30,DB!$AT:$AT,"ALDA",DB!$AQ:$AQ,'Detail Cab By Tgl'!AI$29) -> 0 | AJ30: =SUM(E30:AI30) -> 0
B31: 4W | C31: 01. Jabodetabekser | D31: BOGOR | E31: =SUMIFS(DB!$AC:$AC,DB!$E:$E,'Detail Cab By Tgl'!$B31,DB!$AP:$AP,'Detail Cab By Tgl'!$D31,DB!$AT:$AT,"ALDA",DB!$AQ:$AQ,'Detail Cab By Tgl'!E$29) -> 0 | F31: =SUMIFS(DB!$AC:$AC,DB!$E:$E,'Detail Cab By Tgl'!$B31,DB!$AP:$AP,'Detail Cab By Tgl'!$D31,DB!$AT:$AT,"ALDA",DB!$AQ:$AQ,'Detail Cab By Tgl'!F$29) -> 0 | G31: =SUMIFS(DB!$AC:$AC,DB!$E:$E,'Detail Cab By Tgl'!$B31,DB!$AP:$AP,'Detail Cab By Tgl'!$D31,DB!$AT:$AT,"ALDA",DB!$AQ:$AQ,'Detail Cab By Tgl'!G$29) -> 0 | H31: =SUMIFS(DB!$AC:$AC,DB!$E:$E,'Detail Cab By Tgl'!$B31,DB!$AP:$AP,'Detail Cab By Tgl'!$D31,DB!$AT:$AT,"ALDA",DB!$AQ:$AQ,'Detail Cab By Tgl'!H$29) -> 0 | I31: =SUMIFS(DB!$AC:$AC,DB!$E:$E,'Detail Cab By Tgl'!$B31,DB!$AP:$AP,'Detail Cab By Tgl'!$D31,DB!$AT:$AT,"ALDA",DB!$AQ:$AQ,'Detail Cab By Tgl'!I$29) -> 0 | J31: =SUMIFS(DB!$AC:$AC,DB!$E:$E,'Detail Cab By Tgl'!$B31,DB!$AP:$AP,'Detail Cab By Tgl'!$D31,DB!$AT:$AT,"ALDA",DB!$AQ:$AQ,'Detail Cab By Tgl'!J$29) -> 0 | K31: =SUMIFS(DB!$AC:$AC,DB!$E:$E,'Detail Cab By Tgl'!$B31,DB!$AP:$AP,'Detail Cab By Tgl'!$D31,DB!$AT:$AT,"ALDA",DB!$AQ:$AQ,'Detail Cab By Tgl'!K$29) -> 0 | L31: =SUMIFS(DB!$AC:$AC,DB!$E:$E,'Detail Cab By Tgl'!$B31,DB!$AP:$AP,'Detail Cab By Tgl'!$D31,DB!$AT:$AT,"ALDA",DB!$AQ:$AQ,'Detail Cab By Tgl'!L$29) -> 0 | ... AI31: =SUMIFS(DB!$AC:$AC,DB!$E:$E,'Detail Cab By Tgl'!$B31,DB!$AP:$AP,'Detail Cab By Tgl'!$D31,DB!$AT:$AT,"ALDA",DB!$AQ:$AQ,'Detail Cab By Tgl'!AI$29) -> 0 | AJ31: =SUM(E31:AI31) -> 0
B32: 4W | C32: 01. Jabodetabekser | D32: DEPOK | E32: =SUMIFS(DB!$AC:$AC,DB!$E:$E,'Detail Cab By Tgl'!$B32,DB!$AP:$AP,'Detail Cab By Tgl'!$D32,DB!$AT:$AT,"ALDA",DB!$AQ:$AQ,'Detail Cab By Tgl'!E$29) -> 0 | F32: =SUMIFS(DB!$AC:$AC,DB!$E:$E,'Detail Cab By Tgl'!$B32,DB!$AP:$AP,'Detail Cab By Tgl'!$D32,DB!$AT:$AT,"ALDA",DB!$AQ:$AQ,'Detail Cab By Tgl'!F$29) -> 0 | G32: =SUMIFS(DB!$AC:$AC,DB!$E:$E,'Detail Cab By Tgl'!$B32,DB!$AP:$AP,'Detail Cab By Tgl'!$D32,DB!$AT:$AT,"ALDA",DB!$AQ:$AQ,'Detail Cab By Tgl'!G$29) -> 0 | H32: =SUMIFS(DB!$AC:$AC,DB!$E:$E,'Detail Cab By Tgl'!$B32,DB!$AP:$AP,'Detail Cab By Tgl'!$D32,DB!$AT:$AT,"ALDA",DB!$AQ:$AQ,'Detail Cab By Tgl'!H$29) -> 0 | I32: =SUMIFS(DB!$AC:$AC,DB!$E:$E,'Detail Cab By Tgl'!$B32,DB!$AP:$AP,'Detail Cab By Tgl'!$D32,DB!$AT:$AT,"ALDA",DB!$AQ:$AQ,'Detail Cab By Tgl'!I$29) -> 0 | J32: =SUMIFS(DB!$AC:$AC,DB!$E:$E,'Detail Cab By Tgl'!$B32,DB!$AP:$AP,'Detail Cab By Tgl'!$D32,DB!$AT:$AT,"ALDA",DB!$AQ:$AQ,'Detail Cab By Tgl'!J$29) -> 0 | K32: =SUMIFS(DB!$AC:$AC,DB!$E:$E,'Detail Cab By Tgl'!$B32,DB!$AP:$AP,'Detail Cab By Tgl'!$D32,DB!$AT:$AT,"ALDA",DB!$AQ:$AQ,'Detail Cab By Tgl'!K$29) -> 0 | L32: =SUMIFS(DB!$AC:$AC,DB!$E:$E,'Detail Cab By Tgl'!$B32,DB!$AP:$AP,'Detail Cab By Tgl'!$D32,DB!$AT:$AT,"ALDA",DB!$AQ:$AQ,'Detail Cab By Tgl'!L$29) -> 0 | ... AI32: =SUMIFS(DB!$AC:$AC,DB!$E:$E,'Detail Cab By Tgl'!$B32,DB!$AP:$AP,'Detail Cab By Tgl'!$D32,DB!$AT:$AT,"ALDA",DB!$AQ:$AQ,'Detail Cab By Tgl'!AI$29) -> 0 | AJ32: =SUM(E32:AI32) -> 0
B33: 4W | C33: 01. Jabodetabekser | D33: DEWI SARTIKA | E33: =SUMIFS(DB!$AC:$AC,DB!$E:$E,'Detail Cab By Tgl'!$B33,DB!$AP:$AP,'Detail Cab By Tgl'!$D33,DB!$AT:$AT,"ALDA",DB!$AQ:$AQ,'Detail Cab By Tgl'!E$29) -> 0 | F33: =SUMIFS(DB!$AC:$AC,DB!$E:$E,'Detail Cab By Tgl'!$B33,DB!$AP:$AP,'Detail Cab By Tgl'!$D33,DB!$AT:$AT,"ALDA",DB!$AQ:$AQ,'Detail Cab By Tgl'!F$29) -> 16025 | G33: =SUMIFS(DB!$AC:$AC,DB!$E:$E,'Detail Cab By Tgl'!$B33,DB!$AP:$AP,'Detail Cab By Tgl'!$D33,DB!$AT:$AT,"ALDA",DB!$AQ:$AQ,'Detail Cab By Tgl'!G$29) -> 0 | H33: =SUMIFS(DB!$AC:$AC,DB!$E:$E,'Detail Cab By Tgl'!$B33,DB!$AP:$AP,'Detail Cab By Tgl'!$D33,DB!$AT:$AT,"ALDA",DB!$AQ:$AQ,'Detail Cab By Tgl'!H$29) -> 0 | I33: =SUMIFS(DB!$AC:$AC,DB!$E:$E,'Detail Cab By Tgl'!$B33,DB!$AP:$AP,'Detail Cab By Tgl'!$D33,DB!$AT:$AT,"ALDA",DB!$AQ:$AQ,'Detail Cab By Tgl'!I$29) -> 0 | J33: =SUMIFS(DB!$AC:$AC,DB!$E:$E,'Detail Cab By Tgl'!$B33,DB!$AP:$AP,'Detail Cab By Tgl'!$D33,DB!$AT:$AT,"ALDA",DB!$AQ:$AQ,'Detail Cab By Tgl'!J$29) -> 0 | K33: =SUMIFS(DB!$AC:$AC,DB!$E:$E,'Detail Cab By Tgl'!$B33,DB!$AP:$AP,'Detail Cab By Tgl'!$D33,DB!$AT:$AT,"ALDA",DB!$AQ:$AQ,'Detail Cab By Tgl'!K$29) -> 0 | L33: =SUMIFS(DB!$AC:$AC,DB!$E:$E,'Detail Cab By Tgl'!$B33,DB!$AP:$AP,'Detail Cab By Tgl'!$D33,DB!$AT:$AT,"ALDA",DB!$AQ:$AQ,'Detail Cab By Tgl'!L$29) -> 0 | ... AI33: =SUMIFS(DB!$AC:$AC,DB!$E:$E,'Detail Cab By Tgl'!$B33,DB!$AP:$AP,'Detail Cab By Tgl'!$D33,DB!$AT:$AT,"ALDA",DB!$AQ:$AQ,'Detail Cab By Tgl'!AI$29) -> 0 | AJ33: =SUM(E33:AI33) -> 16025
